Season,Player,Age,Team,Lg,Pos,G,MP,FG,FGA,FG%,3P,3PA,3P%,2P,2PA,2P%,FT,FTA,FT%,ORB,DRB,TRB,AST,STL,BLK,TOV,PF,PTS,id_joueur,PER,TS%,WS,WS/48,BPM,VORP,Absence_Reason,Season_start,Team_code,annee_signature,Type de contrat,Dur√©e (ans),Montant total ($M),Salaire moyen ($M/an),Age_signature,Apres_Contrat,PIS
2012-13,Anthony Davis,19,NOP Pelicans,NBA,PF,64.0,28.8,5.5,10.6,0.516,0.0,0.1,0.0,5.5,10.5,0.521,2.6,3.5,0.751,2.6,5.6,8.2,1.0,1.2,1.8,1.4,2.5,13.5,ANTHONY DAVIS_NOH_2012-13,21.7,0.559,6.1,0.159,2.5,2.1,,2012,NOP,2020,Max,5,190.0,38.0,27,0,-0.2
2013-14,Anthony Davis,20,NOP Pelicans,NBA,PF,67.0,35.2,7.8,15.0,0.519,0.0,0.1,0.222,7.8,14.9,0.522,5.2,6.6,0.791,3.1,7.0,10.0,1.6,1.3,2.8,1.6,3.0,20.8,ANTHONY DAVIS_NOP_2013-14,26.5,0.582,10.4,0.212,4.8,4.0,,2013,NOP,2020,Max,5,190.0,38.0,27,0,0.57
2014-15,Anthony Davis,21,NOP Pelicans,NBA,PF,68.0,36.1,9.4,17.6,0.535,0.0,0.2,0.083,9.4,17.5,0.54,5.5,6.8,0.805,2.5,7.7,10.2,2.2,1.5,2.9,1.4,2.1,24.4,ANTHONY DAVIS_NOP_2014-15,30.8,0.591,14.0,0.274,8.9,6.7,,2014,NOP,2020,Max,5,190.0,38.0,27,0,1.47
2015-16,Anthony Davis,22,NOP Pelicans,NBA,C,61.0,35.5,9.2,18.6,0.493,0.6,1.8,0.324,8.6,16.9,0.511,5.3,7.0,0.758,2.1,8.1,10.3,1.9,1.3,2.0,2.0,2.4,24.3,ANTHONY DAVIS_NOP_2015-16,25.0,0.559,7.2,0.16,3.9,3.2,,2015,NOP,2020,Max,5,190.0,38.0,27,0,0.07
2016-17,Anthony Davis,23,NOP Pelicans,NBA,C,75.0,36.1,10.3,20.3,0.505,0.5,1.8,0.299,9.7,18.6,0.524,6.9,8.6,0.802,2.3,9.5,11.8,2.1,1.3,2.2,2.4,2.2,28.0,ANTHONY DAVIS_NOP_2016-17,27.5,0.58,11.0,0.195,5.9,5.4,,2016,NOP,2020,Max,5,190.0,38.0,27,0,0.54
2017-18,Anthony Davis,24,NOP Pelicans,NBA,PF,75.0,36.4,10.4,19.5,0.534,0.7,2.2,0.34,9.7,17.3,0.558,6.6,8.0,0.828,2.5,8.6,11.1,2.3,1.5,2.6,2.2,2.1,28.1,ANTHONY DAVIS_NOP_2017-18,28.9,0.612,13.7,0.241,6.7,5.9,,2017,NOP,2020,Max,5,190.0,38.0,27,0,1.18
2018-19,Anthony Davis,25,NOP Pelicans,NBA,C,56.0,33.0,9.5,18.3,0.517,0.9,2.6,0.331,8.6,15.7,0.547,6.1,7.7,0.794,3.1,8.9,12.0,3.9,1.6,2.4,2.0,2.4,25.9,ANTHONY DAVIS_NOP_2018-19,30.3,0.597,9.5,0.247,9.4,5.3,,2018,NOP,2020,Max,5,190.0,38.0,27,0,1.26
2019-20,Anthony Davis,26,LAL Lakers,NBA,PF,62.0,34.4,8.9,17.7,0.503,1.2,3.5,0.33,7.7,14.2,0.546,7.2,8.5,0.846,2.3,7.0,9.3,3.2,1.5,2.3,2.5,2.5,26.1,ANTHONY DAVIS_LAL_2019-20,27.4,0.61,11.1,0.25,8.0,5.4,,2019,LAL,2020,Max,5,190.0,38.0,27,0,1.15
2020-21,Anthony Davis,27,LAL Lakers,NBA,PF,36.0,32.3,8.4,17.0,0.491,0.7,2.8,0.26,7.6,14.3,0.536,4.4,5.9,0.738,1.7,6.2,7.9,3.1,1.3,1.6,2.1,1.7,21.8,ANTHONY DAVIS_LAL_2020-21,22.1,0.556,3.7,0.152,4.8,2.0,,2020,LAL,2020,Max,5,190.0,38.0,27,1,-0.35
2021-22,Anthony Davis,28,LAL Lakers,NBA,C,40.0,35.1,9.3,17.4,0.532,0.3,1.8,0.186,8.9,15.6,0.571,4.4,6.1,0.713,2.7,7.2,9.9,3.1,1.2,2.3,2.1,2.4,23.2,ANTHONY DAVIS_LAL_2021-22,23.9,0.578,4.5,0.155,3.8,2.0,,2021,LAL,2020,Max,5,190.0,38.0,27,1,-0.09
2022-23,Anthony Davis,29,LAL Lakers,NBA,C,56.0,34.0,9.7,17.2,0.563,0.3,1.3,0.257,9.3,15.9,0.589,6.2,7.9,0.784,3.5,9.1,12.5,2.6,1.1,2.0,2.2,2.6,25.9,ANTHONY DAVIS_LAL_2022-23,27.8,0.627,9.0,0.226,6.3,4.0,,2022,LAL,2020,Max,5,190.0,38.0,27,1,0.83
2023-24,Anthony Davis,30,LAL Lakers,NBA,C,76.0,35.5,9.4,16.9,0.556,0.4,1.4,0.271,9.0,15.5,0.582,5.5,6.8,0.816,3.1,9.5,12.6,3.5,1.2,2.3,2.1,2.3,24.7,ANTHONY DAVIS_LAL_2023-24,25.8,0.621,11.8,0.21,5.1,4.9,,2023,LAL,2020,Max,5,190.0,38.0,27,1,0.77
2024-25,Anthony Davis,31,LAL Lakers/DAL Mavericks,NBA,PF,51.0,33.5,9.2,17.8,0.516,0.7,2.4,0.282,8.5,15.4,0.553,5.6,7.2,0.775,2.6,8.9,11.6,3.5,1.2,2.2,2.2,1.9,24.7,ANTHONY DAVIS_2TM_2024-25,26.3,0.588,6.7,0.188,5.4,3.2,,2024,2TM,2020,Max,5,190.0,38.0,27,1,0.76
2012-13,Bradley Beal,19,WAS Wizards,NBA,SG,56.0,31.2,5.0,12.3,0.41,1.6,4.2,0.386,3.4,8.1,0.424,2.2,2.8,0.786,0.8,3.0,3.8,2.4,0.9,0.5,1.6,2.0,13.9,BRADLEY BEAL_WAS_2012-13,13.6,0.515,3.0,0.082,0.2,1.0,,2012,WAS,2022,Supermax,5,251.0,50.2,29,0,-1.43
2013-14,Bradley Beal,20,WAS Wizards,NBA,SG,73.0,34.7,6.6,15.7,0.419,1.9,4.7,0.402,4.7,11.0,0.426,2.0,2.6,0.788,0.7,3.0,3.7,3.3,1.0,0.2,1.8,2.1,17.1,BRADLEY BEAL_WAS_2013-14,14.3,0.507,4.0,0.076,-0.4,1.0,,2013,WAS,2022,Supermax,5,251.0,50.2,29,0,-1.43
2014-15,Bradley Beal,21,WAS Wizards,NBA,SG,63.0,33.4,5.8,13.5,0.427,1.7,4.1,0.409,4.1,9.4,0.434,2.1,2.6,0.783,0.9,2.9,3.8,3.1,1.2,0.3,2.0,2.2,15.3,BRADLEY BEAL_WAS_2014-15,14.0,0.521,3.7,0.085,0.1,1.1,,2014,WAS,2022,Supermax,5,251.0,50.2,29,0,-1.53
2015-16,Bradley Beal,22,WAS Wizards,NBA,SG,55.0,31.1,6.5,14.5,0.449,1.9,4.9,0.387,4.6,9.6,0.481,2.5,3.2,0.767,0.7,2.7,3.4,2.9,1.0,0.2,2.0,2.1,17.4,BRADLEY BEAL_WAS_2015-16,15.5,0.547,2.7,0.076,0.3,1.0,,2015,WAS,2022,Supermax,5,251.0,50.2,29,0,-1.5
2016-17,Bradley Beal,23,WAS Wizards,NBA,SG,77.0,34.9,8.3,17.2,0.482,2.9,7.2,0.404,5.4,10.0,0.538,3.7,4.4,0.825,0.7,2.4,3.1,3.5,1.1,0.3,2.0,2.2,23.1,BRADLEY BEAL_WAS_2016-17,20.1,0.604,8.5,0.152,3.3,3.5,,2016,WAS,2022,Supermax,5,251.0,50.2,29,0,-0.69
2017-18,Bradley Beal,24,WAS Wizards,NBA,SG,82.0,36.3,8.3,18.1,0.46,2.4,6.5,0.375,5.9,11.6,0.507,3.6,4.5,0.791,0.7,3.7,4.4,4.5,1.2,0.4,2.6,2.0,22.6,BRADLEY BEAL_WAS_2017-18,18.4,0.564,6.9,0.111,2.2,3.1,,2017,WAS,2022,Supermax,5,251.0,50.2,29,0,-0.83
2018-19,Bradley Beal,25,WAS Wizards,NBA,SG,82.0,36.9,9.3,19.6,0.475,2.5,7.3,0.351,6.8,12.4,0.548,4.4,5.5,0.808,1.1,3.9,5.0,5.5,1.5,0.7,2.7,2.8,25.6,BRADLEY BEAL_WAS_2018-19,20.8,0.581,7.6,0.12,2.9,3.7,,2018,WAS,2022,Supermax,5,251.0,50.2,29,0,-0.49
2019-20,Bradley Beal,26,WAS Wizards,NBA,SG,57.0,36.0,10.4,22.9,0.455,3.0,8.4,0.353,7.4,14.4,0.515,6.8,8.0,0.842,0.9,3.3,4.2,6.1,1.2,0.4,3.4,2.2,30.5,BRADLEY BEAL_WAS_2019-20,23.2,0.579,5.1,0.118,2.9,2.5,,2019,WAS,2022,Supermax,5,251.0,50.2,29,0,-0.38
2020-21,Bradley Beal,27,WAS Wizards,NBA,SG,60.0,35.8,11.2,23.0,0.485,2.2,6.2,0.349,9.0,16.8,0.535,6.8,7.7,0.889,1.2,3.5,4.7,4.4,1.2,0.4,3.1,2.3,31.3,BRADLEY BEAL_WAS_2020-21,22.7,0.593,5.9,0.132,3.4,2.9,,2020,WAS,2022,Supermax,5,251.0,50.2,29,0,-0.19
2021-22,Bradley Beal,28,WAS Wizards,NBA,SG,40.0,36.0,8.7,19.3,0.451,1.6,5.3,0.3,7.1,14.0,0.508,4.2,5.1,0.833,1.0,3.8,4.7,6.6,0.9,0.4,3.4,2.4,23.2,BRADLEY BEAL_WAS_2021-22,17.5,0.539,1.4,0.046,0.8,1.0,,2021,WAS,2022,Supermax,5,251.0,50.2,29,0,-1.22
2022-23,Bradley Beal,29,WAS Wizards,NBA,SG,50.0,33.5,8.9,17.6,0.506,1.6,4.4,0.365,7.3,13.2,0.552,3.8,4.6,0.842,0.8,3.1,3.9,5.4,0.9,0.7,2.9,2.1,23.2,BRADLEY BEAL_WAS_2022-23,19.7,0.593,3.4,0.099,1.8,1.6,,2022,WAS,2022,Supermax,5,251.0,50.2,29,1,-0.72
2023-24,Bradley Beal,30,PHX Suns,NBA,SG,53.0,33.3,7.1,13.9,0.513,1.9,4.4,0.43,5.2,9.4,0.552,2.1,2.5,0.813,1.0,3.4,4.4,5.0,1.0,0.5,2.5,2.4,18.2,BRADLEY BEAL_PHO_2023-24,16.3,0.607,3.9,0.107,0.4,1.1,,2023,PHX,2022,Supermax,5,251.0,50.2,29,1,-1.22
2024-25,Bradley Beal,31,PHX Suns,NBA,SG,53.0,32.1,6.5,13.1,0.497,1.9,5.0,0.386,4.6,8.1,0.565,2.1,2.6,0.803,0.6,2.7,3.3,3.7,1.1,0.5,1.9,2.6,17.0,BRADLEY BEAL_PHO_2024-25,15.2,0.598,2.4,0.068,-1.1,0.4,,2024,PHX,2022,Supermax,5,251.0,50.2,29,1,-1.18
2005-06,Chris Paul,20,NOP Pelicans,NBA,PG,78.0,36.0,5.2,12.1,0.43,0.6,2.3,0.282,4.6,9.9,0.464,5.1,6.0,0.847,0.8,4.3,5.1,7.8,2.2,0.1,2.3,2.8,16.1,CHRIS PAUL_NOK_2005-06,22.1,0.546,10.4,0.178,5.2,5.1,,2005,NOP,2018,Max,4,160.0,40.0,33,0,-1.05
2006-07,Chris Paul,21,NOP Pelicans,NBA,PG,64.0,36.8,6.0,13.6,0.437,0.8,2.2,0.35,5.2,11.4,0.455,4.6,5.6,0.818,0.8,3.5,4.4,8.9,1.8,0.0,2.5,2.4,17.3,CHRIS PAUL_NOK_2006-07,22.0,0.537,8.8,0.179,5.0,4.2,,2006,NOP,2018,Max,4,160.0,40.0,33,0,-1.05
2007-08,Chris Paul,22,NOP Pelicans,NBA,PG,80.0,37.6,7.9,16.1,0.488,1.2,3.1,0.369,6.7,13.0,0.516,4.2,4.9,0.851,0.8,3.2,4.0,11.6,2.7,0.1,2.5,2.3,21.1,CHRIS PAUL_NOH_2007-08,28.3,0.576,17.8,0.284,10.4,9.3,,2007,NOP,2018,Max,4,160.0,40.0,33,0,1.04
2008-09,Chris Paul,23,NOP Pelicans,NBA,PG,78.0,38.5,8.1,16.1,0.503,0.8,2.3,0.364,7.3,13.8,0.525,5.8,6.7,0.868,0.9,4.7,5.5,11.0,2.8,0.1,3.0,2.7,22.8,CHRIS PAUL_NOH_2008-09,30.0,0.599,18.3,0.292,11.0,9.9,,2008,NOP,2018,Max,4,160.0,40.0,33,0,1.42
2009-10,Chris Paul,24,NOP Pelicans,NBA,PG,45.0,38.0,7.0,14.2,0.493,1.2,2.8,0.409,5.8,11.3,0.514,3.6,4.2,0.847,0.4,3.8,4.2,10.7,2.1,0.2,2.5,2.6,18.7,CHRIS PAUL_NOH_2009-10,23.7,0.584,7.3,0.204,6.2,3.5,,2009,NOP,2018,Max,4,160.0,40.0,33,0,0.43
2010-11,Chris Paul,25,NOP Pelicans,NBA,PG,80.0,36.0,5.4,11.6,0.463,0.9,2.3,0.388,4.5,9.3,0.482,4.2,4.8,0.878,0.5,3.6,4.1,9.8,2.4,0.1,2.2,2.5,15.9,CHRIS PAUL_NOH_2010-11,23.7,0.578,13.9,0.232,7.1,6.7,,2010,NOP,2018,Max,4,160.0,40.0,33,0,1.19
2011-12,Chris Paul,26,LAC Clippers,NBA,PG,60.0,36.4,7.1,14.8,0.478,1.3,3.6,0.371,5.8,11.3,0.511,4.3,5.0,0.861,0.7,2.9,3.6,9.1,2.5,0.1,2.1,2.3,19.8,CHRIS PAUL_LAC_2011-12,27.0,0.581,12.7,0.278,9.2,6.1,,2011,LAC,2018,Max,4,160.0,40.0,33,0,1.49
2012-13,Chris Paul,27,LAC Clippers,NBA,PG,70.0,33.4,5.9,12.2,0.481,1.1,3.3,0.328,4.8,8.9,0.538,4.1,4.6,0.885,0.8,3.0,3.7,9.7,2.4,0.1,2.3,2.0,16.9,CHRIS PAUL_LAC_2012-13,26.4,0.594,13.9,0.287,8.8,6.4,,2012,LAC,2018,Max,4,160.0,40.0,33,0,1.31
2013-14,Chris Paul,28,LAC Clippers,NBA,PG,62.0,35.0,6.5,14.0,0.467,1.3,3.4,0.368,5.3,10.6,0.498,4.8,5.6,0.855,0.6,3.7,4.3,10.7,2.5,0.1,2.3,2.5,19.1,CHRIS PAUL_LAC_2013-14,25.9,0.58,12.2,0.27,8.6,5.8,,2013,LAC,2018,Max,4,160.0,40.0,33,0,0.99
2014-15,Chris Paul,29,LAC Clippers,NBA,PG,82.0,34.8,6.9,14.3,0.485,1.7,4.3,0.398,5.2,10.0,0.523,3.5,3.9,0.9,0.6,4.0,4.6,10.2,1.9,0.2,2.3,2.5,19.1,CHRIS PAUL_LAC_2014-15,26.0,0.596,16.1,0.27,8.0,7.2,,2014,LAC,2018,Max,4,160.0,40.0,33,0,1.11
2015-16,Chris Paul,30,LAC Clippers,NBA,PG,74.0,32.7,7.0,15.1,0.462,1.6,4.4,0.371,5.3,10.6,0.501,4.0,4.4,0.896,0.5,3.7,4.2,10.0,2.1,0.2,2.6,2.5,19.5,CHRIS PAUL_LAC_2015-16,26.2,0.575,12.7,0.253,7.9,6.0,,2015,LAC,2018,Max,4,160.0,40.0,33,0,0.94
2016-17,Chris Paul,31,LAC Clippers,NBA,PG,61.0,31.5,6.1,12.9,0.476,2.0,5.0,0.411,4.1,7.9,0.518,3.8,4.3,0.892,0.7,4.3,5.0,9.2,2.0,0.1,2.4,2.4,18.1,CHRIS PAUL_LAC_2016-17,26.2,0.614,10.6,0.264,8.7,5.2,,2016,LAC,2018,Max,4,160.0,40.0,33,0,0.66
2017-18,Chris Paul,32,HOU Rockets,NBA,PG,58.0,31.8,6.3,13.8,0.46,2.5,6.5,0.38,3.8,7.2,0.532,3.5,3.8,0.919,0.6,4.8,5.4,7.9,1.7,0.2,2.2,2.4,18.6,CHRIS PAUL_HOU_2017-18,24.4,0.604,10.2,0.265,7.1,4.2,,2017,HOU,2018,Max,4,160.0,40.0,33,0,0.55
2018-19,Chris Paul,33,HOU Rockets,NBA,PG,58.0,32.0,5.2,12.4,0.419,2.2,6.1,0.358,3.0,6.3,0.479,3.0,3.5,0.862,0.6,3.9,4.6,8.2,2.0,0.3,2.6,2.5,15.6,CHRIS PAUL_HOU_2018-19,19.7,0.56,6.6,0.172,3.9,2.8,,2018,HOU,2018,Max,4,160.0,40.0,33,1,-0.52
2019-20,Chris Paul,34,OKC Thunder,NBA,PG,70.0,31.5,6.2,12.7,0.489,1.6,4.3,0.365,4.6,8.3,0.554,3.6,4.0,0.907,0.4,4.6,5.0,6.7,1.6,0.2,2.3,2.3,17.6,CHRIS PAUL_OKC_2019-20,21.7,0.61,8.9,0.193,4.4,3.5,,2019,OKC,2018,Max,4,160.0,40.0,33,1,-0.0
2020-21,Chris Paul,35,PHX Suns,NBA,PG,70.0,31.4,6.3,12.6,0.499,1.5,3.7,0.395,4.8,8.9,0.543,2.4,2.6,0.934,0.4,4.1,4.5,8.9,1.4,0.3,2.2,2.4,16.4,CHRIS PAUL_PHO_2020-21,21.4,0.599,9.2,0.201,4.6,3.6,,2020,PHX,2018,Max,4,160.0,40.0,33,1,0.07
2021-22,Chris Paul,36,PHX Suns,NBA,PG,65.0,32.9,5.6,11.3,0.493,1.0,3.1,0.317,4.6,8.3,0.559,2.6,3.1,0.837,0.3,4.0,4.4,10.8,1.9,0.3,2.4,2.1,14.7,CHRIS PAUL_PHO_2021-22,20.8,0.581,9.4,0.21,5.4,4.0,,2021,PHX,2018,Max,4,160.0,40.0,33,1,0.13
2022-23,Chris Paul,37,PHX Suns,NBA,PG,59.0,32.0,5.0,11.3,0.44,1.7,4.4,0.375,3.3,6.9,0.482,2.3,2.7,0.831,0.5,3.8,4.3,8.9,1.5,0.4,1.9,2.1,13.9,CHRIS PAUL_PHO_2022-23,17.7,0.555,6.2,0.156,3.2,2.5,,2022,PHX,2018,Max,4,160.0,40.0,33,1,-0.53
2023-24,Chris Paul,38,GSW Warriors,NBA,PG,58.0,26.4,3.6,8.1,0.441,1.3,3.6,0.371,2.2,4.4,0.498,0.7,0.9,0.827,0.3,3.6,3.9,6.8,1.2,0.1,1.3,1.9,9.2,CHRIS PAUL_GSW_2023-24,14.7,0.544,4.3,0.136,1.0,1.2,,2023,GSW,2018,Max,4,160.0,40.0,33,1,-1.21
2024-25,Chris Paul,39,SAS Spurs,NBA,PG,82.0,28.0,3.0,7.1,0.427,1.7,4.5,0.377,1.3,2.6,0.514,1.0,1.1,0.924,0.4,3.2,3.6,7.4,1.3,0.3,1.6,1.8,8.8,CHRIS PAUL_SAS_2024-25,14.7,0.58,5.7,0.12,0.8,1.6,,2024,SAS,2018,Max,4,160.0,40.0,33,1,-0.84
2012-13,Damian Lillard,22,POR Trail Blazers,NBA,PG,82.0,38.6,6.7,15.7,0.429,2.3,6.1,0.368,4.5,9.6,0.469,3.3,3.9,0.844,0.5,2.6,3.1,6.5,0.9,0.2,3.0,2.1,19.0,DAMIAN LILLARD_POR_2012-13,16.4,0.546,5.8,0.088,0.3,1.8,,2012,POR,2019,Supermax,4,176.0,44.0,29,0,-1.02
2013-14,Damian Lillard,23,POR Trail Blazers,NBA,PG,82.0,35.8,6.7,15.9,0.424,2.7,6.8,0.394,4.1,9.1,0.447,4.5,5.2,0.871,0.4,3.1,3.5,5.6,0.8,0.3,2.4,2.4,20.7,DAMIAN LILLARD_POR_2013-14,18.6,0.568,9.6,0.157,3.2,3.9,,2013,POR,2019,Supermax,4,176.0,44.0,29,0,-0.34
2014-15,Damian Lillard,24,POR Trail Blazers,NBA,PG,82.0,35.7,7.2,16.6,0.434,2.4,7.0,0.343,4.8,9.6,0.5,4.2,4.9,0.864,0.6,4.0,4.6,6.2,1.2,0.3,2.7,2.0,21.0,DAMIAN LILLARD_POR_2014-15,20.7,0.56,10.6,0.174,4.7,4.9,,2014,POR,2019,Supermax,4,176.0,44.0,29,0,-0.04
2015-16,Damian Lillard,25,POR Trail Blazers,NBA,PG,75.0,35.7,8.2,19.7,0.419,3.1,8.1,0.375,5.2,11.5,0.45,5.5,6.2,0.892,0.6,3.4,4.0,6.8,0.9,0.4,3.2,2.2,25.1,DAMIAN LILLARD_POR_2015-16,22.2,0.56,9.2,0.165,4.4,4.3,,2015,POR,2019,Supermax,4,176.0,44.0,29,0,-0.03
2016-17,Damian Lillard,26,POR Trail Blazers,NBA,PG,75.0,35.9,8.8,19.8,0.444,2.9,7.7,0.37,6.0,12.1,0.492,6.5,7.3,0.895,0.6,4.3,4.9,5.9,0.9,0.3,2.6,2.0,27.0,DAMIAN LILLARD_POR_2016-17,24.1,0.586,10.4,0.185,5.0,4.8,,2016,POR,2019,Supermax,4,176.0,44.0,29,0,0.06
2017-18,Damian Lillard,27,POR Trail Blazers,NBA,PG,73.0,36.6,8.5,19.4,0.439,3.1,8.6,0.361,5.4,10.8,0.501,6.8,7.4,0.916,0.8,3.6,4.5,6.6,1.1,0.4,2.8,1.6,26.9,DAMIAN LILLARD_POR_2017-18,25.2,0.594,12.6,0.227,7.2,6.3,,2017,POR,2019,Supermax,4,176.0,44.0,29,0,0.82
2018-19,Damian Lillard,28,POR Trail Blazers,NBA,PG,80.0,35.5,8.5,19.2,0.444,3.0,8.0,0.369,5.6,11.1,0.499,5.9,6.4,0.912,0.9,3.8,4.6,6.9,1.1,0.4,2.7,1.9,25.8,DAMIAN LILLARD_POR_2018-19,23.7,0.588,12.1,0.205,6.4,6.0,,2018,POR,2019,Supermax,4,176.0,44.0,29,0,0.53
2019-20,Damian Lillard,29,POR Trail Blazers,NBA,PG,66.0,37.5,9.5,20.4,0.463,4.1,10.2,0.401,5.4,10.2,0.524,7.0,7.8,0.888,0.5,3.8,4.3,8.0,1.1,0.3,2.9,1.7,30.0,DAMIAN LILLARD_POR_2019-20,26.9,0.627,11.6,0.225,7.5,5.9,,2019,POR,2019,Supermax,4,176.0,44.0,29,1,1.07
2020-21,Damian Lillard,30,POR Trail Blazers,NBA,PG,67.0,35.8,9.0,19.9,0.451,4.1,10.5,0.391,4.9,9.4,0.519,6.7,7.2,0.928,0.5,3.7,4.2,7.5,0.9,0.3,3.0,1.5,28.8,DAMIAN LILLARD_POR_2020-21,25.6,0.623,10.4,0.209,6.3,5.0,,2020,POR,2019,Supermax,4,176.0,44.0,29,1,0.78
2021-22,Damian Lillard,31,POR Trail Blazers,NBA,PG,29.0,36.4,7.7,19.0,0.402,3.2,9.8,0.324,4.5,9.2,0.485,5.5,6.2,0.878,0.4,3.7,4.1,7.3,0.6,0.4,2.9,1.3,24.0,DAMIAN LILLARD_POR_2021-22,18.5,0.55,1.7,0.079,1.3,0.9,,2021,POR,2019,Supermax,4,176.0,44.0,29,1,-1.02
2022-23,Damian Lillard,32,POR Trail Blazers,NBA,PG,58.0,36.3,9.6,20.7,0.463,4.2,11.3,0.371,5.4,9.4,0.574,8.8,9.6,0.914,0.8,4.0,4.8,7.3,0.9,0.3,3.3,1.9,32.2,DAMIAN LILLARD_POR_2022-23,26.7,0.645,9.0,0.205,7.1,4.9,,2022,POR,2019,Supermax,4,176.0,44.0,29,1,0.81
2023-24,Damian Lillard,33,MIL Bucks,NBA,PG,73.0,35.3,7.4,17.5,0.424,3.0,8.5,0.354,4.4,9.0,0.49,6.5,7.0,0.92,0.5,3.9,4.4,7.0,1.0,0.2,2.6,1.8,24.3,DAMIAN LILLARD_MIL_2023-24,19.6,0.59,7.7,0.143,2.1,2.7,,2023,MIL,2019,Supermax,4,176.0,44.0,29,1,-0.48
2024-25,Damian Lillard,34,MIL Bucks,NBA,PG,58.0,36.1,7.7,17.1,0.448,3.4,9.0,0.376,4.3,8.1,0.528,6.2,6.8,0.921,0.5,4.2,4.7,7.1,1.2,0.2,2.8,1.7,24.9,DAMIAN LILLARD_MIL_2024-25,21.3,0.621,7.6,0.175,4.0,3.2,,2024,MIL,2019,Supermax,4,176.0,44.0,29,1,0.24
2015-16,Devin Booker,19,PHX Suns,NBA,SG,76.0,27.7,4.8,11.4,0.423,1.3,3.8,0.343,3.5,7.6,0.464,2.8,3.4,0.84,0.4,2.1,2.5,2.6,0.6,0.3,2.1,3.0,13.8,DEVIN BOOKER_PHO_2015-16,11.9,0.535,1.9,0.043,-2.8,-0.5,,2015,PHX,2022,Supermax,4,224.0,56.0,26,0,-2.2
2016-17,Devin Booker,20,PHX Suns,NBA,SG,78.0,35.0,7.8,18.3,0.423,1.9,5.2,0.363,5.9,13.2,0.447,4.7,5.7,0.832,0.6,2.6,3.2,3.4,0.9,0.3,3.1,3.1,22.1,DEVIN BOOKER_PHO_2016-17,14.6,0.531,2.0,0.035,-1.9,0.1,,2016,PHX,2022,Supermax,4,224.0,56.0,26,0,-2.25
2017-18,Devin Booker,21,PHX Suns,NBA,SG,54.0,34.5,8.4,19.5,0.432,2.7,7.1,0.383,5.7,12.4,0.46,5.4,6.1,0.878,0.5,4.0,4.5,4.7,0.9,0.3,3.6,3.1,24.9,DEVIN BOOKER_PHO_2017-18,18.1,0.561,2.4,0.063,0.9,1.4,,2017,PHX,2022,Supermax,4,224.0,56.0,26,0,-1.33
2018-19,Devin Booker,22,PHX Suns,NBA,SG,64.0,35.0,9.2,19.6,0.467,2.1,6.5,0.326,7.0,13.1,0.536,6.1,7.1,0.866,0.6,3.5,4.1,6.8,0.9,0.2,4.1,3.1,26.6,DEVIN BOOKER_PHO_2018-19,20.2,0.584,3.5,0.076,1.0,1.7,,2018,PHX,2022,Supermax,4,224.0,56.0,26,0,-1.05
2019-20,Devin Booker,23,PHX Suns,NBA,SG,70.0,35.9,9.0,18.3,0.489,2.0,5.7,0.354,6.9,12.6,0.549,6.7,7.3,0.919,0.4,3.8,4.2,6.5,0.7,0.3,3.8,3.0,26.6,DEVIN BOOKER_PHO_2019-20,20.6,0.618,7.5,0.143,2.2,2.6,,2019,PHX,2022,Supermax,4,224.0,56.0,26,0,-0.49
2020-21,Devin Booker,24,PHX Suns,NBA,SG,67.0,33.9,9.3,19.2,0.484,1.9,5.5,0.34,7.4,13.7,0.543,5.1,5.9,0.867,0.5,3.7,4.2,4.3,0.8,0.2,3.1,2.7,25.6,DEVIN BOOKER_PHO_2020-21,19.2,0.587,4.9,0.104,0.3,1.3,,2020,PHX,2022,Supermax,4,224.0,56.0,26,0,-0.94
2021-22,Devin Booker,25,PHX Suns,NBA,SG,68.0,34.5,9.7,20.9,0.466,2.7,7.0,0.383,7.0,13.9,0.508,4.6,5.3,0.868,0.7,4.4,5.0,4.8,1.1,0.4,2.4,2.6,26.8,DEVIN BOOKER_PHO_2021-22,21.3,0.576,7.6,0.156,4.1,3.6,,2021,PHX,2022,Supermax,4,224.0,56.0,26,0,-0.08
2022-23,Devin Booker,26,PHX Suns,NBA,SG,53.0,34.6,9.9,20.1,0.494,2.1,6.0,0.351,7.8,14.2,0.554,5.8,6.8,0.855,0.9,3.7,4.5,5.5,1.0,0.3,2.7,3.0,27.8,DEVIN BOOKER_PHO_2022-23,22.0,0.601,6.0,0.157,4.2,2.9,,2022,PHX,2022,Supermax,4,224.0,56.0,26,1,-0.09
2023-24,Devin Booker,27,PHX Suns,NBA,PG,68.0,36.0,9.4,19.2,0.492,2.2,6.1,0.364,7.2,13.0,0.552,6.0,6.7,0.886,0.8,3.7,4.5,6.9,0.9,0.4,2.6,3.0,27.1,DEVIN BOOKER_PHO_2023-24,21.9,0.611,9.2,0.181,3.0,3.1,,2023,PHX,2022,Supermax,4,224.0,56.0,26,1,-0.02
2024-25,Devin Booker,28,PHX Suns,NBA,SG,75.0,37.3,8.7,18.9,0.461,2.4,7.3,0.332,6.3,11.6,0.542,5.8,6.4,0.894,1.0,3.1,4.1,7.1,0.9,0.2,2.9,2.6,25.6,DEVIN BOOKER_PHO_2024-25,19.3,0.589,6.4,0.111,0.4,1.7,,2024,PHX,2022,Supermax,4,224.0,56.0,26,1,-0.43
2013-14,Giannis Antetokounmpo,19,MIL Bucks,NBA,SF,77.0,24.6,2.2,5.4,0.414,0.5,1.5,0.347,1.7,3.9,0.44,1.8,2.6,0.683,1.0,3.4,4.4,1.9,0.8,0.8,1.6,2.2,6.8,GIANNIS ANTETOKOUNMPO_MIL_2013-14,10.8,0.518,1.2,0.031,-2.5,-0.2,,2013,MIL,2020,Supermax,5,228.2,45.64,26,0,-2.07
2014-15,Giannis Antetokounmpo,20,MIL Bucks,NBA,SG,81.0,31.4,4.7,9.6,0.491,0.1,0.5,0.159,4.6,9.1,0.511,3.2,4.3,0.741,1.2,5.5,6.7,2.6,0.9,1.0,2.1,3.1,12.7,GIANNIS ANTETOKOUNMPO_MIL_2014-15,14.8,0.552,6.2,0.117,0.0,1.2,,2014,MIL,2020,Supermax,5,228.2,45.64,26,0,-1.33
2015-16,Giannis Antetokounmpo,21,MIL Bucks,NBA,PG,80.0,35.3,6.4,12.7,0.506,0.4,1.4,0.257,6.1,11.3,0.537,3.7,5.1,0.724,1.4,6.2,7.7,4.3,1.2,1.4,2.6,3.2,16.9,GIANNIS ANTETOKOUNMPO_MIL_2015-16,18.8,0.566,7.1,0.121,2.1,2.9,,2015,MIL,2020,Supermax,5,228.2,45.64,26,0,-0.73
2016-17,Giannis Antetokounmpo,22,MIL Bucks,NBA,SF,80.0,35.6,8.2,15.7,0.521,0.6,2.3,0.272,7.6,13.5,0.563,5.9,7.7,0.77,1.8,7.0,8.8,5.4,1.6,1.9,2.9,3.1,22.9,GIANNIS ANTETOKOUNMPO_MIL_2016-17,26.1,0.599,12.4,0.21,7.3,6.7,,2016,MIL,2020,Supermax,5,228.2,45.64,26,0,0.66
2017-18,Giannis Antetokounmpo,23,MIL Bucks,NBA,PF,75.0,36.7,9.9,18.7,0.529,0.6,1.9,0.307,9.3,16.8,0.554,6.5,8.5,0.76,2.1,8.0,10.0,4.8,1.5,1.4,3.0,3.1,26.9,GIANNIS ANTETOKOUNMPO_MIL_2017-18,27.3,0.598,11.9,0.207,6.2,5.7,,2017,MIL,2020,Supermax,5,228.2,45.64,26,0,0.85
2018-19,Giannis Antetokounmpo,24,MIL Bucks,NBA,PF,72.0,32.8,10.0,17.3,0.578,0.7,2.8,0.256,9.3,14.5,0.641,6.9,9.5,0.729,2.2,10.3,12.5,5.9,1.3,1.5,3.7,3.2,27.7,GIANNIS ANTETOKOUNMPO_MIL_2018-19,30.9,0.644,14.4,0.292,10.4,7.4,,2018,MIL,2020,Supermax,5,228.2,45.64,26,0,1.84
2019-20,Giannis Antetokounmpo,25,MIL Bucks,NBA,PF,63.0,30.4,10.9,19.7,0.553,1.4,4.7,0.304,9.5,15.0,0.631,6.3,10.0,0.633,2.2,11.4,13.6,5.6,1.0,1.0,3.7,3.1,29.5,GIANNIS ANTETOKOUNMPO_MIL_2019-20,31.9,0.613,11.1,0.279,11.5,6.6,,2019,MIL,2020,Supermax,5,228.2,45.64,26,0,1.92
2020-21,Giannis Antetokounmpo,26,MIL Bucks,NBA,PF,61.0,33.0,10.3,18.0,0.569,1.1,3.6,0.303,9.2,14.4,0.636,6.5,9.5,0.685,1.6,9.4,11.0,5.9,1.2,1.2,3.4,2.8,28.1,GIANNIS ANTETOKOUNMPO_MIL_2020-21,29.2,0.633,10.2,0.244,9.0,5.6,,2020,MIL,2020,Supermax,5,228.2,45.64,26,1,1.37
2021-22,Giannis Antetokounmpo,27,MIL Bucks,NBA,PF,67.0,32.9,10.3,18.6,0.553,1.1,3.6,0.293,9.2,15.0,0.616,8.3,11.4,0.722,2.0,9.6,11.6,5.8,1.1,1.4,3.3,3.2,29.9,GIANNIS ANTETOKOUNMPO_MIL_2021-22,32.1,0.633,12.9,0.281,11.2,7.4,,2021,MIL,2020,Supermax,5,228.2,45.64,26,1,1.92
2022-23,Giannis Antetokounmpo,28,MIL Bucks,NBA,PF,63.0,32.1,11.2,20.3,0.553,0.7,2.7,0.275,10.5,17.6,0.596,7.9,12.3,0.645,2.2,9.6,11.8,5.7,0.8,0.8,3.9,3.1,31.1,GIANNIS ANTETOKOUNMPO_MIL_2022-23,29.0,0.605,8.6,0.204,8.5,5.4,,2022,MIL,2020,Supermax,5,228.2,45.64,26,1,1.09
2023-24,Giannis Antetokounmpo,29,MIL Bucks,NBA,PF,73.0,35.2,11.5,18.8,0.611,0.5,1.7,0.274,11.0,17.1,0.645,7.0,10.7,0.657,2.7,8.8,11.5,6.5,1.2,1.1,3.4,2.9,30.4,GIANNIS ANTETOKOUNMPO_MIL_2023-24,29.9,0.649,13.2,0.246,9.0,7.2,,2023,MIL,2020,Supermax,5,228.2,45.64,26,1,1.69
2024-25,Giannis Antetokounmpo,30,MIL Bucks,NBA,PF,67.0,34.2,11.8,19.7,0.601,0.2,0.9,0.222,11.6,18.7,0.62,6.5,10.6,0.617,2.2,9.7,11.9,6.5,0.9,1.2,3.1,2.3,30.4,GIANNIS ANTETOKOUNMPO_MIL_2024-25,30.5,0.625,11.5,0.241,9.5,6.6,,2024,MIL,2020,Supermax,5,228.2,45.64,26,1,1.88
2009-10,James Harden,20,OKC Thunder,NBA,SG,76.0,22.9,3.1,7.6,0.403,1.2,3.3,0.375,1.8,4.3,0.424,2.6,3.2,0.808,0.6,2.6,3.2,1.8,1.1,0.3,1.4,2.6,9.9,JAMES HARDEN_OKC_2009-10,14.0,0.551,4.5,0.124,0.5,1.1,,2009,OKC,2017,Supermax,4,170.0,42.5,28,0,-0.93
2010-11,James Harden,21,OKC Thunder,NBA,SG,82.0,26.7,3.6,8.3,0.436,1.4,4.0,0.349,2.3,4.4,0.514,3.5,4.2,0.843,0.5,2.6,3.1,2.1,1.1,0.3,1.3,2.5,12.2,JAMES HARDEN_OKC_2010-11,16.4,0.598,7.1,0.156,1.9,2.2,,2010,OKC,2017,Supermax,4,170.0,42.5,28,0,-0.58
2011-12,James Harden,22,OKC Thunder,NBA,SG,62.0,31.4,5.0,10.1,0.491,1.8,4.7,0.39,3.1,5.4,0.579,5.0,6.0,0.846,0.5,3.6,4.1,3.7,1.0,0.2,2.2,2.4,16.8,JAMES HARDEN_OKC_2011-12,21.1,0.66,9.3,0.23,4.3,3.1,,2011,OKC,2017,Supermax,4,170.0,42.5,28,0,0.26
2012-13,James Harden,23,HOU Rockets,NBA,SG,78.0,38.3,7.5,17.1,0.438,2.3,6.2,0.368,5.2,10.9,0.477,8.6,10.2,0.851,0.8,4.1,4.9,5.8,1.8,0.5,3.8,2.3,25.9,JAMES HARDEN_HOU_2012-13,22.9,0.6,12.8,0.206,5.6,5.8,,2012,HOU,2017,Supermax,4,170.0,42.5,28,0,0.59
2013-14,James Harden,24,HOU Rockets,NBA,SG,73.0,38.0,7.5,16.5,0.456,2.4,6.6,0.366,5.1,9.9,0.515,7.9,9.1,0.866,0.8,3.9,4.7,6.1,1.6,0.4,3.6,2.4,25.4,JAMES HARDEN_HOU_2013-14,23.5,0.618,12.8,0.221,5.6,5.3,,2013,HOU,2017,Supermax,4,170.0,42.5,28,0,0.53
2014-15,James Harden,25,HOU Rockets,NBA,SG,81.0,36.8,8.0,18.1,0.44,2.6,6.9,0.375,5.4,11.3,0.48,8.8,10.2,0.868,0.9,4.7,5.7,7.0,1.9,0.7,4.0,2.6,27.4,JAMES HARDEN_HOU_2014-15,26.7,0.605,16.4,0.265,8.8,8.1,,2014,HOU,2017,Supermax,4,170.0,42.5,28,0,1.3
2015-16,James Harden,26,HOU Rockets,NBA,SG,82.0,38.1,8.7,19.7,0.439,2.9,8.0,0.359,5.8,11.7,0.494,8.8,10.2,0.86,0.8,5.3,6.1,7.5,1.7,0.6,4.6,2.8,29.0,JAMES HARDEN_HOU_2015-16,25.3,0.598,13.3,0.204,6.6,6.8,,2015,HOU,2017,Supermax,4,170.0,42.5,28,0,0.78
2016-17,James Harden,27,HOU Rockets,NBA,PG,81.0,36.4,8.3,18.9,0.44,3.2,9.3,0.347,5.1,9.6,0.53,9.2,10.9,0.847,1.2,7.0,8.1,11.2,1.5,0.5,5.7,2.7,29.1,JAMES HARDEN_HOU_2016-17,27.4,0.613,15.0,0.245,8.7,8.0,,2016,HOU,2017,Supermax,4,170.0,42.5,28,0,1.13
2017-18,James Harden,28,HOU Rockets,NBA,SG,72.0,35.4,9.0,20.1,0.449,3.7,10.0,0.367,5.4,10.1,0.531,8.7,10.1,0.858,0.6,4.8,5.4,8.8,1.8,0.7,4.4,2.3,30.4,JAMES HARDEN_HOU_2017-18,29.8,0.619,15.4,0.289,9.9,7.7,,2017,HOU,2017,Supermax,4,170.0,42.5,28,1,1.76
2018-19,James Harden,29,HOU Rockets,NBA,PG,78.0,36.8,10.8,24.5,0.442,4.8,13.2,0.368,6.0,11.3,0.528,9.7,11.0,0.879,0.8,5.8,6.6,7.5,2.0,0.7,5.0,3.1,36.1,JAMES HARDEN_HOU_2018-19,30.6,0.616,15.2,0.254,11.0,9.3,,2018,HOU,2017,Supermax,4,170.0,42.5,28,1,1.95
2019-20,James Harden,30,HOU Rockets,NBA,SG,68.0,36.5,9.9,22.3,0.444,4.4,12.4,0.355,5.5,9.9,0.556,10.2,11.8,0.865,1.0,5.5,6.6,7.5,1.8,0.9,4.5,3.3,34.3,JAMES HARDEN_HOU_2019-20,29.1,0.626,13.1,0.254,9.6,7.3,,2019,HOU,2017,Supermax,4,170.0,42.5,28,1,1.67
2020-21,James Harden,31,HOU Rockets/BKN Nets,NBA,PG,44.0,36.6,7.8,16.7,0.466,2.8,7.6,0.362,5.0,9.1,0.553,6.3,7.3,0.861,0.8,7.1,7.9,10.8,1.2,0.8,4.0,2.3,24.6,JAMES HARDEN_2TM_2020-21,24.5,0.618,7.0,0.208,7.2,3.7,,2020,2TM,2017,Supermax,4,170.0,42.5,28,1,0.42
2021-22,James Harden,32,BKN Nets/PHI 76ers,NBA,PG,65.0,37.2,6.3,15.3,0.41,2.3,6.9,0.33,4.0,8.4,0.476,7.2,8.2,0.877,0.8,6.8,7.7,10.3,1.3,0.6,4.4,2.4,22.0,JAMES HARDEN_2TM_2021-22,20.9,0.583,7.6,0.152,4.0,3.7,,2021,2TM,2017,Supermax,4,170.0,42.5,28,1,-0.12
2022-23,James Harden,33,PHI 76ers,NBA,PG,58.0,36.8,6.4,14.5,0.441,2.8,7.2,0.385,3.6,7.3,0.495,5.4,6.2,0.867,0.7,5.4,6.1,10.7,1.2,0.5,3.4,1.9,21.0,JAMES HARDEN_PHI_2022-23,21.6,0.607,8.4,0.188,5.4,4.0,,2022,PHI,2017,Supermax,4,170.0,42.5,28,1,0.17
2023-24,James Harden,34,LAC Clippers,NBA,PG,72.0,34.3,4.9,11.4,0.428,2.6,6.8,0.381,2.3,4.6,0.497,4.2,4.8,0.878,0.5,4.7,5.1,8.5,1.1,0.8,2.6,1.8,16.6,JAMES HARDEN_LAC_2023-24,18.6,0.612,8.4,0.163,4.1,3.8,,2023,LAC,2017,Supermax,4,170.0,42.5,28,1,-0.3
2024-25,James Harden,35,LAC Clippers,NBA,PG,79.0,35.3,6.7,16.4,0.41,3.0,8.5,0.352,3.7,7.9,0.472,6.4,7.3,0.874,0.7,5.1,5.8,8.7,1.5,0.7,4.3,2.1,22.8,JAMES HARDEN_LAC_2024-25,20.0,0.582,8.3,0.143,4.3,4.4,,2024,LAC,2017,Supermax,4,170.0,42.5,28,1,0.17
2016-17,Jaylen Brown,20,BOS Celtics,NBA,SF,78.0,17.2,2.5,5.4,0.454,0.6,1.7,0.341,1.9,3.7,0.507,1.1,1.6,0.685,0.6,2.2,2.8,0.8,0.4,0.2,0.9,1.8,6.6,JAYLEN BROWN_BOS_2016-17,10.3,0.539,1.5,0.053,-3.7,-0.6,,2016,BOS,2023,Supermax,5,304.0,60.8,27,0,-2.72
2017-18,Jaylen Brown,21,BOS Celtics,NBA,SG,70.0,30.7,5.3,11.5,0.465,1.7,4.4,0.395,3.6,7.1,0.507,2.1,3.3,0.644,0.9,4.0,4.9,1.6,1.0,0.4,1.8,2.6,14.5,JAYLEN BROWN_BOS_2017-18,13.6,0.562,4.5,0.1,-0.5,0.8,,2017,BOS,2023,Supermax,5,304.0,60.8,27,0,-1.73
2018-19,Jaylen Brown,22,BOS Celtics,NBA,SG,74.0,25.9,5.0,10.7,0.465,1.3,3.7,0.344,3.7,7.0,0.529,1.8,2.7,0.658,0.9,3.4,4.2,1.4,0.9,0.4,1.3,2.5,13.0,JAYLEN BROWN_BOS_2018-19,13.5,0.547,3.0,0.076,-2.1,0.0,,2018,BOS,2023,Supermax,5,304.0,60.8,27,0,-2.0
2019-20,Jaylen Brown,23,BOS Celtics,NBA,SG,57.0,33.9,7.5,15.6,0.481,2.3,5.9,0.382,5.2,9.6,0.543,3.1,4.3,0.724,1.1,5.3,6.4,2.1,1.1,0.4,2.2,2.9,20.3,JAYLEN BROWN_BOS_2019-20,16.9,0.583,4.9,0.123,0.8,1.4,,2019,BOS,2023,Supermax,5,304.0,60.8,27,0,-1.15
2020-21,Jaylen Brown,24,BOS Celtics,NBA,SG,58.0,34.5,9.3,19.2,0.484,2.8,7.1,0.397,6.5,12.1,0.536,3.3,4.3,0.764,1.2,4.8,6.0,3.4,1.2,0.6,2.7,2.9,24.7,JAYLEN BROWN_BOS_2020-21,19.9,0.586,4.8,0.115,2.5,2.3,,2020,BOS,2023,Supermax,5,304.0,60.8,27,0,-0.64
2021-22,Jaylen Brown,25,BOS Celtics,NBA,SF,66.0,33.6,8.7,18.4,0.473,2.5,7.0,0.358,6.2,11.4,0.544,3.7,4.8,0.758,0.8,5.3,6.1,3.5,1.1,0.3,2.7,2.5,23.6,JAYLEN BROWN_BOS_2021-22,18.9,0.574,5.8,0.124,2.1,2.2,,2021,BOS,2023,Supermax,5,304.0,60.8,27,0,-0.63
2022-23,Jaylen Brown,26,BOS Celtics,NBA,SF,67.0,35.9,10.1,20.6,0.491,2.4,7.3,0.335,7.7,13.4,0.576,3.9,5.1,0.765,1.2,5.7,6.9,3.5,1.1,0.4,2.9,2.6,26.6,JAYLEN BROWN_BOS_2022-23,19.1,0.581,5.0,0.1,1.3,2.0,,2022,BOS,2023,Supermax,5,304.0,60.8,27,0,-0.7
2023-24,Jaylen Brown,27,BOS Celtics,NBA,SF,70.0,33.5,9.0,17.9,0.499,2.1,5.9,0.354,6.9,12.1,0.57,3.0,4.3,0.703,1.2,4.3,5.5,3.6,1.2,0.5,2.4,2.6,23.0,JAYLEN BROWN_BOS_2023-24,18.6,0.58,5.9,0.121,0.7,1.6,,2023,BOS,2023,Supermax,5,304.0,60.8,27,1,-0.86
2024-25,Jaylen Brown,28,BOS Celtics,NBA,SF,63.0,34.3,8.2,17.7,0.463,1.8,5.7,0.324,6.4,12.1,0.529,3.9,5.1,0.764,1.3,4.5,5.8,4.5,1.2,0.3,2.6,2.4,22.2,JAYLEN BROWN_BOS_2024-25,17.8,0.555,5.2,0.115,0.0,1.1,,2024,BOS,2023,Supermax,5,304.0,60.8,27,1,-0.65
2017-18,Jayson Tatum,19,BOS Celtics,NBA,SF,80.0,30.5,5.0,10.4,0.475,1.3,3.0,0.434,3.7,7.4,0.492,2.7,3.2,0.826,0.6,4.4,5.0,1.6,1.0,0.7,1.4,2.1,13.9,JAYSON TATUM_BOS_2017-18,15.2,0.586,7.1,0.139,1.2,2.0,,2017,BOS,2024,Supermax,5,314.0,62.8,26,0,-1.22
2018-19,Jayson Tatum,20,BOS Celtics,NBA,SF,79.0,31.1,5.9,13.1,0.45,1.5,3.9,0.373,4.4,9.2,0.483,2.5,2.9,0.855,0.9,5.2,6.0,2.1,1.1,0.7,1.5,2.1,15.7,JAYSON TATUM_BOS_2018-19,15.1,0.547,5.0,0.097,-0.2,1.1,,2018,BOS,2024,Supermax,5,314.0,62.8,26,0,-1.57
2019-20,Jayson Tatum,21,BOS Celtics,NBA,PF,66.0,34.3,8.4,18.6,0.45,2.9,7.1,0.403,5.5,11.5,0.48,3.8,4.7,0.812,1.0,6.0,7.0,3.0,1.4,0.9,2.3,2.1,23.4,JAYSON TATUM_BOS_2019-20,20.4,0.567,6.9,0.146,4.0,3.4,,2019,BOS,2024,Supermax,5,314.0,62.8,26,0,-0.36
2020-21,Jayson Tatum,22,BOS Celtics,NBA,SF,64.0,35.8,9.5,20.6,0.459,2.9,7.6,0.386,6.5,13.0,0.502,4.6,5.3,0.868,0.8,6.6,7.4,4.3,1.2,0.5,2.7,1.9,26.4,JAYSON TATUM_BOS_2020-21,21.3,0.576,6.5,0.137,3.9,3.4,,2020,BOS,2024,Supermax,5,314.0,62.8,26,0,-0.21
2021-22,Jayson Tatum,23,BOS Celtics,NBA,SF,76.0,35.9,9.3,20.6,0.453,3.0,8.6,0.353,6.3,12.0,0.524,5.3,6.2,0.853,1.1,6.9,8.0,4.4,1.0,0.6,2.9,2.3,26.9,JAYSON TATUM_BOS_2021-22,21.8,0.578,9.6,0.169,5.0,4.8,,2021,BOS,2024,Supermax,5,314.0,62.8,26,0,0.19
2022-23,Jayson Tatum,24,BOS Celtics,NBA,SF,74.0,36.9,9.8,21.1,0.466,3.2,9.3,0.35,6.6,11.8,0.558,7.2,8.4,0.854,1.1,7.7,8.8,4.6,1.1,0.7,2.9,2.2,30.1,JAYSON TATUM_BOS_2022-23,23.7,0.607,10.5,0.185,5.5,5.1,,2022,BOS,2024,Supermax,5,314.0,62.8,26,0,0.52
2023-24,Jayson Tatum,25,BOS Celtics,NBA,PF,74.0,35.7,9.1,19.3,0.471,3.1,8.2,0.376,6.0,11.0,0.542,5.6,6.7,0.833,0.9,7.2,8.1,4.9,1.0,0.6,2.5,2.0,26.9,JAYSON TATUM_BOS_2023-24,22.3,0.604,10.4,0.189,5.1,4.7,,2023,BOS,2024,Supermax,5,314.0,62.8,26,0,0.31
2024-25,Jayson Tatum,26,BOS Celtics,NBA,PF,72.0,36.4,9.2,20.3,0.452,3.5,10.1,0.343,5.7,10.2,0.559,5.0,6.1,0.814,0.7,8.0,8.7,6.0,1.1,0.5,2.9,2.2,26.8,JAYSON TATUM_BOS_2024-25,21.7,0.582,9.5,0.174,5.2,4.8,,2024,BOS,2024,Supermax,5,314.0,62.8,26,1,0.52
2011-12,Jimmy Butler,22,CHI Bulls,NBA,SG,42.0,8.5,0.8,1.9,0.405,0.0,0.3,0.182,0.7,1.6,0.441,1.0,1.3,0.768,0.5,0.8,1.3,0.3,0.3,0.1,0.3,0.5,2.6,JIMMY BUTLER_CHI_2011-12,12.5,0.526,1.1,0.144,-1.3,0.1,,2011,CHI,2015,Max,5,95.0,19.0,26,0,-1.35
2012-13,Jimmy Butler,23,CHI Bulls,NBA,SF,82.0,26.0,2.9,6.2,0.467,0.5,1.3,0.381,2.4,5.0,0.489,2.3,2.8,0.803,1.7,2.3,4.0,1.4,1.0,0.4,0.8,1.2,8.6,JIMMY BUTLER_CHI_2012-13,15.2,0.574,7.0,0.158,2.0,2.1,,2012,CHI,2015,Max,5,95.0,19.0,26,0,-0.85
2013-14,Jimmy Butler,24,CHI Bulls,NBA,SG,67.0,38.7,4.1,10.3,0.397,1.0,3.6,0.283,3.1,6.8,0.457,3.9,5.0,0.769,1.3,3.6,4.9,2.6,1.9,0.5,1.5,1.6,13.1,JIMMY BUTLER_CHI_2013-14,13.5,0.522,7.1,0.131,1.1,2.0,,2013,CHI,2015,Max,5,95.0,19.0,26,0,-1.15
2014-15,Jimmy Butler,25,CHI Bulls,NBA,SG,65.0,38.7,6.5,14.0,0.462,1.1,3.0,0.378,5.4,11.1,0.484,5.9,7.1,0.834,1.8,4.1,5.8,3.3,1.8,0.6,1.4,1.7,20.0,JIMMY BUTLER_CHI_2014-15,21.3,0.583,11.2,0.214,4.6,4.2,,2014,CHI,2015,Max,5,95.0,19.0,26,0,0.04
2015-16,Jimmy Butler,26,CHI Bulls,NBA,SG,67.0,36.9,7.0,15.4,0.454,1.0,3.1,0.312,6.1,12.4,0.489,5.9,7.1,0.832,1.2,4.2,5.3,4.8,1.6,0.6,2.0,1.9,20.9,JIMMY BUTLER_CHI_2015-16,21.3,0.562,9.1,0.177,4.4,3.9,,2015,CHI,2015,Max,5,95.0,19.0,26,1,-0.13
2016-17,Jimmy Butler,27,CHI Bulls,NBA,SF,76.0,37.0,7.5,16.5,0.455,1.2,3.3,0.367,6.3,13.2,0.477,7.7,8.9,0.865,1.7,4.5,6.2,5.5,1.9,0.4,2.1,1.5,23.9,JIMMY BUTLER_CHI_2016-17,25.1,0.586,13.8,0.236,7.3,6.6,,2016,CHI,2015,Max,5,95.0,19.0,26,1,0.65
2017-18,Jimmy Butler,28,MIN Timberwolves,NBA,SG,59.0,36.7,7.4,15.6,0.474,1.2,3.4,0.35,6.2,12.2,0.509,6.2,7.2,0.854,1.3,4.0,5.3,4.9,2.0,0.4,1.8,1.3,22.2,JIMMY BUTLER_MIN_2017-18,23.7,0.59,8.9,0.198,5.8,4.2,,2017,MIN,2015,Max,5,95.0,19.0,26,1,0.22
2018-19,Jimmy Butler,29,MIN Timberwolves/PHI 76ers,NBA,SG,65.0,33.6,6.4,13.9,0.462,1.0,3.0,0.347,5.4,10.9,0.494,4.8,5.6,0.855,1.9,3.4,5.3,4.0,1.9,0.6,1.5,1.7,18.7,JIMMY BUTLER_2TM_2018-19,20.2,0.571,7.9,0.173,3.7,3.2,,2018,2TM,2015,Max,5,95.0,19.0,26,1,-0.41
2019-20,Jimmy Butler,30,MIA Heat,NBA,SF,58.0,33.8,5.9,13.1,0.455,0.5,2.1,0.244,5.4,11.0,0.495,7.6,9.1,0.834,1.8,4.8,6.7,6.0,1.8,0.6,2.2,1.4,19.9,JIMMY BUTLER_MIA_2019-20,23.6,0.585,9.0,0.221,5.4,3.7,,2019,MIA,2015,Max,5,95.0,19.0,26,1,0.35
2020-21,Jimmy Butler,31,MIA Heat,NBA,SF,52.0,33.6,7.0,14.2,0.497,0.5,2.0,0.245,6.6,12.2,0.538,6.9,8.0,0.863,1.8,5.1,6.9,7.1,2.1,0.3,2.1,1.4,21.5,JIMMY BUTLER_MIA_2020-21,26.5,0.607,9.3,0.255,7.7,4.3,,2020,MIA,2015,Max,5,95.0,19.0,26,1,0.9
2021-22,Jimmy Butler,32,MIA Heat,NBA,SF,57.0,33.9,7.0,14.5,0.48,0.5,2.0,0.233,6.5,12.5,0.52,6.9,8.0,0.87,1.8,4.1,5.9,5.5,1.6,0.5,2.1,1.5,21.4,JIMMY BUTLER_MIA_2021-22,23.6,0.592,9.2,0.228,6.3,4.0,,2021,MIA,2015,Max,5,95.0,19.0,26,1,0.45
2022-23,Jimmy Butler,33,MIA Heat,NBA,PF,64.0,33.4,7.5,13.9,0.539,0.6,1.6,0.35,6.9,12.3,0.564,7.4,8.7,0.85,2.2,3.7,5.9,5.3,1.8,0.3,1.6,1.3,22.9,JIMMY BUTLER_MIA_2022-23,27.6,0.647,12.3,0.277,8.7,5.8,,2022,MIA,2015,Max,5,95.0,19.0,26,1,1.31
2023-24,Jimmy Butler,34,MIA Heat,NBA,PF,60.0,34.0,6.6,13.2,0.499,1.0,2.4,0.414,5.6,10.8,0.519,6.6,7.7,0.858,1.8,3.6,5.3,5.0,1.3,0.3,1.7,1.1,20.8,JIMMY BUTLER_MIA_2023-24,22.0,0.626,9.1,0.214,4.6,3.4,,2023,MIA,2015,Max,5,95.0,19.0,26,1,0.19
2024-25,Jimmy Butler,35,MIA Heat/GSW Warriors,NBA,SF,55.0,31.7,5.5,10.9,0.504,0.6,1.9,0.308,4.9,9.0,0.546,6.0,7.1,0.842,2.3,3.1,5.4,5.4,1.4,0.3,1.3,0.9,17.5,JIMMY BUTLER_2TM_2024-25,22.4,0.626,8.7,0.238,4.9,3.0,,2024,2TM,2015,Max,5,95.0,19.0,26,1,0.56
2014-15,Joel Embiid,20,PHI 76ers,NBA,C,,,,,,,,,,,,,,,,,,,,,,,,JOEL EMBIID_DID NOT PLAY - INJURY_2014-15,,,,,,,Injury,2014,PHI,2021,Supermax,4,196.0,49.0,27,0,
2015-16,Joel Embiid,21,PHI 76ers,NBA,C,,,,,,,,,,,,,,,,,,,,,,,,JOEL EMBIID_DID NOT PLAY - INJURY_2015-16,,,,,,,Injury,2015,PHI,2021,Supermax,4,196.0,49.0,27,0,
2016-17,Joel Embiid,22,PHI 76ers,NBA,C,31.0,25.4,6.5,13.8,0.466,1.2,3.2,0.367,5.3,10.7,0.495,6.2,7.9,0.783,2.0,5.9,7.8,2.1,0.9,2.5,3.8,3.6,20.2,JOEL EMBIID_PHI_2016-17,24.1,0.584,1.9,0.117,4.5,1.3,,2016,PHI,2021,Supermax,4,196.0,49.0,27,0,-0.75
2017-18,Joel Embiid,23,PHI 76ers,NBA,C,63.0,30.3,8.1,16.8,0.483,1.0,3.4,0.308,7.0,13.4,0.527,5.7,7.4,0.769,2.3,8.7,11.0,3.2,0.6,1.8,3.7,3.3,22.9,JOEL EMBIID_PHI_2017-18,22.9,0.573,6.2,0.155,3.3,2.6,,2017,PHI,2021,Supermax,4,196.0,49.0,27,0,-0.3
2018-19,Joel Embiid,24,PHI 76ers,NBA,C,64.0,33.7,9.1,18.7,0.484,1.2,4.1,0.3,7.8,14.6,0.535,8.2,10.1,0.804,2.5,11.1,13.6,3.7,0.7,1.9,3.5,3.3,27.5,JOEL EMBIID_PHI_2018-19,26.1,0.593,8.7,0.194,4.9,3.8,,2018,PHI,2021,Supermax,4,196.0,49.0,27,0,0.37
2019-20,Joel Embiid,25,PHI 76ers,NBA,C,51.0,29.5,7.5,15.7,0.477,1.1,3.4,0.331,6.4,12.3,0.517,6.9,8.5,0.807,2.8,8.9,11.6,3.0,0.9,1.3,3.1,3.4,23.0,JOEL EMBIID_PHI_2019-20,25.8,0.59,6.0,0.192,4.7,2.5,,2019,PHI,2021,Supermax,4,196.0,49.0,27,0,0.21
2020-21,Joel Embiid,26,PHI 76ers,NBA,C,51.0,31.1,9.0,17.6,0.513,1.1,3.0,0.377,7.9,14.6,0.541,9.2,10.7,0.859,2.2,8.4,10.6,2.8,1.0,1.4,3.1,2.4,28.5,JOEL EMBIID_PHI_2020-21,30.3,0.636,8.8,0.266,7.5,3.8,,2020,PHI,2021,Supermax,4,196.0,49.0,27,0,1.21
2021-22,Joel Embiid,27,PHI 76ers,NBA,C,68.0,33.8,9.8,19.6,0.499,1.4,3.7,0.371,8.4,15.9,0.529,9.6,11.8,0.814,2.1,9.6,11.7,4.2,1.1,1.5,3.1,2.7,30.6,JOEL EMBIID_PHI_2021-22,31.2,0.616,12.0,0.252,9.2,6.5,,2021,PHI,2021,Supermax,4,196.0,49.0,27,1,1.6
2022-23,Joel Embiid,28,PHI 76ers,NBA,C,66.0,34.6,11.0,20.1,0.548,1.0,3.0,0.33,10.0,17.1,0.587,10.0,11.7,0.857,1.7,8.4,10.2,4.2,1.0,1.7,3.4,3.1,33.1,JOEL EMBIID_PHI_2022-23,31.4,0.655,12.3,0.259,9.2,6.4,,2022,PHI,2021,Supermax,4,196.0,49.0,27,1,1.66
2023-24,Joel Embiid,29,PHI 76ers,NBA,C,39.0,33.6,11.5,21.8,0.529,1.4,3.6,0.388,10.2,18.3,0.556,10.2,11.6,0.883,2.4,8.6,11.0,5.6,1.2,1.7,3.8,2.9,34.7,JOEL EMBIID_PHI_2023-24,34.1,0.644,7.5,0.275,11.6,4.5,,2023,PHI,2021,Supermax,4,196.0,49.0,27,1,1.78
2024-25,Joel Embiid,30,PHI 76ers,NBA,C,19.0,30.2,7.4,16.6,0.444,1.2,4.1,0.299,6.2,12.5,0.492,7.8,8.9,0.882,1.9,6.3,8.2,4.5,0.7,0.9,3.3,2.2,23.8,JOEL EMBIID_PHI_2024-25,23.4,0.58,1.4,0.118,3.5,0.8,,2024,PHI,2021,Supermax,4,196.0,49.0,27,1,-0.16
2010-11,John Wall,20,WAS Wizards,NBA,PG,69.0,37.8,5.8,14.1,0.409,0.5,1.7,0.296,5.3,12.4,0.425,4.4,5.7,0.766,0.5,4.1,4.6,8.3,1.8,0.5,3.8,2.5,16.4,JOHN WALL_WAS_2010-11,15.8,0.494,2.2,0.041,-0.8,0.8,,2010,WAS,2017,Supermax,4,171.0,42.75,27,0,-1.36
2011-12,John Wall,21,WAS Wizards,NBA,PG,66.0,36.2,5.7,13.5,0.423,0.0,0.6,0.071,5.7,12.9,0.44,4.8,6.1,0.789,0.7,3.8,4.5,8.0,1.4,0.9,3.9,2.1,16.3,JOHN WALL_WAS_2011-12,17.7,0.502,3.5,0.071,0.7,1.6,,2011,WAS,2017,Supermax,4,171.0,42.75,27,0,-0.86
2012-13,John Wall,22,WAS Wizards,NBA,PG,49.0,32.7,6.6,15.0,0.441,0.2,0.9,0.267,6.4,14.1,0.452,5.0,6.2,0.804,0.7,3.3,4.0,7.6,1.3,0.8,3.2,2.4,18.5,JOHN WALL_WAS_2012-13,20.8,0.521,4.5,0.134,3.9,2.4,,2012,WAS,2017,Supermax,4,171.0,42.75,27,0,-0.34
2013-14,John Wall,23,WAS Wizards,NBA,PG,82.0,36.3,7.1,16.3,0.433,1.3,3.8,0.351,5.7,12.5,0.458,3.9,4.8,0.805,0.5,3.6,4.1,8.8,1.8,0.5,3.6,2.7,19.3,JOHN WALL_WAS_2013-14,19.5,0.524,7.9,0.128,2.7,3.6,,2013,WAS,2017,Supermax,4,171.0,42.75,27,0,-0.41
2014-15,John Wall,24,WAS Wizards,NBA,PG,79.0,35.9,6.6,14.8,0.445,0.8,2.7,0.3,5.7,12.0,0.478,3.6,4.6,0.785,0.5,4.2,4.6,10.0,1.7,0.6,3.8,2.3,17.6,JOHN WALL_WAS_2014-15,19.9,0.523,7.8,0.132,3.6,4.0,,2014,WAS,2017,Supermax,4,171.0,42.75,27,0,-0.4
2015-16,John Wall,25,WAS Wizards,NBA,PG,77.0,36.2,7.4,17.5,0.424,1.5,4.3,0.351,5.9,13.3,0.448,3.5,4.5,0.791,0.5,4.4,4.9,10.2,1.9,0.8,4.1,2.1,19.9,JOHN WALL_WAS_2015-16,19.8,0.51,5.7,0.098,3.5,3.9,,2015,WAS,2017,Supermax,4,171.0,42.75,27,0,-0.57
2016-17,John Wall,26,WAS Wizards,NBA,PG,78.0,36.4,8.3,18.4,0.451,1.1,3.5,0.327,7.2,14.9,0.48,5.4,6.8,0.801,0.8,3.4,4.2,10.7,2.0,0.6,4.1,1.9,23.1,JOHN WALL_WAS_2016-17,23.2,0.541,8.8,0.149,4.7,4.8,,2016,WAS,2017,Supermax,4,171.0,42.75,27,0,-0.18
2017-18,John Wall,27,WAS Wizards,NBA,PG,41.0,34.4,6.8,16.3,0.42,1.5,4.1,0.371,5.3,12.2,0.436,4.3,5.9,0.726,0.5,3.1,3.7,9.6,1.4,1.1,3.9,2.0,19.4,JOHN WALL_WAS_2017-18,19.1,0.515,2.7,0.092,3.0,1.8,,2017,WAS,2017,Supermax,4,171.0,42.75,27,1,-1.05
2018-19,John Wall,28,WAS Wizards,NBA,PG,32.0,34.5,7.7,17.3,0.444,1.6,5.3,0.302,6.1,12.0,0.507,3.8,5.5,0.697,0.5,3.2,3.6,8.7,1.5,0.9,3.8,2.2,20.7,JOHN WALL_WAS_2018-19,18.0,0.527,1.2,0.051,0.9,0.8,,2018,WAS,2017,Supermax,4,171.0,42.75,27,1,-1.52
2019-20,John Wall,29,WAS Wizards,NBA,PG,,,,,,,,,,,,,,,,,,,,,,,,JOHN WALL_DID NOT PLAY - INJURY_2019-20,,,,,,,Injury,2019,WAS,2017,Supermax,4,171.0,42.75,27,1,
2020-21,John Wall,30,HOU Rockets,NBA,PG,40.0,32.2,7.3,18.2,0.404,2.0,6.2,0.317,5.4,11.9,0.449,4.0,5.3,0.749,0.4,2.8,3.2,6.9,1.1,0.8,3.5,1.2,20.6,JOHN WALL_HOU_2020-21,15.4,0.503,-0.2,-0.007,-0.7,0.4,,2020,HOU,2017,Supermax,4,171.0,42.75,27,1,-1.89
2021-22,John Wall,31,HOU Rockets,NBA,PG,,,,,,,,,,,,,,,,,,,,,,,,JOHN WALL_DID NOT PLAY - SAT OUT_2021-22,,,,,,,Sat out,2021,HOU,2017,Supermax,4,171.0,42.75,27,1,
2022-23,John Wall,32,LAC Clippers,NBA,PG,34.0,22.2,4.1,9.9,0.408,1.0,3.2,0.303,3.1,6.7,0.459,2.3,3.3,0.681,0.4,2.3,2.7,5.2,0.8,0.4,2.4,1.7,11.4,JOHN WALL_LAC_2022-23,13.6,0.498,0.3,0.02,-1.2,0.1,,2022,LAC,2017,Supermax,4,171.0,42.75,27,1,-1.78
2015-16,Karl Anthony Towns,20,MIN Timberwolves,NBA,C,82.0,32.0,7.6,14.1,0.542,0.4,1.1,0.341,7.3,13.0,0.559,2.7,3.4,0.811,2.8,7.7,10.5,2.0,0.7,1.7,2.2,3.0,18.3,KARL ANTHONY TOWNS_MIN_2015-16,22.5,0.59,8.3,0.151,2.2,2.7,,2015,MIN,2022,Supermax,4,224.0,56.0,27,0,-0.28
2016-17,Karl Anthony Towns,21,MIN Timberwolves,NBA,C,82.0,37.0,9.8,18.0,0.542,1.2,3.4,0.367,8.5,14.7,0.582,4.3,5.2,0.832,3.6,8.7,12.3,2.7,0.7,1.3,2.6,2.9,25.1,KARL ANTHONY TOWNS_MIN_2016-17,25.9,0.618,12.7,0.201,4.7,5.2,,2016,MIN,2022,Supermax,4,224.0,56.0,27,0,0.37
2017-18,Karl Anthony Towns,22,MIN Timberwolves,NBA,C,82.0,35.6,7.8,14.3,0.545,1.5,3.5,0.421,6.3,10.8,0.585,4.2,4.9,0.858,2.9,9.4,12.3,2.4,0.8,1.4,1.9,3.5,21.3,KARL ANTHONY TOWNS_MIN_2017-18,24.9,0.646,14.0,0.23,5.1,5.2,,2017,MIN,2022,Supermax,4,224.0,56.0,27,0,0.63
2018-19,Karl Anthony Towns,23,MIN Timberwolves,NBA,C,77.0,33.1,8.8,17.1,0.518,1.8,4.6,0.4,7.0,12.5,0.562,4.9,5.8,0.836,3.4,9.0,12.4,3.4,0.9,1.6,3.1,3.8,24.4,KARL ANTHONY TOWNS_MIN_2018-19,26.3,0.622,10.4,0.197,6.0,5.1,,2018,MIN,2022,Supermax,4,224.0,56.0,27,0,0.61
2019-20,Karl Anthony Towns,24,MIN Timberwolves,NBA,C,35.0,33.9,9.0,17.8,0.508,3.3,7.9,0.412,5.8,9.9,0.586,5.1,6.5,0.796,2.7,8.1,10.8,4.4,0.9,1.2,3.1,3.3,26.5,KARL ANTHONY TOWNS_MIN_2019-20,26.5,0.642,5.1,0.204,7.8,2.9,,2019,MIN,2022,Supermax,4,224.0,56.0,27,0,0.4
2020-21,Karl Anthony Towns,25,MIN Timberwolves,NBA,C,50.0,33.8,8.5,17.5,0.486,2.4,6.3,0.387,6.1,11.2,0.541,5.3,6.2,0.859,2.7,7.9,10.6,4.5,0.8,1.1,3.2,3.7,24.8,KARL ANTHONY TOWNS_MIN_2020-21,23.1,0.612,5.4,0.153,4.5,2.8,,2020,MIN,2022,Supermax,4,224.0,56.0,27,0,-0.1
2021-22,Karl Anthony Towns,26,MIN Timberwolves,NBA,C,74.0,33.5,8.7,16.4,0.529,2.0,4.9,0.41,6.6,11.5,0.58,5.2,6.3,0.822,2.6,7.2,9.8,3.6,1.0,1.1,3.1,3.6,24.6,KARL ANTHONY TOWNS_MIN_2021-22,24.1,0.64,10.3,0.199,5.0,4.4,,2021,MIN,2022,Supermax,4,224.0,56.0,27,0,0.45
2022-23,Karl Anthony Towns,27,MIN Timberwolves,NBA,PF,29.0,33.0,7.3,14.8,0.495,2.1,5.7,0.366,5.2,9.1,0.576,4.1,4.7,0.874,1.7,6.5,8.1,4.8,0.7,0.6,3.0,3.8,20.8,KARL ANTHONY TOWNS_MIN_2022-23,18.8,0.618,2.7,0.133,3.0,1.2,,2022,MIN,2022,Supermax,4,224.0,56.0,27,1,-0.74
2023-24,Karl Anthony Towns,28,MIN Timberwolves,NBA,PF,62.0,32.7,7.7,15.3,0.504,2.2,5.3,0.416,5.5,10.1,0.55,4.1,4.7,0.873,1.5,6.8,8.3,3.0,0.7,0.7,2.9,3.3,21.8,KARL ANTHONY TOWNS_MIN_2023-24,18.8,0.625,6.3,0.148,2.5,2.3,,2023,MIN,2022,Supermax,4,224.0,56.0,27,1,-0.6
2024-25,Karl Anthony Towns,29,NYC Knicks,NBA,C,72.0,35.0,8.9,16.9,0.526,2.0,4.7,0.42,6.9,12.2,0.567,4.7,5.7,0.829,2.9,9.8,12.8,3.1,1.0,0.7,2.7,3.5,24.4,KARL ANTHONY TOWNS_NYK_2024-25,23.4,0.63,10.1,0.193,3.6,3.5,,2024,NYC,2022,Supermax,4,224.0,56.0,27,1,0.55
2011-12,Kawhi Leonard,20,SAS Spurs,NBA,SF,64.0,24.0,3.1,6.3,0.493,0.6,1.7,0.376,2.5,4.6,0.536,1.1,1.4,0.773,1.6,3.5,5.1,1.1,1.3,0.4,0.7,1.4,7.9,KAWHI LEONARD_SAS_2011-12,16.6,0.573,5.5,0.171,3.4,2.1,,2011,SAS,2021,Max,4,176.3,44.08,30,0,-0.53
2012-13,Kawhi Leonard,21,SAS Spurs,NBA,SF,58.0,31.2,4.5,9.1,0.494,1.1,3.0,0.374,3.4,6.1,0.554,1.8,2.2,0.825,1.1,4.9,6.0,1.6,1.7,0.6,1.1,1.7,11.9,KAWHI LEONARD_SAS_2012-13,16.4,0.592,6.2,0.166,3.1,2.3,,2012,SAS,2021,Max,4,176.3,44.08,30,0,-0.67
2013-14,Kawhi Leonard,22,SAS Spurs,NBA,SF,66.0,29.1,5.1,9.8,0.522,1.0,2.8,0.379,4.1,7.0,0.579,1.5,1.9,0.802,1.2,5.1,6.2,2.0,1.7,0.8,1.2,1.9,12.8,KAWHI LEONARD_SAS_2013-14,19.4,0.602,7.7,0.193,5.1,3.5,,2013,SAS,2021,Max,4,176.3,44.08,30,0,-0.19
2014-15,Kawhi Leonard,23,SAS Spurs,NBA,SF,64.0,31.8,6.2,12.8,0.479,1.0,3.0,0.349,5.1,9.8,0.519,3.2,3.9,0.802,1.3,5.9,7.2,2.5,2.3,0.8,1.5,2.0,16.5,KAWHI LEONARD_SAS_2014-15,22.0,0.567,8.6,0.204,5.9,4.1,,2014,SAS,2021,Max,4,176.3,44.08,30,0,0.05
2015-16,Kawhi Leonard,24,SAS Spurs,NBA,SF,72.0,33.1,7.7,15.1,0.506,1.8,4.0,0.443,5.9,11.1,0.528,4.1,4.6,0.874,1.3,5.5,6.8,2.6,1.8,1.0,1.5,1.8,21.2,KAWHI LEONARD_SAS_2015-16,26.0,0.616,13.7,0.277,9.1,6.7,,2015,SAS,2021,Max,4,176.3,44.08,30,0,1.1
2016-17,Kawhi Leonard,25,SAS Spurs,NBA,SF,74.0,33.4,8.6,17.7,0.485,2.0,5.2,0.38,6.6,12.5,0.529,6.3,7.2,0.88,1.1,4.7,5.8,3.5,1.8,0.7,2.1,1.6,25.5,KAWHI LEONARD_SAS_2016-17,27.6,0.61,13.6,0.264,9.4,7.1,,2016,SAS,2021,Max,4,176.3,44.08,30,0,1.09
2017-18,Kawhi Leonard,26,SAS Spurs,NBA,SF,9.0,23.3,5.8,12.3,0.468,1.2,3.9,0.314,4.6,8.4,0.539,3.4,4.2,0.816,0.7,4.0,4.7,2.3,2.0,1.0,1.8,1.0,16.2,KAWHI LEONARD_SAS_2017-18,26.0,0.572,0.9,0.196,10.1,0.6,,2017,SAS,2021,Max,4,176.3,44.08,30,0,-0.16
2018-19,Kawhi Leonard,27,TOR Raptors,NBA,SF,60.0,34.0,9.3,18.8,0.496,1.9,5.0,0.371,7.5,13.8,0.542,6.1,7.1,0.854,1.3,6.0,7.3,3.3,1.8,0.4,2.0,1.5,26.6,KAWHI LEONARD_TOR_2018-19,25.8,0.606,9.5,0.224,7.2,4.7,,2018,TOR,2021,Max,4,176.3,44.08,30,0,0.61
2019-20,Kawhi Leonard,28,LAC Clippers,NBA,SF,57.0,32.4,9.3,19.9,0.47,2.2,5.7,0.378,7.2,14.2,0.506,6.2,7.1,0.886,0.9,6.1,7.1,4.9,1.8,0.6,2.6,2.0,27.1,KAWHI LEONARD_LAC_2019-20,26.9,0.589,8.7,0.226,8.9,5.1,,2019,LAC,2021,Max,4,176.3,44.08,30,0,0.93
2020-21,Kawhi Leonard,29,LAC Clippers,NBA,SF,52.0,34.1,8.9,17.5,0.512,1.9,4.9,0.398,7.0,12.6,0.557,5.0,5.7,0.885,1.1,5.4,6.5,5.2,1.6,0.4,2.0,1.6,24.8,KAWHI LEONARD_LAC_2020-21,26.0,0.622,8.8,0.238,7.3,4.2,,2020,LAC,2021,Max,4,176.3,44.08,30,0,0.77
2021-22,Kawhi Leonard,30,LAC Clippers,NBA,SF,,,,,,,,,,,,,,,,,,,,,,,,KAWHI LEONARD_DID NOT PLAY - INJURY_2021-22,,,,,,,Injury,2021,LAC,2021,Max,4,176.3,44.08,30,1,
2022-23,Kawhi Leonard,31,LAC Clippers,NBA,SF,52.0,33.6,8.6,16.8,0.512,2.0,4.8,0.416,6.6,11.9,0.551,4.7,5.4,0.871,1.1,5.4,6.5,3.9,1.4,0.5,1.7,1.6,23.8,KAWHI LEONARD_LAC_2022-23,23.9,0.623,7.1,0.194,6.1,3.5,,2022,LAC,2021,Max,4,176.3,44.08,30,1,0.3
2023-24,Kawhi Leonard,32,LAC Clippers,NBA,SF,68.0,34.3,9.0,17.1,0.525,2.1,4.9,0.417,6.9,12.1,0.569,3.7,4.2,0.885,1.2,4.9,6.1,3.6,1.6,0.9,1.8,1.4,23.7,KAWHI LEONARD_LAC_2023-24,23.2,0.626,8.9,0.184,5.5,4.4,,2023,LAC,2021,Max,4,176.3,44.08,30,1,0.32
2024-25,Kawhi Leonard,33,LAC Clippers,NBA,SF,37.0,31.9,8.4,16.8,0.498,2.1,5.1,0.411,6.3,11.7,0.536,2.6,3.3,0.81,0.9,5.0,5.9,3.1,1.6,0.5,1.9,1.5,21.5,KAWHI LEONARD_LAC_2024-25,20.5,0.589,3.5,0.141,3.1,1.5,,2024,LAC,2021,Max,4,176.3,44.08,30,1,-0.23
2011-12,Kemba Walker,21,CHA Hornets,NBA,PG,66.0,27.2,4.3,11.6,0.366,1.0,3.4,0.305,3.2,8.2,0.392,2.5,3.2,0.789,0.5,3.1,3.5,4.4,0.9,0.3,1.8,1.2,12.1,KEMBA WALKER_CHA_2011-12,14.9,0.464,0.3,0.009,-0.8,0.6,,2011,CHA,2019,Max,4,141.0,35.25,29,0,-1.5
2012-13,Kemba Walker,22,CHA Hornets,NBA,PG,82.0,34.9,6.4,15.2,0.423,1.3,4.0,0.322,5.1,11.1,0.459,3.6,4.5,0.798,0.7,2.7,3.5,5.7,2.0,0.4,2.4,1.9,17.7,KEMBA WALKER_CHA_2012-13,18.8,0.517,4.8,0.08,1.4,2.4,,2012,CHA,2019,Max,4,141.0,35.25,29,0,-0.73
2013-14,Kemba Walker,23,CHA Hornets,NBA,PG,73.0,35.8,6.2,15.7,0.393,1.5,4.5,0.333,4.7,11.2,0.417,3.9,4.6,0.837,0.5,3.7,4.2,6.1,1.2,0.4,2.3,1.8,17.7,KEMBA WALKER_CHA_2013-14,16.8,0.499,5.1,0.093,1.7,2.4,,2013,CHA,2019,Max,4,141.0,35.25,29,0,-0.94
2014-15,Kemba Walker,24,CHA Hornets,NBA,PG,62.0,34.2,6.1,15.8,0.385,1.4,4.5,0.304,4.7,11.3,0.418,3.8,4.6,0.827,0.6,3.0,3.5,5.1,1.4,0.5,1.6,1.5,17.3,KEMBA WALKER_CHO_2014-15,17.6,0.486,4.5,0.101,2.3,2.3,,2014,CHA,2019,Max,4,141.0,35.25,29,0,-0.97
2015-16,Kemba Walker,25,CHA Hornets,NBA,PG,81.0,35.6,7.0,16.4,0.427,2.2,6.0,0.371,4.8,10.4,0.459,4.6,5.4,0.847,0.7,3.7,4.4,5.2,1.6,0.5,2.1,1.4,20.9,KEMBA WALKER_CHO_2015-16,20.8,0.554,9.9,0.164,4.0,4.3,,2015,CHA,2019,Max,4,141.0,35.25,29,0,-0.17
2016-17,Kemba Walker,26,CHA Hornets,NBA,PG,79.0,34.7,8.1,18.3,0.444,3.0,7.6,0.399,5.1,10.7,0.476,3.8,4.5,0.847,0.6,3.3,3.9,5.5,1.1,0.3,2.1,1.5,23.2,KEMBA WALKER_CHO_2016-17,21.3,0.569,8.1,0.142,4.1,4.2,,2016,CHA,2019,Max,4,141.0,35.25,29,0,-0.5
2017-18,Kemba Walker,27,CHA Hornets,NBA,PG,80.0,34.2,7.4,17.0,0.431,2.9,7.5,0.384,4.5,9.5,0.469,4.5,5.3,0.864,0.4,2.7,3.1,5.6,1.1,0.3,2.2,1.2,22.1,KEMBA WALKER_CHO_2017-18,20.6,0.572,8.6,0.15,4.0,4.2,,2017,CHA,2019,Max,4,141.0,35.25,29,0,-0.28
2018-19,Kemba Walker,28,CHA Hornets,NBA,PG,82.0,34.9,8.9,20.5,0.434,3.2,8.9,0.356,5.7,11.6,0.494,4.6,5.5,0.844,0.6,3.8,4.4,5.9,1.2,0.4,2.6,1.6,25.6,KEMBA WALKER_CHO_2018-19,21.7,0.558,7.4,0.123,4.2,4.4,,2018,CHA,2019,Max,4,141.0,35.25,29,0,-0.27
2019-20,Kemba Walker,29,BOS Celtics,NBA,PG,56.0,31.1,6.8,15.9,0.425,3.2,8.4,0.381,3.5,7.4,0.476,3.7,4.3,0.864,0.6,3.2,3.9,4.8,0.9,0.5,2.1,1.6,20.4,KEMBA WALKER_BOS_2019-20,20.0,0.575,5.9,0.162,4.6,2.9,,2019,BOS,2019,Max,4,141.0,35.25,29,1,-0.41
2020-21,Kemba Walker,30,BOS Celtics,NBA,PG,43.0,31.8,6.6,15.7,0.42,3.0,8.2,0.36,3.7,7.5,0.486,3.1,3.5,0.899,0.4,3.6,4.0,4.9,1.1,0.3,2.0,1.4,19.3,KEMBA WALKER_BOS_2020-21,17.7,0.559,3.3,0.115,2.1,1.4,,2020,BOS,2019,Max,4,141.0,35.25,29,1,-1.03
2021-22,Kemba Walker,31,NYC Knicks,NBA,PG,37.0,25.6,4.0,10.0,0.403,2.0,5.4,0.367,2.1,4.6,0.444,1.6,1.9,0.845,0.4,2.6,3.0,3.5,0.7,0.2,1.3,1.0,11.6,KEMBA WALKER_NYK_2021-22,13.9,0.537,1.8,0.093,0.4,0.6,,2021,NYC,2019,Max,4,141.0,35.25,29,1,-1.43
2022-23,Kemba Walker,32,DAL Mavericks,NBA,PG,9.0,16.0,2.7,6.3,0.421,0.8,3.1,0.25,1.9,3.2,0.586,1.9,2.3,0.81,0.3,1.4,1.8,2.1,0.2,0.2,0.4,1.2,8.0,KEMBA WALKER_DAL_2022-23,15.0,0.543,0.3,0.098,-0.3,0.1,,2022,DAL,2019,Max,4,141.0,35.25,29,1,-1.37
2023-24,Kemba Walker,33,DAL Mavericks,NBA,PG,,,,,,,,,,,,,,,,,,,,,,,,KEMBA WALKER_DID NOT PLAY - OTHER PRO LEAGUE_2023-24,,,,,,,Other league,2023,DAL,2019,Max,4,141.0,35.25,29,1,
2007-08,Kevin Durant,19,OKC Thunder,NBA,SG,80.0,34.6,7.3,17.1,0.43,0.7,2.6,0.288,6.6,14.5,0.455,4.9,5.6,0.873,0.9,3.5,4.4,2.4,1.0,0.9,2.9,1.5,20.3,KEVIN DURANT_SEA_2007-08,15.8,0.519,2.3,0.04,-0.1,1.3,,2007,OKC,2016,Max,2,54.0,27.0,28,0,-0.88
2008-09,Kevin Durant,20,OKC Thunder,NBA,SF,74.0,39.0,8.9,18.8,0.476,1.3,3.1,0.422,7.6,15.7,0.486,6.1,7.1,0.863,1.0,5.5,6.5,2.8,1.3,0.7,3.0,1.8,25.3,KEVIN DURANT_OKC_2008-09,20.8,0.577,7.9,0.132,3.3,3.8,,2008,OKC,2016,Max,2,54.0,27.0,28,0,-0.11
2009-10,Kevin Durant,21,OKC Thunder,NBA,SF,82.0,39.5,9.7,20.3,0.476,1.6,4.3,0.365,8.1,16.1,0.506,9.2,10.2,0.9,1.3,6.3,7.6,2.8,1.4,1.0,3.3,2.1,30.1,KEVIN DURANT_OKC_2009-10,26.2,0.607,16.1,0.238,7.1,7.5,,2009,OKC,2016,Max,2,54.0,27.0,28,0,1.22
2010-11,Kevin Durant,22,OKC Thunder,NBA,SF,78.0,38.9,9.1,19.7,0.462,1.9,5.3,0.35,7.3,14.4,0.504,7.6,8.7,0.88,0.7,6.1,6.8,2.7,1.1,1.0,2.8,2.0,27.7,KEVIN DURANT_OKC_2010-11,23.6,0.589,12.0,0.189,4.9,5.3,,2010,OKC,2016,Max,2,54.0,27.0,28,0,0.78
2011-12,Kevin Durant,23,OKC Thunder,NBA,SF,66.0,38.6,9.7,19.7,0.496,2.0,5.2,0.387,7.7,14.4,0.535,6.5,7.6,0.86,0.6,7.4,8.0,3.5,1.3,1.2,3.8,2.0,28.0,KEVIN DURANT_OKC_2011-12,26.2,0.61,12.2,0.23,7.0,5.8,,2011,OKC,2016,Max,2,54.0,27.0,28,0,1.2
2012-13,Kevin Durant,24,OKC Thunder,NBA,SF,81.0,38.5,9.0,17.7,0.51,1.7,4.1,0.416,7.3,13.6,0.539,8.4,9.3,0.905,0.6,7.3,7.9,4.6,1.4,1.3,3.5,1.8,28.1,KEVIN DURANT_OKC_2012-13,28.3,0.647,18.9,0.291,9.3,8.9,,2012,OKC,2016,Max,2,54.0,27.0,28,0,1.86
2013-14,Kevin Durant,25,OKC Thunder,NBA,SF,81.0,38.5,10.5,20.8,0.503,2.4,6.1,0.391,8.1,14.8,0.549,8.7,9.9,0.873,0.7,6.7,7.4,5.5,1.3,0.7,3.5,2.1,32.0,KEVIN DURANT_OKC_2013-14,29.8,0.635,19.2,0.295,10.2,9.6,,2013,OKC,2016,Max,2,54.0,27.0,28,0,1.97
2014-15,Kevin Durant,26,OKC Thunder,NBA,SF,27.0,33.8,8.8,17.3,0.51,2.4,5.9,0.403,6.4,11.4,0.565,5.4,6.3,0.854,0.6,6.0,6.6,4.1,0.9,0.9,2.7,1.5,25.4,KEVIN DURANT_OKC_2014-15,27.6,0.633,4.8,0.252,10.0,2.8,,2014,OKC,2016,Max,2,54.0,27.0,28,0,0.5
2015-16,Kevin Durant,27,OKC Thunder,NBA,SF,72.0,35.8,9.7,19.2,0.505,2.6,6.7,0.387,7.1,12.5,0.569,6.2,6.9,0.898,0.6,7.6,8.2,5.0,1.0,1.2,3.5,1.9,28.2,KEVIN DURANT_OKC_2015-16,28.2,0.634,14.5,0.27,9.9,7.8,,2015,OKC,2016,Max,2,54.0,27.0,28,0,1.46
2016-17,Kevin Durant,28,GSW Warriors,NBA,PF,62.0,33.4,8.9,16.5,0.537,1.9,5.0,0.375,7.0,11.5,0.608,5.4,6.2,0.875,0.6,7.6,8.3,4.8,1.1,1.6,2.2,1.9,25.1,KEVIN DURANT_GSW_2016-17,27.6,0.651,12.0,0.278,8.9,5.7,,2016,GSW,2016,Max,2,54.0,27.0,28,1,0.94
2017-18,Kevin Durant,29,GSW Warriors,NBA,SF,68.0,34.2,9.3,18.0,0.516,2.5,6.1,0.419,6.7,11.9,0.565,5.3,5.9,0.889,0.5,6.4,6.8,5.4,0.7,1.8,3.0,2.0,26.4,KEVIN DURANT_GSW_2017-18,26.0,0.64,10.4,0.215,7.3,5.5,,2017,GSW,2016,Max,2,54.0,27.0,28,1,0.73
2018-19,Kevin Durant,30,GSW Warriors,NBA,SF,78.0,34.6,9.2,17.7,0.521,1.8,5.0,0.353,7.5,12.8,0.587,5.7,6.5,0.885,0.4,5.9,6.4,5.9,0.7,1.1,2.9,2.0,26.0,KEVIN DURANT_GSW_2018-19,24.2,0.631,11.5,0.204,5.5,5.1,,2018,GSW,2016,Max,2,54.0,27.0,28,1,0.43
2019-20,Kevin Durant,31,GSW Warriors,NBA,SF,,,,,,,,,,,,,,,,,,,,,,,,KEVIN DURANT_DID NOT PLAY - INJURY_2019-20,,,,,,,Injury,2019,GSW,2016,Max,2,54.0,27.0,28,1,
2020-21,Kevin Durant,32,BKN Nets,NBA,PF,35.0,33.1,9.3,17.2,0.537,2.4,5.4,0.45,6.8,11.8,0.577,6.0,6.8,0.882,0.4,6.7,7.1,5.6,0.7,1.3,3.4,2.0,26.9,KEVIN DURANT_BRK_2020-21,26.4,0.666,5.0,0.206,7.2,2.7,,2020,BKN,2016,Max,2,54.0,27.0,28,1,0.4
2021-22,Kevin Durant,33,BKN Nets,NBA,PF,55.0,37.2,10.5,20.3,0.518,2.1,5.5,0.383,8.4,14.8,0.568,6.8,7.4,0.91,0.5,6.9,7.4,6.4,0.9,0.9,3.5,2.1,29.9,KEVIN DURANT_BRK_2021-22,25.6,0.634,8.4,0.198,7.2,4.8,,2021,BKN,2016,Max,2,54.0,27.0,28,1,0.64
2022-23,Kevin Durant,34,BKN Nets/PHX Suns,NBA,PF,47.0,35.6,10.3,18.3,0.56,2.0,4.9,0.404,8.3,13.4,0.617,6.5,7.1,0.919,0.4,6.3,6.7,5.0,0.7,1.4,3.3,2.1,29.1,KEVIN DURANT_2TM_2022-23,25.9,0.677,6.8,0.194,7.1,3.9,,2022,2TM,2016,Max,2,54.0,27.0,28,1,0.54
2023-24,Kevin Durant,35,PHX Suns,NBA,PF,75.0,37.2,10.0,19.1,0.523,2.2,5.4,0.413,7.8,13.7,0.567,4.8,5.6,0.856,0.5,6.1,6.6,5.0,0.9,1.2,3.3,1.8,27.1,KEVIN DURANT_PHO_2023-24,21.2,0.626,8.3,0.142,4.0,4.3,,2023,PHX,2016,Max,2,54.0,27.0,28,1,-0.08
2024-25,Kevin Durant,36,PHX Suns,NBA,PF,62.0,36.5,9.5,18.1,0.527,2.6,6.0,0.43,7.0,12.1,0.574,4.9,5.8,0.839,0.4,5.7,6.0,4.2,0.8,1.2,3.1,1.7,26.6,KEVIN DURANT_PHO_2024-25,21.2,0.642,5.2,0.111,3.2,3.0,,2024,PHX,2016,Max,2,54.0,27.0,28,1,-0.06
2008-09,Kevin Love,20,MIN Timberwolves,NBA,C,81.0,25.3,3.9,8.5,0.459,0.0,0.2,0.105,3.9,8.3,0.469,3.3,4.1,0.789,3.4,5.7,9.1,1.0,0.4,0.6,1.5,2.5,11.1,KEVIN LOVE_MIN_2008-09,18.3,0.538,5.3,0.124,-1.1,0.4,,2008,MIN,2015,Max,5,113.2,22.64,27,0,-0.57
2009-10,Kevin Love,21,MIN Timberwolves,NBA,PF,60.0,28.6,4.9,10.8,0.45,0.6,1.8,0.33,4.3,9.0,0.474,3.8,4.6,0.815,3.8,7.2,11.0,2.3,0.7,0.4,2.0,2.3,14.0,KEVIN LOVE_MIN_2009-10,20.7,0.549,4.9,0.138,1.5,1.5,,2009,MIN,2015,Max,5,113.2,22.64,27,0,-0.28
2010-11,Kevin Love,22,MIN Timberwolves,NBA,PF,73.0,35.8,6.6,14.1,0.47,1.2,2.9,0.417,5.4,11.2,0.483,5.8,6.8,0.85,4.5,10.7,15.2,2.5,0.6,0.4,2.1,2.0,20.2,KEVIN LOVE_MIN_2010-11,24.3,0.593,11.4,0.21,4.4,4.2,,2010,MIN,2015,Max,5,113.2,22.64,27,0,0.76
2011-12,Kevin Love,23,MIN Timberwolves,NBA,PF,55.0,39.0,8.6,19.3,0.448,1.9,5.1,0.372,6.7,14.1,0.475,6.9,8.4,0.824,4.1,9.2,13.3,2.0,0.9,0.5,2.3,2.8,26.0,KEVIN LOVE_MIN_2011-12,25.4,0.568,10.0,0.223,5.2,3.9,,2011,MIN,2015,Max,5,113.2,22.64,27,0,0.77
2012-13,Kevin Love,24,MIN Timberwolves,NBA,PF,18.0,34.3,5.8,16.6,0.352,1.1,5.1,0.217,4.7,11.4,0.413,5.6,7.9,0.704,3.6,10.4,14.0,2.3,0.7,0.5,2.2,1.9,18.3,KEVIN LOVE_MIN_2012-13,17.9,0.458,1.1,0.084,0.4,0.4,,2012,MIN,2015,Max,5,113.2,22.64,27,0,-1.08
2013-14,Kevin Love,25,MIN Timberwolves,NBA,PF,77.0,36.3,8.4,18.5,0.457,2.5,6.6,0.376,6.0,11.9,0.502,6.8,8.2,0.821,2.9,9.6,12.5,4.4,0.8,0.5,2.5,1.8,26.1,KEVIN LOVE_MIN_2013-14,26.9,0.591,14.3,0.245,8.9,7.7,,2013,MIN,2015,Max,5,113.2,22.64,27,0,1.26
2014-15,Kevin Love,26,CLE Cavaliers,NBA,PF,75.0,33.8,5.5,12.7,0.434,1.9,5.2,0.367,3.6,7.5,0.48,3.4,4.3,0.804,1.9,7.9,9.7,2.2,0.7,0.5,1.6,1.9,16.4,KEVIN LOVE_CLE_2014-15,18.8,0.562,8.7,0.165,2.7,3.0,,2014,CLE,2015,Max,5,113.2,22.64,27,0,-0.54
2015-16,Kevin Love,27,CLE Cavaliers,NBA,PF,77.0,31.5,5.3,12.7,0.419,2.1,5.7,0.36,3.3,7.0,0.467,3.4,4.1,0.822,1.9,8.0,9.9,2.4,0.8,0.5,1.8,2.1,16.0,KEVIN LOVE_CLE_2015-16,19.0,0.553,8.5,0.169,3.3,3.3,,2015,CLE,2015,Max,5,113.2,22.64,27,1,-0.48
2016-17,Kevin Love,28,CLE Cavaliers,NBA,PF,60.0,31.4,6.2,14.5,0.427,2.4,6.5,0.373,3.8,8.0,0.471,4.3,4.9,0.871,2.5,8.6,11.1,1.9,0.9,0.4,2.0,2.1,19.0,KEVIN LOVE_CLE_2016-17,21.1,0.573,6.4,0.163,2.1,1.9,,2016,CLE,2015,Max,5,113.2,22.64,27,1,-0.78
2017-18,Kevin Love,29,CLE Cavaliers,NBA,C,59.0,28.0,5.7,12.4,0.458,2.3,5.6,0.415,3.3,6.8,0.494,4.0,4.5,0.88,1.7,7.5,9.3,1.7,0.7,0.4,1.5,2.0,17.6,KEVIN LOVE_CLE_2017-18,22.4,0.614,6.4,0.185,3.3,2.2,,2017,CLE,2015,Max,5,113.2,22.64,27,1,-0.29
2018-19,Kevin Love,30,CLE Cavaliers,NBA,PF,22.0,27.2,5.0,12.9,0.385,2.4,6.7,0.361,2.5,6.2,0.412,4.7,5.2,0.904,1.5,9.4,10.9,2.2,0.3,0.2,1.9,2.5,17.0,KEVIN LOVE_CLE_2018-19,19.5,0.561,1.3,0.106,1.6,0.6,,2018,CLE,2015,Max,5,113.2,22.64,27,1,-1.17
2019-20,Kevin Love,31,CLE Cavaliers,NBA,PF,56.0,31.8,5.8,13.0,0.45,2.6,7.0,0.374,3.2,6.0,0.537,3.3,3.9,0.854,1.0,8.8,9.8,3.2,0.6,0.3,2.5,1.6,17.6,KEVIN LOVE_CLE_2019-20,17.9,0.599,3.8,0.101,2.0,1.8,,2019,CLE,2015,Max,5,113.2,22.64,27,1,-1.09
2020-21,Kevin Love,32,CLE Cavaliers,NBA,PF,25.0,24.9,4.1,10.1,0.409,2.3,6.2,0.365,1.8,3.8,0.479,1.7,2.0,0.824,0.7,6.8,7.4,2.5,0.6,0.1,1.5,1.0,12.2,KEVIN LOVE_CLE_2020-21,15.1,0.556,0.9,0.073,-0.1,0.3,,2020,CLE,2015,Max,5,113.2,22.64,27,1,-1.65
2021-22,Kevin Love,33,CLE Cavaliers,NBA,C,74.0,22.5,4.4,10.3,0.43,2.5,6.4,0.392,1.9,3.8,0.493,2.2,2.7,0.838,1.2,6.1,7.2,2.2,0.4,0.2,1.3,1.4,13.6,KEVIN LOVE_CLE_2021-22,19.6,0.594,5.7,0.164,4.5,2.7,,2021,CLE,2015,Max,5,113.2,22.64,27,1,-0.34
2022-23,Kevin Love,34,CLE Cavaliers/MIA Heat,NBA,PF,62.0,20.0,2.7,6.8,0.389,1.6,4.8,0.334,1.1,2.1,0.516,1.3,1.5,0.879,1.0,5.5,6.4,1.9,0.3,0.2,1.1,1.6,8.2,KEVIN LOVE_2TM_2022-23,13.1,0.548,2.6,0.099,0.6,0.8,,2022,2TM,2015,Max,5,113.2,22.64,27,1,-1.41
2023-24,Kevin Love,35,MIA Heat,NBA,PF,55.0,16.8,2.9,6.5,0.44,1.5,4.4,0.344,1.3,2.1,0.643,1.5,2.0,0.787,1.1,5.1,6.1,2.1,0.3,0.2,0.9,1.8,8.8,KEVIN LOVE_MIA_2023-24,18.5,0.597,3.3,0.17,3.6,1.3,,2023,MIA,2015,Max,5,113.2,22.64,27,1,-0.68
2024-25,Kevin Love,36,MIA Heat,NBA,PF,23.0,10.9,1.8,5.0,0.357,1.0,2.9,0.358,0.7,2.1,0.354,0.7,1.0,0.696,1.0,3.1,4.1,1.0,0.7,0.2,0.6,0.9,5.3,KEVIN LOVE_MIA_2024-25,16.2,0.488,0.4,0.083,0.4,0.2,,2024,MIA,2015,Max,5,113.2,22.64,27,1,-1.06
2011-12,Kyrie Irving,19,CLE Cavaliers,NBA,PG,51.0,30.5,6.9,14.6,0.469,1.4,3.6,0.399,5.4,11.1,0.491,3.4,3.8,0.872,0.9,2.9,3.7,5.4,1.1,0.4,3.1,2.2,18.5,KYRIE IRVING_CLE_2011-12,21.4,0.566,4.1,0.125,4.1,2.4,,2011,CLE,2014,Max,5,90.0,18.0,22,0,-0.19
2012-13,Kyrie Irving,20,CLE Cavaliers,NBA,PG,59.0,34.7,8.2,18.1,0.452,1.8,4.7,0.391,6.4,13.4,0.474,4.2,4.9,0.855,0.6,3.1,3.7,5.9,1.5,0.4,3.2,2.5,22.5,KYRIE IRVING_CLE_2012-13,21.4,0.553,5.3,0.125,3.7,3.0,,2012,CLE,2014,Max,5,90.0,18.0,22,0,-0.23
2013-14,Kyrie Irving,21,CLE Cavaliers,NBA,PG,71.0,35.2,7.5,17.4,0.43,1.7,4.8,0.358,5.8,12.6,0.458,4.1,4.8,0.861,0.7,2.9,3.6,6.1,1.5,0.3,2.7,2.3,20.8,KYRIE IRVING_CLE_2013-14,20.1,0.533,6.7,0.128,3.4,3.3,,2013,CLE,2014,Max,5,90.0,18.0,22,0,-0.4
2014-15,Kyrie Irving,22,CLE Cavaliers,NBA,PG,75.0,36.4,7.7,16.5,0.468,2.1,5.0,0.415,5.6,11.4,0.491,4.2,4.9,0.863,0.7,2.4,3.2,5.2,1.5,0.3,2.5,1.9,21.7,KYRIE IRVING_CLE_2014-15,21.5,0.583,10.4,0.183,4.1,4.2,,2014,CLE,2014,Max,5,90.0,18.0,22,1,-0.05
2015-16,Kyrie Irving,23,CLE Cavaliers,NBA,PG,53.0,31.5,7.4,16.6,0.448,1.6,4.9,0.321,5.8,11.6,0.502,3.2,3.6,0.885,0.8,2.1,3.0,4.7,1.1,0.3,2.3,2.0,19.6,KYRIE IRVING_CLE_2015-16,19.9,0.54,5.0,0.143,2.3,1.8,,2015,CLE,2014,Max,5,90.0,18.0,22,1,-0.7
2016-17,Kyrie Irving,24,CLE Cavaliers,NBA,PG,72.0,35.1,9.3,19.7,0.473,2.5,6.1,0.401,6.9,13.6,0.505,4.1,4.6,0.905,0.7,2.5,3.2,5.8,1.2,0.3,2.5,2.2,25.2,KYRIE IRVING_CLE_2016-17,23.0,0.58,8.9,0.17,3.4,3.4,,2016,CLE,2014,Max,5,90.0,18.0,22,1,-0.33
2017-18,Kyrie Irving,25,BOS Celtics,NBA,PG,60.0,32.2,8.9,18.1,0.491,2.8,6.8,0.408,6.1,11.3,0.541,3.9,4.4,0.889,0.6,3.2,3.8,5.1,1.1,0.3,2.3,2.0,24.4,KYRIE IRVING_BOS_2017-18,25.0,0.61,8.9,0.222,7.3,4.5,,2017,BOS,2014,Max,5,90.0,18.0,22,1,0.49
2018-19,Kyrie Irving,26,BOS Celtics,NBA,PG,67.0,33.0,9.0,18.5,0.487,2.6,6.5,0.401,6.4,12.0,0.533,3.2,3.7,0.873,1.1,3.9,5.0,6.9,1.5,0.5,2.6,2.5,23.8,KYRIE IRVING_BOS_2018-19,24.3,0.592,9.1,0.197,7.2,5.1,,2018,BOS,2014,Max,5,90.0,18.0,22,1,0.41
2019-20,Kyrie Irving,27,BKN Nets,NBA,PG,20.0,32.9,10.0,20.8,0.478,2.8,7.1,0.394,7.2,13.7,0.522,4.7,5.1,0.922,1.1,4.1,5.2,6.4,1.4,0.5,2.6,2.7,27.4,KYRIE IRVING_BRK_2019-20,26.2,0.595,2.9,0.21,7.7,1.6,,2019,BKN,2014,Max,5,90.0,18.0,22,1,0.17
2020-21,Kyrie Irving,28,BKN Nets,NBA,PG,54.0,34.9,10.2,20.1,0.506,2.8,7.0,0.402,7.4,13.1,0.561,3.7,4.0,0.922,1.0,3.8,4.8,6.0,1.4,0.7,2.4,2.6,26.9,KYRIE IRVING_BRK_2020-21,24.4,0.614,7.4,0.189,5.5,3.6,,2020,BKN,2014,Max,5,90.0,18.0,22,1,0.32
2021-22,Kyrie Irving,29,BKN Nets,NBA,PG,29.0,37.6,10.0,21.2,0.469,3.4,8.2,0.418,6.5,13.0,0.501,4.1,4.4,0.915,0.6,3.8,4.4,5.8,1.4,0.6,2.5,2.8,27.4,KYRIE IRVING_BRK_2021-22,21.4,0.592,3.3,0.147,3.0,1.4,,2021,BKN,2014,Max,5,90.0,18.0,22,1,-0.44
2022-23,Kyrie Irving,30,BKN Nets/DAL Mavericks,NBA,SG,60.0,37.4,9.9,20.1,0.494,3.1,8.3,0.379,6.8,11.8,0.574,4.1,4.6,0.905,1.0,4.1,5.1,5.5,1.1,0.8,2.1,2.8,27.1,KYRIE IRVING_2TM_2022-23,22.4,0.613,7.4,0.159,4.1,3.5,,2022,2TM,2014,Max,5,90.0,18.0,22,1,0.05
2023-24,Kyrie Irving,31,DAL Mavericks,NBA,SG,58.0,35.0,9.7,19.5,0.497,3.0,7.3,0.411,6.7,12.2,0.548,3.3,3.6,0.905,0.8,4.2,5.0,5.2,1.3,0.5,1.8,1.9,25.6,KYRIE IRVING_DAL_2023-24,21.9,0.608,6.9,0.163,4.9,3.6,,2023,DAL,2014,Max,5,90.0,18.0,22,1,-0.03
2024-25,Kyrie Irving,32,DAL Mavericks,NBA,SG,50.0,36.1,8.9,18.9,0.473,2.9,7.2,0.401,6.1,11.7,0.517,3.9,4.3,0.916,1.2,3.6,4.8,4.6,1.3,0.5,2.2,2.0,24.7,KYRIE IRVING_DAL_2024-25,19.9,0.594,4.6,0.124,3.4,2.5,,2024,DAL,2014,Max,5,90.0,18.0,22,1,-0.2
2003-04,Lebron James,19,CLE Cavaliers,NBA,SG,79.0,39.5,7.9,18.9,0.417,0.8,2.7,0.29,7.1,16.1,0.438,4.4,5.8,0.754,1.3,4.2,5.5,5.9,1.6,0.7,3.5,1.9,20.9,LEBRON JAMES_CLE_2003-04,18.3,0.488,5.1,0.078,1.7,2.9,,2003,CLE,2014,Max,2,42.0,21.0,30,0,
2004-05,Lebron James,20,CLE Cavaliers,NBA,SF,80.0,42.4,9.9,21.1,0.472,1.4,3.9,0.351,8.6,17.2,0.499,6.0,8.0,0.75,1.4,6.0,7.4,7.2,2.2,0.7,3.3,1.8,27.2,LEBRON JAMES_CLE_2004-05,25.7,0.554,14.3,0.203,8.6,9.1,,2004,CLE,2014,Max,2,42.0,21.0,30,0,
2005-06,Lebron James,21,CLE Cavaliers,NBA,SF,79.0,42.5,11.1,23.1,0.48,1.6,4.8,0.335,9.5,18.3,0.518,7.6,10.3,0.738,0.9,6.1,7.0,6.6,1.6,0.8,3.3,2.3,31.4,LEBRON JAMES_CLE_2005-06,28.1,0.568,16.3,0.232,9.1,9.4,,2005,CLE,2014,Max,2,42.0,21.0,30,0,1.05
2006-07,Lebron James,22,CLE Cavaliers,NBA,SF,78.0,40.9,9.9,20.8,0.476,1.3,4.0,0.319,8.6,16.8,0.513,6.3,9.0,0.698,1.1,5.7,6.7,6.0,1.6,0.7,3.2,2.2,27.3,LEBRON JAMES_CLE_2006-07,24.5,0.552,13.7,0.206,8.1,8.1,,2006,CLE,2014,Max,2,42.0,21.0,30,0,1.05
2007-08,Lebron James,23,CLE Cavaliers,NBA,SF,75.0,40.4,10.6,21.9,0.484,1.5,4.8,0.315,9.1,17.1,0.531,7.3,10.3,0.712,1.8,6.1,7.9,7.2,1.8,1.1,3.4,2.2,30.0,LEBRON JAMES_CLE_2007-08,29.1,0.568,15.2,0.242,10.9,9.8,,2007,CLE,2014,Max,2,42.0,21.0,30,0,1.04
2008-09,Lebron James,24,CLE Cavaliers,NBA,SF,81.0,37.7,9.7,19.9,0.489,1.6,4.7,0.344,8.1,15.2,0.535,7.3,9.4,0.78,1.3,6.3,7.6,7.2,1.7,1.1,3.0,1.7,28.4,LEBRON JAMES_CLE_2008-09,31.7,0.591,20.3,0.318,13.2,11.8,,2008,CLE,2014,Max,2,42.0,21.0,30,0,1.75
2009-10,Lebron James,25,CLE Cavaliers,NBA,SF,76.0,39.0,10.1,20.1,0.503,1.7,5.1,0.333,8.4,15.0,0.56,7.8,10.2,0.767,0.9,6.4,7.3,8.6,1.6,1.0,3.4,1.6,29.7,LEBRON JAMES_CLE_2009-10,31.1,0.604,18.5,0.299,11.8,10.3,,2009,CLE,2014,Max,2,42.0,21.0,30,0,2.16
2010-11,Lebron James,26,MIA Heat,NBA,SF,79.0,38.8,9.6,18.8,0.51,1.2,3.5,0.33,8.4,15.3,0.552,6.4,8.4,0.759,1.0,6.5,7.5,7.0,1.6,0.6,3.6,2.1,26.7,LEBRON JAMES_MIA_2010-11,27.3,0.594,15.6,0.244,8.1,7.8,,2010,MIA,2014,Max,2,42.0,21.0,30,0,1.78
2011-12,Lebron James,27,MIA Heat,NBA,SF,62.0,37.5,10.0,18.9,0.531,0.9,2.4,0.362,9.1,16.5,0.556,6.2,8.1,0.771,1.5,6.4,7.9,6.2,1.9,0.8,3.4,1.5,27.1,LEBRON JAMES_MIA_2011-12,30.7,0.605,14.5,0.298,10.9,7.6,,2011,MIA,2014,Max,2,42.0,21.0,30,0,2.16
2012-13,Lebron James,28,MIA Heat,NBA,PF,76.0,37.9,10.1,17.8,0.565,1.4,3.3,0.406,8.7,14.5,0.602,5.3,7.0,0.753,1.3,6.8,8.0,7.3,1.7,0.9,3.0,1.4,26.8,LEBRON JAMES_MIA_2012-13,31.6,0.64,19.3,0.322,11.7,9.9,,2012,MIA,2014,Max,2,42.0,21.0,30,0,2.43
2013-14,Lebron James,29,MIA Heat,NBA,PF,77.0,37.7,10.0,17.6,0.567,1.5,4.0,0.379,8.5,13.6,0.622,5.7,7.6,0.75,1.1,5.9,6.9,6.3,1.6,0.3,3.5,1.6,27.1,LEBRON JAMES_MIA_2013-14,29.3,0.649,15.9,0.264,8.8,7.9,,2013,MIA,2014,Max,2,42.0,21.0,30,0,1.57
2014-15,Lebron James,30,CLE Cavaliers,NBA,SF,69.0,36.1,9.0,18.5,0.488,1.7,4.9,0.354,7.3,13.6,0.536,5.4,7.7,0.71,0.7,5.3,6.0,7.4,1.6,0.7,3.9,2.0,25.3,LEBRON JAMES_CLE_2014-15,25.9,0.577,10.4,0.199,7.1,5.7,,2014,CLE,2014,Max,2,42.0,21.0,30,1,0.63
2015-16,Lebron James,31,CLE Cavaliers,NBA,SF,76.0,35.6,9.7,18.6,0.52,1.1,3.7,0.309,8.6,14.9,0.573,4.7,6.5,0.731,1.5,6.0,7.4,6.8,1.4,0.6,3.3,1.9,25.3,LEBRON JAMES_CLE_2015-16,27.5,0.588,13.6,0.242,9.0,7.5,,2015,CLE,2014,Max,2,42.0,21.0,30,1,1.24
2016-17,Lebron James,32,CLE Cavaliers,NBA,SF,74.0,37.8,9.9,18.2,0.548,1.7,4.6,0.363,8.3,13.5,0.611,4.8,7.2,0.674,1.3,7.3,8.6,8.7,1.2,0.6,4.1,1.8,26.4,LEBRON JAMES_CLE_2016-17,27.0,0.619,12.9,0.221,7.6,6.7,,2016,CLE,2014,Max,2,42.0,21.0,30,1,0.8
2017-18,Lebron James,33,CLE Cavaliers,NBA,PF,82.0,36.9,10.5,19.3,0.542,1.8,5.0,0.367,8.6,14.3,0.603,4.7,6.5,0.731,1.2,7.5,8.6,9.1,1.4,0.9,4.2,1.7,27.5,LEBRON JAMES_CLE_2017-18,28.6,0.621,14.0,0.221,8.7,8.2,,2017,CLE,2014,Max,2,42.0,21.0,30,1,1.45
2018-19,Lebron James,34,LAL Lakers,NBA,SF,55.0,35.2,10.1,19.9,0.51,2.0,5.9,0.339,8.1,14.0,0.582,5.1,7.6,0.665,1.0,7.4,8.5,8.3,1.3,0.6,3.6,1.7,27.4,LEBRON JAMES_LAL_2018-19,25.6,0.588,7.2,0.179,8.0,4.9,,2018,LAL,2014,Max,2,42.0,21.0,30,1,0.44
2019-20,Lebron James,35,LAL Lakers,NBA,PG,67.0,34.6,9.6,19.4,0.493,2.2,6.3,0.348,7.4,13.1,0.564,3.9,5.7,0.693,1.0,6.9,7.8,10.2,1.2,0.5,3.9,1.8,25.3,LEBRON JAMES_LAL_2019-20,25.5,0.577,9.8,0.204,8.4,6.1,,2019,LAL,2014,Max,2,42.0,21.0,30,1,0.88
2020-21,Lebron James,36,LAL Lakers,NBA,PG,45.0,33.4,9.4,18.3,0.513,2.3,6.3,0.365,7.1,12.0,0.591,4.0,5.7,0.698,0.6,7.0,7.7,7.8,1.1,0.6,3.7,1.6,25.0,LEBRON JAMES_LAL_2020-21,24.2,0.602,5.6,0.179,8.1,3.8,,2020,LAL,2014,Max,2,42.0,21.0,30,1,0.3
2021-22,Lebron James,37,LAL Lakers,NBA,C,56.0,37.2,11.4,21.8,0.524,2.9,8.0,0.359,8.6,13.8,0.62,4.5,6.0,0.756,1.1,7.1,8.2,6.2,1.3,1.1,3.5,2.2,30.3,LEBRON JAMES_LAL_2021-22,26.2,0.619,7.5,0.172,7.7,5.1,,2021,LAL,2014,Max,2,42.0,21.0,30,1,0.65
2022-23,Lebron James,38,LAL Lakers,NBA,PF,55.0,35.5,11.1,22.2,0.5,2.2,6.9,0.321,8.9,15.3,0.58,4.6,5.9,0.768,1.2,7.1,8.3,6.8,0.9,0.6,3.2,1.6,28.9,LEBRON JAMES_LAL_2022-23,23.9,0.583,5.6,0.138,6.1,4.0,,2022,LAL,2014,Max,2,42.0,21.0,30,1,0.18
2023-24,Lebron James,39,LAL Lakers,NBA,PF,71.0,35.3,9.6,17.9,0.54,2.1,5.1,0.41,7.5,12.8,0.592,4.3,5.7,0.75,0.9,6.4,7.3,8.3,1.3,0.5,3.5,1.1,25.7,LEBRON JAMES_LAL_2023-24,23.7,0.63,8.5,0.164,6.5,5.4,,2023,LAL,2014,Max,2,42.0,21.0,30,1,0.43
2024-25,Lebron James,40,LAL Lakers,NBA,SF,70.0,34.9,9.3,18.1,0.513,2.1,5.7,0.376,7.2,12.5,0.574,3.7,4.7,0.782,1.0,6.8,7.8,8.2,1.0,0.6,3.7,1.4,24.4,LEBRON JAMES_LAL_2024-25,22.7,0.604,7.7,0.152,5.6,4.7,,2024,LAL,2014,Max,2,42.0,21.0,30,1,0.51
2007-08,Marc Gasol,23,MEM Grizzlies,NBA,C,,,,,,,,,,,,,,,,,,,,,,,,MARC GASOL_DID NOT PLAY - OTHER PRO LEAGUE_2007-08,,,,,,,Other league,2007,MEM,2015,Max,5,113.2,22.64,31,0,
2008-09,Marc Gasol,24,MEM Grizzlies,NBA,C,82.0,30.7,4.3,8.1,0.53,0.0,0.0,0.0,4.3,8.0,0.53,3.4,4.6,0.733,2.5,4.9,7.4,1.7,0.8,1.1,2.0,3.2,11.9,MARC GASOL_MEM_2008-09,16.7,0.59,6.4,0.121,-0.1,1.2,,2008,MEM,2015,Max,5,113.2,22.64,31,0,-0.62
2009-10,Marc Gasol,25,MEM Grizzlies,NBA,C,69.0,35.8,5.5,9.4,0.581,0.0,0.0,0.0,5.5,9.4,0.582,3.7,5.4,0.67,3.0,6.3,9.3,2.4,1.0,1.6,2.0,3.7,14.6,MARC GASOL_MEM_2009-10,19.3,0.617,8.4,0.164,2.8,3.0,,2009,MEM,2015,Max,5,113.2,22.64,31,0,-0.13
2010-11,Marc Gasol,26,MEM Grizzlies,NBA,C,81.0,31.9,4.5,8.5,0.527,0.0,0.1,0.429,4.5,8.4,0.528,2.7,3.6,0.748,1.9,5.1,7.0,2.5,0.9,1.7,1.8,3.3,11.7,MARC GASOL_MEM_2010-11,16.8,0.58,7.9,0.146,2.3,2.8,,2010,MEM,2015,Max,5,113.2,22.64,31,0,-0.49
2011-12,Marc Gasol,27,MEM Grizzlies,NBA,C,65.0,36.5,5.5,11.4,0.482,0.0,0.2,0.083,5.5,11.2,0.489,3.6,4.9,0.748,1.8,7.1,8.9,3.1,1.0,1.9,1.9,3.1,14.6,MARC GASOL_MEM_2011-12,18.4,0.541,8.2,0.166,3.1,3.1,,2011,MEM,2015,Max,5,113.2,22.64,31,0,-0.21
2012-13,Marc Gasol,28,MEM Grizzlies,NBA,C,80.0,35.0,5.4,10.9,0.494,0.0,0.2,0.071,5.4,10.7,0.501,3.4,4.0,0.848,2.3,5.5,7.8,4.0,1.0,1.7,2.0,3.2,14.1,MARC GASOL_MEM_2012-13,19.5,0.559,11.5,0.197,5.2,5.1,,2012,MEM,2015,Max,5,113.2,22.64,31,0,0.13
2013-14,Marc Gasol,29,MEM Grizzlies,NBA,C,59.0,33.4,5.7,12.1,0.473,0.0,0.2,0.182,5.7,11.9,0.477,3.1,4.1,0.768,1.4,5.8,7.2,3.6,1.0,1.3,1.9,2.5,14.6,MARC GASOL_MEM_2013-14,18.2,0.526,5.6,0.137,3.0,2.5,,2013,MEM,2015,Max,5,113.2,22.64,31,0,-0.65
2014-15,Marc Gasol,30,MEM Grizzlies,NBA,C,81.0,33.2,6.5,13.2,0.494,0.0,0.2,0.176,6.5,13.0,0.5,4.3,5.4,0.795,1.4,6.4,7.8,3.8,0.9,1.6,2.2,2.6,17.4,MARC GASOL_MEM_2014-15,21.7,0.558,10.2,0.182,5.1,4.8,,2014,MEM,2015,Max,5,113.2,22.64,31,0,0.06
2015-16,Marc Gasol,31,MEM Grizzlies,NBA,C,52.0,34.4,6.3,13.6,0.464,0.0,0.1,0.667,6.3,13.5,0.463,3.9,4.7,0.829,1.1,5.8,7.0,3.8,1.0,1.3,2.3,2.7,16.6,MARC GASOL_MEM_2015-16,17.7,0.528,3.7,0.098,1.7,1.7,,2015,MEM,2015,Max,5,113.2,22.64,31,1,-1.1
2016-17,Marc Gasol,32,MEM Grizzlies,NBA,C,74.0,34.2,7.2,15.7,0.459,1.4,3.6,0.388,5.8,12.1,0.48,3.8,4.5,0.837,0.8,5.5,6.3,4.6,0.9,1.3,2.2,2.3,19.5,MARC GASOL_MEM_2016-17,20.3,0.554,7.7,0.145,5.2,4.6,,2016,MEM,2015,Max,5,113.2,22.64,31,1,-0.53
2017-18,Marc Gasol,33,MEM Grizzlies,NBA,C,73.0,33.0,5.9,14.2,0.42,1.5,4.4,0.341,4.5,9.8,0.456,3.8,4.6,0.834,1.1,7.0,8.1,4.2,0.7,1.4,2.7,2.5,17.2,MARC GASOL_MEM_2017-18,17.4,0.532,4.0,0.08,2.3,2.7,,2017,MEM,2015,Max,5,113.2,22.64,31,1,-1.12
2018-19,Marc Gasol,34,MEM Grizzlies/TOR Raptors,NBA,C,79.0,30.8,4.9,11.0,0.448,1.3,3.5,0.363,3.7,7.6,0.487,2.4,3.2,0.759,1.0,6.9,7.9,4.4,1.1,1.1,2.0,2.7,13.6,MARC GASOL_2TM_2018-19,16.7,0.546,6.0,0.118,3.1,3.1,,2018,2TM,2015,Max,5,113.2,22.64,31,1,-1.0
2019-20,Marc Gasol,35,TOR Raptors,NBA,C,44.0,26.4,2.7,6.3,0.427,1.3,3.4,0.385,1.4,3.0,0.473,0.8,1.1,0.735,0.7,5.5,6.3,3.3,0.8,0.9,1.3,2.8,7.5,MARC GASOL_TOR_2019-20,11.8,0.551,3.0,0.124,1.6,1.1,,2019,TOR,2015,Max,5,113.2,22.64,31,1,-1.69
2020-21,Marc Gasol,36,LAL Lakers,NBA,C,52.0,19.1,1.7,3.7,0.454,1.0,2.3,0.41,0.7,1.4,0.528,0.7,1.0,0.72,0.7,3.4,4.1,2.1,0.5,1.1,1.0,2.2,5.0,MARC GASOL_LAL_2020-21,12.2,0.606,2.8,0.133,2.3,1.1,,2020,LAL,2015,Max,5,113.2,22.64,31,1,-1.55
2007-08,Mike Conley,20,MEM Grizzlies,NBA,PG,53.0,26.1,3.6,8.3,0.428,0.6,1.7,0.33,3.0,6.6,0.453,1.7,2.3,0.732,0.4,2.2,2.6,4.2,0.8,0.0,1.7,1.6,9.4,MIKE CONLEY_MEM_2007-08,12.6,0.502,1.1,0.038,-3.0,-0.3,,2007,MEM,2016,Max,5,153.0,30.6,29,0,-1.2
2008-09,Mike Conley,21,MEM Grizzlies,NBA,PG,82.0,30.6,3.9,8.9,0.442,1.1,2.6,0.406,2.9,6.3,0.458,2.0,2.4,0.817,0.3,3.1,3.4,4.3,1.1,0.1,1.7,1.8,10.9,MIKE CONLEY_MEM_2008-09,14.3,0.548,4.5,0.086,-0.3,1.1,,2008,MEM,2016,Max,5,153.0,30.6,29,0,-0.89
2009-10,Mike Conley,22,MEM Grizzlies,NBA,PG,80.0,32.1,4.6,10.4,0.445,1.0,2.7,0.387,3.6,7.7,0.464,1.7,2.3,0.743,0.4,2.0,2.4,5.3,1.4,0.2,2.1,2.2,12.0,MIKE CONLEY_MEM_2009-10,13.9,0.526,4.0,0.074,-0.6,0.9,,2009,MEM,2016,Max,5,153.0,30.6,29,0,-1.13
2010-11,Mike Conley,23,MEM Grizzlies,NBA,PG,81.0,35.5,5.2,11.8,0.444,1.0,2.7,0.369,4.2,9.1,0.466,2.2,3.0,0.733,0.4,2.7,3.0,6.5,1.8,0.2,2.2,2.2,13.7,MIKE CONLEY_MEM_2010-11,15.9,0.521,6.6,0.111,1.2,2.3,,2010,MEM,2016,Max,5,153.0,30.6,29,0,-0.81
2011-12,Mike Conley,24,MEM Grizzlies,NBA,PG,62.0,35.1,4.8,11.0,0.433,1.0,2.6,0.377,3.8,8.5,0.45,2.2,2.5,0.861,0.4,2.2,2.5,6.5,2.2,0.2,2.0,2.1,12.7,MIKE CONLEY_MEM_2011-12,16.8,0.523,6.4,0.141,2.4,2.4,,2011,MEM,2016,Max,5,153.0,30.6,29,0,-0.56
2012-13,Mike Conley,25,MEM Grizzlies,NBA,PG,80.0,34.5,5.2,11.8,0.44,1.3,3.7,0.362,3.9,8.1,0.476,2.9,3.5,0.83,0.5,2.3,2.8,6.1,2.2,0.3,2.4,2.1,14.6,MIKE CONLEY_MEM_2012-13,18.3,0.549,9.9,0.172,4.6,4.6,,2012,MEM,2016,Max,5,153.0,30.6,29,0,-0.15
2013-14,Mike Conley,26,MEM Grizzlies,NBA,PG,73.0,33.5,6.3,14.1,0.45,1.4,4.0,0.361,4.9,10.1,0.484,3.1,3.8,0.815,0.6,2.4,2.9,6.0,1.5,0.2,2.1,1.9,17.2,MIKE CONLEY_MEM_2013-14,20.0,0.545,8.2,0.161,3.8,3.6,,2013,MEM,2016,Max,5,153.0,30.6,29,0,-0.24
2014-15,Mike Conley,27,MEM Grizzlies,NBA,PG,70.0,31.8,5.6,12.6,0.446,1.5,4.0,0.386,4.1,8.6,0.473,3.1,3.6,0.859,0.4,2.6,3.0,5.4,1.3,0.2,2.2,2.0,15.8,MIKE CONLEY_MEM_2014-15,18.6,0.558,6.8,0.147,2.8,2.7,,2014,MEM,2016,Max,5,153.0,30.6,29,0,-0.66
2015-16,Mike Conley,28,MEM Grizzlies,NBA,PG,56.0,31.4,5.3,12.4,0.422,1.4,3.8,0.363,3.9,8.6,0.449,3.4,4.1,0.834,0.5,2.5,2.9,6.1,1.2,0.3,1.5,1.8,15.3,MIKE CONLEY_MEM_2015-16,19.4,0.538,5.3,0.144,3.0,2.2,,2015,MEM,2016,Max,5,153.0,30.6,29,0,-0.69
2016-17,Mike Conley,29,MEM Grizzlies,NBA,PG,69.0,33.2,6.7,14.6,0.46,2.5,6.1,0.408,4.2,8.6,0.497,4.6,5.3,0.859,0.4,3.0,3.5,6.3,1.3,0.3,2.3,1.8,20.5,MIKE CONLEY_MEM_2016-17,23.2,0.604,10.0,0.209,6.8,5.1,,2016,MEM,2016,Max,5,153.0,30.6,29,1,0.11
2017-18,Mike Conley,30,MEM Grizzlies,NBA,PG,12.0,31.1,5.3,14.0,0.381,2.0,6.4,0.312,3.3,7.6,0.44,4.4,5.5,0.803,0.0,2.3,2.3,4.1,1.0,0.3,1.5,2.0,17.1,MIKE CONLEY_MEM_2017-18,15.4,0.52,0.6,0.077,0.5,0.2,,2017,MEM,2016,Max,5,153.0,30.6,29,1,-1.74
2018-19,Mike Conley,31,MEM Grizzlies,NBA,PG,70.0,33.5,7.0,16.0,0.438,2.2,6.1,0.364,4.8,9.9,0.483,4.9,5.8,0.845,0.6,2.8,3.4,6.4,1.3,0.3,1.9,1.8,21.1,MIKE CONLEY_MEM_2018-19,21.4,0.569,8.0,0.164,4.7,3.9,,2018,MEM,2016,Max,5,153.0,30.6,29,1,-0.21
2019-20,Mike Conley,32,UTA Jazz,NBA,PG,47.0,29.0,4.9,12.1,0.409,2.0,5.4,0.375,2.9,6.6,0.437,2.4,3.0,0.827,0.7,2.5,3.2,4.4,0.8,0.1,2.0,2.2,14.4,MIKE CONLEY_UTA_2019-20,14.1,0.537,2.5,0.089,0.3,0.8,,2019,UTA,2016,Max,5,153.0,30.6,29,1,-1.69
2020-21,Mike Conley,33,UTA Jazz,NBA,PG,51.0,29.4,5.6,12.5,0.444,2.7,6.6,0.412,2.9,6.0,0.479,2.4,2.8,0.852,0.7,2.8,3.5,6.0,1.4,0.2,1.9,1.9,16.2,MIKE CONLEY_UTA_2020-21,19.2,0.589,6.1,0.197,4.9,2.6,,2020,UTA,2016,Max,5,153.0,30.6,29,1,-0.35
2021-22,Mike Conley,34,UTA Jazz,NBA,PG,72.0,28.6,4.8,11.0,0.435,2.3,5.8,0.408,2.4,5.2,0.464,1.8,2.3,0.796,0.7,2.4,3.0,5.3,1.3,0.3,1.7,2.0,13.7,MIKE CONLEY_UTA_2021-22,17.2,0.572,6.7,0.157,3.1,2.7,,2021,UTA,2016,Max,5,153.0,30.6,29,1,-0.58
2022-23,Mike Conley,35,UTA Jazz/MIN Timberwolves,NBA,PG,67.0,30.3,3.9,9.1,0.428,2.0,5.2,0.385,1.9,3.9,0.486,2.1,2.5,0.834,0.5,2.2,2.7,6.7,1.1,0.2,1.5,2.1,11.9,MIKE CONLEY_2TM_2022-23,14.7,0.583,5.5,0.13,0.9,1.5,,2022,2TM,2016,Max,5,153.0,30.6,29,1,-1.04
2023-24,Mike Conley,36,MIN Timberwolves,NBA,PG,76.0,28.9,3.9,8.5,0.457,2.4,5.3,0.442,1.5,3.1,0.481,1.3,1.5,0.911,0.5,2.4,2.9,5.9,1.2,0.2,1.3,1.7,11.4,MIKE CONLEY_MIN_2023-24,15.8,0.627,8.2,0.18,3.4,3.0,,2023,MIN,2016,Max,5,153.0,30.6,29,1,-0.61
2024-25,Mike Conley,37,MIN Timberwolves,NBA,PG,71.0,24.7,2.6,6.6,0.4,1.8,4.4,0.41,0.8,2.2,0.38,1.1,1.3,0.9,0.5,2.1,2.6,4.5,1.1,0.2,1.1,1.6,8.2,MIKE CONLEY_MIN_2024-25,13.3,0.573,5.2,0.142,1.2,1.4,,2024,MIN,2016,Max,5,153.0,30.6,29,1,-0.92
2014-15,Nikola Jokic,19,DEN Nuggets,NBA,C,,,,,,,,,,,,,,,,,,,,,,,,NIKOLA JOKIC_DID NOT PLAY - OTHER PRO LEAGUE_2014-15,,,,,,,Other league,2014,DEN,2022,Supermax,5,276.0,55.2,27,0,
2015-16,Nikola Jokic,20,DEN Nuggets,NBA,C,80.0,21.7,3.8,7.5,0.512,0.4,1.1,0.333,3.5,6.5,0.541,1.9,2.4,0.811,2.3,4.7,7.0,2.4,1.0,0.6,1.3,2.6,10.0,NIKOLA JOKIC_DEN_2015-16,21.5,0.582,6.7,0.185,3.9,2.6,,2015,DEN,2022,Supermax,5,276.0,55.2,27,0,-0.27
2016-17,Nikola Jokic,21,DEN Nuggets,NBA,C,73.0,27.9,6.8,11.7,0.578,0.6,1.9,0.324,6.2,9.8,0.628,2.6,3.1,0.825,2.9,6.9,9.8,4.9,0.8,0.8,2.3,2.9,16.7,NIKOLA JOKIC_DEN_2016-17,26.3,0.64,9.7,0.228,7.3,4.8,,2016,DEN,2022,Supermax,5,276.0,55.2,27,0,0.46
2017-18,Nikola Jokic,22,DEN Nuggets,NBA,C,75.0,32.6,6.7,13.5,0.499,1.5,3.7,0.396,5.2,9.7,0.538,3.5,4.2,0.85,2.6,8.1,10.7,6.1,1.2,0.8,2.8,2.8,18.5,NIKOLA JOKIC_DEN_2017-18,24.4,0.603,10.7,0.211,6.9,5.5,,2017,DEN,2022,Supermax,5,276.0,55.2,27,0,0.55
2018-19,Nikola Jokic,23,DEN Nuggets,NBA,C,80.0,31.3,7.7,15.1,0.511,1.0,3.4,0.307,6.7,11.7,0.569,3.6,4.4,0.821,2.9,8.0,10.8,7.3,1.4,0.7,3.1,2.9,20.1,NIKOLA JOKIC_DEN_2018-19,26.3,0.589,11.8,0.226,9.1,7.0,,2018,DEN,2022,Supermax,5,276.0,55.2,27,0,1.04
2019-20,Nikola Jokic,24,DEN Nuggets,NBA,C,73.0,32.0,7.7,14.7,0.528,1.1,3.5,0.314,6.6,11.2,0.594,3.4,4.1,0.817,2.3,7.5,9.7,7.0,1.2,0.6,3.1,3.0,19.9,NIKOLA JOKIC_DEN_2019-20,24.9,0.605,9.8,0.202,7.4,5.5,,2019,DEN,2022,Supermax,5,276.0,55.2,27,0,0.7
2020-21,Nikola Jokic,25,DEN Nuggets,NBA,C,72.0,34.6,10.2,18.0,0.566,1.3,3.3,0.388,8.9,14.7,0.606,4.8,5.5,0.868,2.8,8.0,10.8,8.3,1.3,0.7,3.1,2.7,26.4,NIKOLA JOKIC_DEN_2020-21,31.3,0.647,15.6,0.301,12.1,8.8,,2020,DEN,2022,Supermax,5,276.0,55.2,27,0,2.4
2021-22,Nikola Jokic,26,DEN Nuggets,NBA,C,74.0,33.5,10.3,17.7,0.583,1.3,3.9,0.337,9.0,13.8,0.652,5.1,6.3,0.81,2.8,11.0,13.8,7.9,1.5,0.9,3.8,2.6,27.1,NIKOLA JOKIC_DEN_2021-22,32.8,0.661,15.2,0.296,13.7,9.8,,2021,DEN,2022,Supermax,5,276.0,55.2,27,0,2.4
2022-23,Nikola Jokic,27,DEN Nuggets,NBA,C,69.0,33.7,9.4,14.8,0.632,0.8,2.2,0.383,8.5,12.7,0.675,4.9,6.0,0.822,2.4,9.4,11.8,9.8,1.3,0.7,3.6,2.5,24.5,NIKOLA JOKIC_DEN_2022-23,31.5,0.701,14.9,0.308,13.0,8.8,,2022,DEN,2022,Supermax,5,276.0,55.2,27,1,2.25
2023-24,Nikola Jokic,28,DEN Nuggets,NBA,C,79.0,34.6,10.4,17.9,0.583,1.1,2.9,0.359,9.4,14.9,0.626,4.5,5.5,0.817,2.8,9.5,12.4,9.0,1.4,0.9,3.0,2.5,26.4,NIKOLA JOKIC_DEN_2023-24,31.0,0.65,17.0,0.299,13.2,10.6,,2023,DEN,2022,Supermax,5,276.0,55.2,27,1,2.6
2024-25,Nikola Jokic,29,DEN Nuggets,NBA,C,70.0,36.7,11.2,19.5,0.576,2.0,4.7,0.417,9.3,14.8,0.627,5.2,6.4,0.8,2.9,9.9,12.7,10.2,1.8,0.6,3.3,2.3,29.6,NIKOLA JOKIC_DEN_2024-25,32.0,0.663,16.4,0.307,13.3,9.8,,2024,DEN,2022,Supermax,5,276.0,55.2,27,1,2.77
2010-11,Paul George,20,IND Pacers,NBA,SG,61.0,20.7,2.9,6.5,0.453,0.7,2.3,0.297,2.3,4.2,0.537,1.3,1.7,0.762,0.6,3.1,3.7,1.1,1.0,0.4,1.1,2.1,7.8,PAUL GEORGE_IND_2010-11,13.0,0.542,2.4,0.091,-0.1,0.6,,2010,IND,2018,Max,4,137.0,34.25,28,0,-1.46
2011-12,Paul George,21,IND Pacers,NBA,SG,66.0,29.7,4.3,9.7,0.44,1.4,3.5,0.385,2.9,6.1,0.472,2.2,2.8,0.802,0.8,4.8,5.6,2.4,1.6,0.6,1.8,2.9,12.1,PAUL GEORGE_IND_2011-12,16.5,0.555,6.0,0.148,3.4,2.7,,2011,IND,2018,Max,4,137.0,34.25,28,0,-0.51
2012-13,Paul George,22,IND Pacers,NBA,SF,79.0,37.6,6.2,14.9,0.419,2.2,5.9,0.362,4.1,8.9,0.457,2.8,3.5,0.807,1.1,6.5,7.6,4.1,1.8,0.6,2.9,2.9,17.4,PAUL GEORGE_IND_2012-13,16.8,0.531,9.0,0.145,3.8,4.4,,2012,IND,2018,Max,4,137.0,34.25,28,0,-0.42
2013-14,Paul George,23,IND Pacers,NBA,SF,80.0,36.2,7.2,17.0,0.424,2.3,6.3,0.364,4.9,10.8,0.458,5.0,5.8,0.864,0.8,6.0,6.8,3.5,1.9,0.3,2.8,2.5,21.7,PAUL GEORGE_IND_2013-14,20.1,0.555,10.8,0.178,4.9,5.0,,2013,IND,2018,Max,4,137.0,34.25,28,0,0.03
2014-15,Paul George,24,IND Pacers,NBA,SF,6.0,15.2,3.0,8.2,0.367,1.5,3.7,0.409,1.5,4.5,0.333,1.3,1.8,0.727,0.7,3.0,3.7,1.0,0.8,0.2,2.0,1.8,8.8,PAUL GEORGE_IND_2014-15,13.0,0.492,0.0,-0.008,-2.2,0.0,,2014,IND,2018,Max,4,137.0,34.25,28,0,-2.1
2015-16,Paul George,25,IND Pacers,NBA,SF,81.0,34.8,7.5,17.9,0.418,2.6,7.0,0.371,4.9,10.9,0.447,5.6,6.5,0.86,1.0,6.0,7.0,4.1,1.9,0.4,3.3,2.8,23.1,PAUL GEORGE_IND_2015-16,20.9,0.557,9.2,0.157,4.9,4.9,,2015,IND,2018,Max,4,137.0,34.25,28,0,-0.1
2016-17,Paul George,26,IND Pacers,NBA,SF,75.0,35.9,8.3,18.0,0.461,2.6,6.6,0.393,5.7,11.4,0.501,4.5,5.0,0.898,0.8,5.8,6.6,3.3,1.6,0.4,2.9,2.7,23.7,PAUL GEORGE_IND_2016-17,20.2,0.587,7.1,0.126,3.1,3.4,,2016,IND,2018,Max,4,137.0,34.25,28,0,-0.8
2017-18,Paul George,27,OKC Thunder,NBA,SF,79.0,36.6,7.3,17.0,0.43,3.1,7.7,0.401,4.2,9.3,0.454,4.3,5.2,0.822,0.9,4.7,5.7,3.3,2.0,0.5,2.7,2.9,21.9,PAUL GEORGE_OKC_2017-18,18.7,0.57,8.9,0.147,2.9,3.6,,2017,OKC,2018,Max,4,137.0,34.25,28,0,-0.58
2018-19,Paul George,28,OKC Thunder,NBA,SF,77.0,36.9,9.2,21.0,0.438,3.8,9.8,0.386,5.4,11.1,0.484,5.9,7.0,0.839,1.4,6.8,8.2,4.1,2.2,0.4,2.7,2.8,28.0,PAUL GEORGE_OKC_2018-19,23.3,0.583,11.9,0.201,7.2,6.6,,2018,OKC,2018,Max,4,137.0,34.25,28,1,0.56
2019-20,Paul George,29,LAC Clippers,NBA,SF,48.0,29.6,7.1,16.3,0.439,3.3,7.9,0.412,3.9,8.4,0.464,4.0,4.5,0.876,0.5,5.2,5.7,3.9,1.4,0.4,2.6,2.4,21.5,PAUL GEORGE_LAC_2019-20,21.1,0.589,4.8,0.161,4.9,2.5,,2019,LAC,2018,Max,4,137.0,34.25,28,1,-0.38
2020-21,Paul George,30,LAC Clippers,NBA,SF,54.0,33.7,8.2,17.6,0.467,3.2,7.7,0.411,5.1,9.9,0.51,3.7,4.2,0.868,0.8,5.8,6.6,5.2,1.1,0.4,3.3,2.4,23.3,PAUL GEORGE_LAC_2020-21,20.5,0.598,5.3,0.139,4.2,2.9,,2020,LAC,2018,Max,4,137.0,34.25,28,1,-0.38
2021-22,Paul George,31,LAC Clippers,NBA,PF,31.0,34.7,8.6,20.5,0.421,2.9,8.3,0.354,5.7,12.2,0.467,4.1,4.8,0.858,0.4,6.5,6.9,5.7,2.2,0.4,4.1,2.4,24.3,PAUL GEORGE_LAC_2021-22,18.6,0.538,1.3,0.057,3.7,1.6,,2021,LAC,2018,Max,4,137.0,34.25,28,1,-0.99
2022-23,Paul George,32,LAC Clippers,NBA,SF,56.0,34.6,8.2,17.9,0.457,2.8,7.6,0.371,5.4,10.3,0.521,4.6,5.3,0.871,0.8,5.3,6.1,5.1,1.5,0.4,3.1,2.8,23.8,PAUL GEORGE_LAC_2022-23,19.6,0.588,4.6,0.114,2.8,2.3,,2022,LAC,2018,Max,4,137.0,34.25,28,1,-0.56
2023-24,Paul George,33,LAC Clippers,NBA,PF,74.0,33.8,7.9,16.7,0.471,3.3,7.9,0.413,4.6,8.8,0.523,3.6,3.9,0.907,0.5,4.7,5.2,3.5,1.5,0.5,2.1,2.7,22.6,PAUL GEORGE_LAC_2023-24,19.3,0.613,7.3,0.14,3.2,3.3,,2023,LAC,2018,Max,4,137.0,34.25,28,1,-0.43
2024-25,Paul George,34,PHI 76ers,NBA,PF,41.0,32.5,6.0,13.9,0.43,2.3,6.5,0.358,3.6,7.4,0.493,1.9,2.4,0.814,0.6,4.8,5.3,4.3,1.8,0.5,2.6,2.5,16.2,PAUL GEORGE_PHI_2024-25,14.5,0.543,1.0,0.036,-0.4,0.5,,2024,PHI,2018,Max,4,137.0,34.25,28,1,-1.36
2008-09,Russell Westbrook,20,OKC Thunder,NBA,PG,82.0,32.5,5.3,13.4,0.398,0.4,1.6,0.271,4.9,11.8,0.415,4.3,5.2,0.815,2.2,2.7,4.9,5.3,1.3,0.2,3.3,2.3,15.3,RUSSELL WESTBROOK_OKC_2008-09,15.2,0.489,1.9,0.035,-1.0,0.7,,2008,OKC,2017,Supermax,5,205.0,41.0,29,0,-0.99
2009-10,Russell Westbrook,21,OKC Thunder,NBA,PG,82.0,34.3,5.9,14.1,0.418,0.3,1.3,0.221,5.6,12.9,0.438,4.0,5.1,0.78,1.7,3.1,4.9,8.0,1.3,0.4,3.3,2.5,16.1,RUSSELL WESTBROOK_OKC_2009-10,17.8,0.491,6.1,0.105,1.2,2.3,,2009,OKC,2017,Supermax,5,205.0,41.0,29,0,-0.54
2010-11,Russell Westbrook,22,OKC Thunder,NBA,PG,82.0,34.7,7.5,17.0,0.442,0.4,1.3,0.33,7.1,15.7,0.451,6.5,7.7,0.842,1.5,3.1,4.6,8.2,1.9,0.4,3.9,2.5,21.9,RUSSELL WESTBROOK_OKC_2010-11,23.6,0.538,9.4,0.159,4.2,4.4,,2010,OKC,2017,Supermax,5,205.0,41.0,29,0,0.51
2011-12,Russell Westbrook,23,OKC Thunder,NBA,PG,66.0,35.3,8.8,19.2,0.457,0.9,3.0,0.316,7.8,16.2,0.482,5.2,6.3,0.823,1.5,3.1,4.6,5.5,1.7,0.3,3.6,2.2,23.6,RUSSELL WESTBROOK_OKC_2011-12,22.9,0.538,7.9,0.163,3.0,3.0,,2011,OKC,2017,Supermax,5,205.0,41.0,29,0,0.18
2012-13,Russell Westbrook,24,OKC Thunder,NBA,PG,82.0,34.9,8.2,18.7,0.438,1.2,3.7,0.323,7.0,15.1,0.466,5.6,7.0,0.8,1.4,3.9,5.2,7.4,1.8,0.3,3.3,2.3,23.2,RUSSELL WESTBROOK_OKC_2012-13,23.9,0.532,11.6,0.195,4.4,4.6,,2012,OKC,2017,Supermax,5,205.0,41.0,29,0,0.49
2013-14,Russell Westbrook,25,OKC Thunder,NBA,PG,46.0,30.7,7.5,17.2,0.437,1.5,4.7,0.318,6.0,12.5,0.482,5.3,6.4,0.826,1.2,4.5,5.7,6.9,1.9,0.2,3.8,2.3,21.8,RUSSELL WESTBROOK_OKC_2013-14,24.7,0.545,5.2,0.178,5.5,2.7,,2013,OKC,2017,Supermax,5,205.0,41.0,29,0,0.1
2014-15,Russell Westbrook,26,OKC Thunder,NBA,PG,67.0,34.4,9.4,22.0,0.426,1.3,4.3,0.299,8.1,17.7,0.457,8.1,9.8,0.835,1.9,5.4,7.3,8.6,2.1,0.2,4.4,2.7,28.1,RUSSELL WESTBROOK_OKC_2014-15,29.1,0.536,10.6,0.222,8.1,5.8,,2014,OKC,2017,Supermax,5,205.0,41.0,29,0,1.0
2015-16,Russell Westbrook,27,OKC Thunder,NBA,PG,80.0,34.4,8.2,18.1,0.454,1.3,4.3,0.296,6.9,13.8,0.503,5.8,7.2,0.812,1.8,6.0,7.8,10.4,2.0,0.3,4.3,2.5,23.5,RUSSELL WESTBROOK_OKC_2015-16,27.6,0.554,14.0,0.245,7.8,6.8,,2015,OKC,2017,Supermax,5,205.0,41.0,29,0,1.16
2016-17,Russell Westbrook,28,OKC Thunder,NBA,PG,81.0,34.6,10.2,24.0,0.425,2.5,7.2,0.343,7.7,16.8,0.459,8.8,10.4,0.845,1.7,9.0,10.7,10.4,1.6,0.4,5.4,2.3,31.6,RUSSELL WESTBROOK_OKC_2016-17,30.6,0.554,13.1,0.224,11.1,9.3,,2016,OKC,2017,Supermax,5,205.0,41.0,29,0,1.58
2017-18,Russell Westbrook,29,OKC Thunder,NBA,PG,80.0,36.4,9.5,21.1,0.449,1.2,4.1,0.298,8.3,17.0,0.485,5.2,7.1,0.737,1.9,8.2,10.1,10.3,1.8,0.3,4.8,2.5,25.4,RUSSELL WESTBROOK_OKC_2017-18,24.7,0.524,10.1,0.166,6.3,6.1,,2017,OKC,2017,Supermax,5,205.0,41.0,29,1,0.5
2018-19,Russell Westbrook,30,OKC Thunder,NBA,PG,73.0,36.0,8.6,20.2,0.428,1.6,5.6,0.29,7.0,14.5,0.481,4.1,6.2,0.656,1.5,9.6,11.1,10.7,1.9,0.5,4.5,3.4,22.9,RUSSELL WESTBROOK_OKC_2018-19,21.1,0.501,6.8,0.124,5.2,4.7,,2018,OKC,2017,Supermax,5,205.0,41.0,29,1,-0.28
2019-20,Russell Westbrook,31,HOU Rockets,NBA,PG,57.0,35.9,10.6,22.5,0.472,1.0,3.7,0.258,9.6,18.7,0.514,5.1,6.7,0.763,1.8,6.2,7.9,7.0,1.6,0.4,4.5,3.5,27.2,RUSSELL WESTBROOK_HOU_2019-20,21.0,0.536,4.2,0.098,1.5,1.8,,2019,HOU,2017,Supermax,5,205.0,41.0,29,1,-0.8
2020-21,Russell Westbrook,32,WAS Wizards,NBA,PG,65.0,36.4,8.4,19.0,0.439,1.3,4.2,0.315,7.0,14.8,0.475,4.2,6.4,0.656,1.7,9.9,11.5,11.7,1.4,0.4,4.8,2.9,22.2,RUSSELL WESTBROOK_WAS_2020-21,19.5,0.509,3.7,0.075,3.7,3.4,,2020,WAS,2017,Supermax,5,205.0,41.0,29,1,-0.61
2021-22,Russell Westbrook,33,LAL Lakers,NBA,PG,78.0,34.3,7.0,15.8,0.444,1.0,3.4,0.298,6.0,12.4,0.485,3.4,5.1,0.667,1.4,6.0,7.4,7.1,1.0,0.3,3.8,3.0,18.5,RUSSELL WESTBROOK_LAL_2021-22,15.0,0.512,1.7,0.03,-1.6,0.2,,2021,LAL,2017,Supermax,5,205.0,41.0,29,1,-1.62
2022-23,Russell Westbrook,34,LAL Lakers/LAC Clippers,NBA,PG,73.0,29.1,5.9,13.6,0.436,1.2,3.9,0.311,4.7,9.7,0.487,2.8,4.3,0.656,1.2,4.6,5.8,7.5,1.0,0.5,3.5,2.2,15.9,RUSSELL WESTBROOK_2TM_2022-23,16.1,0.513,1.9,0.044,0.2,1.2,,2022,2TM,2017,Supermax,5,205.0,41.0,29,1,-1.29
2023-24,Russell Westbrook,35,LAC Clippers,NBA,PG,68.0,22.5,4.4,9.8,0.454,0.6,2.3,0.273,3.8,7.5,0.509,1.6,2.4,0.688,1.4,3.7,5.0,4.5,1.1,0.3,2.1,1.8,11.1,RUSSELL WESTBROOK_LAC_2023-24,16.2,0.514,2.1,0.066,0.5,1.0,,2023,LAC,2017,Supermax,5,205.0,41.0,29,1,-1.44
2024-25,Russell Westbrook,36,DEN Nuggets,NBA,PG,75.0,27.9,5.0,11.1,0.449,1.3,3.9,0.323,3.7,7.2,0.517,2.1,3.1,0.661,1.4,3.6,4.9,6.1,1.4,0.5,3.2,2.5,13.3,RUSSELL WESTBROOK_DEN_2024-25,14.3,0.532,1.9,0.045,-1.1,0.5,,2024,DEN,2017,Supermax,5,205.0,41.0,29,1,-1.34
2009-10,Stephen Curry,21,GSW Warriors,NBA,PG,80.0,36.2,6.6,14.3,0.462,2.1,4.8,0.437,4.5,9.5,0.474,2.2,2.5,0.885,0.6,3.9,4.5,5.9,1.9,0.2,3.0,3.2,17.5,STEPHEN CURRY_GSW_2009-10,16.3,0.568,4.7,0.077,0.7,2.0,,2009,GSW,2017,Supermax,5,201.0,40.2,29,0,-0.8
2010-11,Stephen Curry,22,GSW Warriors,NBA,PG,74.0,33.6,6.8,14.2,0.48,2.0,4.6,0.442,4.8,9.6,0.498,2.9,3.1,0.934,0.7,3.2,3.9,5.8,1.5,0.3,3.1,3.1,18.6,STEPHEN CURRY_GSW_2010-11,19.4,0.595,6.6,0.128,2.3,2.7,,2010,GSW,2017,Supermax,5,201.0,40.2,29,0,-0.32
2011-12,Stephen Curry,23,GSW Warriors,NBA,PG,26.0,28.2,5.6,11.4,0.49,2.1,4.7,0.455,3.5,6.7,0.514,1.5,1.8,0.809,0.6,2.8,3.4,5.3,1.5,0.3,2.5,2.4,14.7,STEPHEN CURRY_GSW_2011-12,21.2,0.605,2.2,0.144,4.3,1.2,,2011,GSW,2017,Supermax,5,201.0,40.2,29,0,-0.36
2012-13,Stephen Curry,24,GSW Warriors,NBA,PG,78.0,38.2,8.0,17.8,0.451,3.5,7.7,0.453,4.5,10.1,0.449,3.4,3.7,0.9,0.8,3.3,4.0,6.9,1.6,0.2,3.1,2.5,22.9,STEPHEN CURRY_GSW_2012-13,21.3,0.589,11.2,0.18,5.4,5.6,,2012,GSW,2017,Supermax,5,201.0,40.2,29,0,0.32
2013-14,Stephen Curry,25,GSW Warriors,NBA,PG,78.0,36.5,8.4,17.7,0.471,3.3,7.9,0.424,5.0,9.8,0.509,3.9,4.5,0.885,0.6,3.7,4.3,8.5,1.6,0.2,3.8,2.5,24.0,STEPHEN CURRY_GSW_2013-14,24.1,0.61,13.4,0.225,7.4,6.7,,2013,GSW,2017,Supermax,5,201.0,40.2,29,0,0.8
2014-15,Stephen Curry,26,GSW Warriors,NBA,PG,80.0,32.7,8.2,16.8,0.487,3.6,8.1,0.443,4.6,8.7,0.528,3.9,4.2,0.914,0.7,3.6,4.3,7.7,2.0,0.2,3.1,2.0,23.8,STEPHEN CURRY_GSW_2014-15,28.0,0.638,15.7,0.288,9.9,7.9,,2014,GSW,2017,Supermax,5,201.0,40.2,29,0,1.46
2015-16,Stephen Curry,27,GSW Warriors,NBA,PG,79.0,34.2,10.2,20.2,0.504,5.1,11.2,0.454,5.1,9.0,0.566,4.6,5.1,0.908,0.9,4.6,5.4,6.7,2.1,0.2,3.3,2.0,30.1,STEPHEN CURRY_GSW_2015-16,31.5,0.669,17.9,0.318,11.9,9.5,,2015,GSW,2017,Supermax,5,201.0,40.2,29,0,2.21
2016-17,Stephen Curry,28,GSW Warriors,NBA,PG,79.0,33.4,8.5,18.3,0.468,4.1,10.0,0.411,4.4,8.3,0.537,4.1,4.6,0.898,0.8,3.7,4.5,6.6,1.8,0.2,3.0,2.3,25.3,STEPHEN CURRY_GSW_2016-17,24.6,0.624,12.6,0.229,6.9,5.9,,2016,GSW,2017,Supermax,5,201.0,40.2,29,0,0.46
2017-18,Stephen Curry,29,GSW Warriors,NBA,PG,51.0,32.0,8.4,16.9,0.495,4.2,9.8,0.423,4.2,7.1,0.595,5.5,5.9,0.921,0.7,4.4,5.1,6.1,1.6,0.2,3.0,2.2,26.4,STEPHEN CURRY_GSW_2017-18,28.2,0.675,9.1,0.267,7.7,4.0,,2017,GSW,2017,Supermax,5,201.0,40.2,29,1,0.9
2018-19,Stephen Curry,30,GSW Warriors,NBA,PG,69.0,33.8,9.2,19.4,0.472,5.1,11.7,0.437,4.0,7.7,0.525,3.8,4.2,0.916,0.7,4.7,5.3,5.2,1.3,0.4,2.8,2.4,27.3,STEPHEN CURRY_GSW_2018-19,24.4,0.641,9.7,0.199,6.6,5.1,,2018,GSW,2017,Supermax,5,201.0,40.2,29,1,0.43
2019-20,Stephen Curry,31,GSW Warriors,NBA,PG,5.0,27.8,6.6,16.4,0.402,2.4,9.8,0.245,4.2,6.6,0.636,5.2,5.2,1.0,0.8,4.4,5.2,6.6,1.0,0.4,3.2,2.2,20.8,STEPHEN CURRY_GSW_2019-20,21.7,0.557,0.3,0.103,3.9,0.2,,2019,GSW,2017,Supermax,5,201.0,40.2,29,1,-1.0
2020-21,Stephen Curry,32,GSW Warriors,NBA,PG,63.0,34.2,10.4,21.7,0.482,5.3,12.7,0.421,5.1,9.0,0.569,5.7,6.3,0.916,0.5,5.0,5.5,5.8,1.2,0.1,3.4,1.9,32.0,STEPHEN CURRY_GSW_2020-21,26.3,0.655,9.0,0.201,8.7,5.8,,2020,GSW,2017,Supermax,5,201.0,40.2,29,1,0.97
2021-22,Stephen Curry,33,GSW Warriors,NBA,PG,64.0,34.5,8.4,19.1,0.437,4.5,11.7,0.38,3.9,7.4,0.527,4.3,4.7,0.923,0.5,4.7,5.2,6.3,1.3,0.4,3.2,2.0,25.5,STEPHEN CURRY_GSW_2021-22,21.4,0.601,8.0,0.173,5.8,4.4,,2021,GSW,2017,Supermax,5,201.0,40.2,29,1,0.11
2022-23,Stephen Curry,34,GSW Warriors,NBA,PG,56.0,34.7,10.0,20.2,0.493,4.9,11.4,0.427,5.1,8.8,0.579,4.6,5.0,0.915,0.7,5.4,6.1,6.3,0.9,0.4,3.2,2.1,29.4,STEPHEN CURRY_GSW_2022-23,24.1,0.656,7.8,0.192,7.5,4.7,,2022,GSW,2017,Supermax,5,201.0,40.2,29,1,0.51
2023-24,Stephen Curry,35,GSW Warriors,NBA,PG,74.0,32.7,8.8,19.5,0.45,4.8,11.8,0.408,4.0,7.7,0.515,4.0,4.4,0.923,0.5,4.0,4.5,5.1,0.7,0.4,2.8,1.6,26.4,STEPHEN CURRY_GSW_2023-24,20.6,0.616,7.2,0.142,5.2,4.4,,2023,GSW,2017,Supermax,5,201.0,40.2,29,1,-0.12
2024-25,Stephen Curry,36,GSW Warriors,NBA,PG,70.0,32.2,8.1,18.0,0.448,4.4,11.2,0.397,3.6,6.8,0.534,4.0,4.3,0.933,0.6,3.9,4.4,6.0,1.1,0.4,2.9,1.4,24.5,STEPHEN CURRY_GSW_2024-25,21.5,0.618,7.9,0.168,6.3,4.8,,2024,GSW,2017,Supermax,5,201.0,40.2,29,1,0.47
