Season,Player,Age,Team,Lg,Pos,G,GS,MP,FG,FGA,FG%,3P,3PA,3P%,2P,2PA,2P%,eFG%,FT,FTA,FT%,ORB,DRB,TRB,AST,STL,BLK,TOV,PF,PTS,Awards
2012-13,Bradley Beal,19,WAS,NBA,SG,56,46,31.2,5.0,12.3,0.41,1.6,4.2,0.386,3.4,8.1,0.424,0.477,2.2,2.8,0.786,0.8,3.0,3.8,2.4,0.9,0.5,1.6,2.0,13.9,ROY-3
2013-14,Bradley Beal,20,WAS,NBA,SG,73,73,34.7,6.6,15.7,0.419,1.9,4.7,0.402,4.7,11.0,0.426,0.479,2.0,2.6,0.788,0.7,3.0,3.7,3.3,1.0,0.2,1.8,2.1,17.1,
2014-15,Bradley Beal,21,WAS,NBA,SG,63,59,33.4,5.8,13.5,0.427,1.7,4.1,0.409,4.1,9.4,0.434,0.489,2.1,2.6,0.783,0.9,2.9,3.8,3.1,1.2,0.3,2.0,2.2,15.3,
2015-16,Bradley Beal,22,WAS,NBA,SG,55,35,31.1,6.5,14.5,0.449,1.9,4.9,0.387,4.6,9.6,0.481,0.515,2.5,3.2,0.767,0.7,2.7,3.4,2.9,1.0,0.2,2.0,2.1,17.4,
2016-17,Bradley Beal,23,WAS,NBA,SG,77,77,34.9,8.3,17.2,0.482,2.9,7.2,0.404,5.4,10.0,0.538,0.566,3.7,4.4,0.825,0.7,2.4,3.1,3.5,1.1,0.3,2.0,2.2,23.1,
2017-18,Bradley Beal,24,WAS,NBA,SG,82,82,36.3,8.3,18.1,0.46,2.4,6.5,0.375,5.9,11.6,0.507,0.527,3.6,4.5,0.791,0.7,3.7,4.4,4.5,1.2,0.4,2.6,2.0,22.6,AS
2018-19,Bradley Beal,25,WAS,NBA,SG,82,82,36.9,9.3,19.6,0.475,2.5,7.3,0.351,6.8,12.4,0.548,0.54,4.4,5.5,0.808,1.1,3.9,5.0,5.5,1.5,0.7,2.7,2.8,25.6,AS
2019-20,Bradley Beal,26,WAS,NBA,SG,57,57,36.0,10.4,22.9,0.455,3.0,8.4,0.353,7.4,14.4,0.515,0.52,6.8,8.0,0.842,0.9,3.3,4.2,6.1,1.2,0.4,3.4,2.2,30.5,
2020-21,Bradley Beal,27,WAS,NBA,SG,60,60,35.8,11.2,23.0,0.485,2.2,6.2,0.349,9.0,16.8,0.535,0.532,6.8,7.7,0.889,1.2,3.5,4.7,4.4,1.2,0.4,3.1,2.3,31.3,ASNBA3
2021-22,Bradley Beal,28,WAS,NBA,SG,40,40,36.0,8.7,19.3,0.451,1.6,5.3,0.3,7.1,14.0,0.508,0.492,4.2,5.1,0.833,1.0,3.8,4.7,6.6,0.9,0.4,3.4,2.4,23.2,
2022-23,Bradley Beal,29,WAS,NBA,SG,50,50,33.5,8.9,17.6,0.506,1.6,4.4,0.365,7.3,13.2,0.552,0.551,3.8,4.6,0.842,0.8,3.1,3.9,5.4,0.9,0.7,2.9,2.1,23.2,
2023-24,Bradley Beal,30,PHO,NBA,SG,53,53,33.3,7.1,13.9,0.513,1.9,4.4,0.43,5.2,9.4,0.552,0.582,2.1,2.5,0.813,1.0,3.4,4.4,5.0,1.0,0.5,2.5,2.4,18.2,
2024-25,Bradley Beal,31,PHO,NBA,SG,53,38,32.1,6.5,13.1,0.497,1.9,5.0,0.386,4.6,8.1,0.565,0.571,2.1,2.6,0.803,0.6,2.7,3.3,3.7,1.1,0.5,1.9,2.6,17.0,
2015-16,Devin Booker,19,PHO,NBA,SG,76,51,27.7,4.8,11.4,0.423,1.3,3.8,0.343,3.5,7.6,0.464,0.48,2.8,3.4,0.84,0.4,2.1,2.5,2.6,0.6,0.3,2.1,3.0,13.8,ROY-4
2016-17,Devin Booker,20,PHO,NBA,SG,78,78,35.0,7.8,18.3,0.423,1.9,5.2,0.363,5.9,13.2,0.447,0.475,4.7,5.7,0.832,0.6,2.6,3.2,3.4,0.9,0.3,3.1,3.1,22.1,
2017-18,Devin Booker,21,PHO,NBA,SG,54,54,34.5,8.4,19.5,0.432,2.7,7.1,0.383,5.7,12.4,0.46,0.501,5.4,6.1,0.878,0.5,4.0,4.5,4.7,0.9,0.3,3.6,3.1,24.9,
2018-19,Devin Booker,22,PHO,NBA,SG,64,64,35.0,9.2,19.6,0.467,2.1,6.5,0.326,7.0,13.1,0.536,0.521,6.1,7.1,0.866,0.6,3.5,4.1,6.8,0.9,0.2,4.1,3.1,26.6,
2019-20,Devin Booker,23,PHO,NBA,SG,70,70,35.9,9.0,18.3,0.489,2.0,5.7,0.354,6.9,12.6,0.549,0.544,6.7,7.3,0.919,0.4,3.8,4.2,6.5,0.7,0.3,3.8,3.0,26.6,AS
2020-21,Devin Booker,24,PHO,NBA,SG,67,67,33.9,9.3,19.2,0.484,1.9,5.5,0.34,7.4,13.7,0.543,0.533,5.1,5.9,0.867,0.5,3.7,4.2,4.3,0.8,0.2,3.1,2.7,25.6,AS
2021-22,Devin Booker,25,PHO,NBA,SG,68,68,34.5,9.7,20.9,0.466,2.7,7.0,0.383,7.0,13.9,0.508,0.53,4.6,5.3,0.868,0.7,4.4,5.0,4.8,1.1,0.4,2.4,2.6,26.8,MVP-4ASNBA1
2022-23,Devin Booker,26,PHO,NBA,SG,53,53,34.6,9.9,20.1,0.494,2.1,6.0,0.351,7.8,14.2,0.554,0.546,5.8,6.8,0.855,0.9,3.7,4.5,5.5,1.0,0.3,2.7,3.0,27.8,
2023-24,Devin Booker,27,PHO,NBA,PG,68,68,36.0,9.4,19.2,0.492,2.2,6.1,0.364,7.2,13.0,0.552,0.55,6.0,6.7,0.886,0.8,3.7,4.5,6.9,0.9,0.4,2.6,3.0,27.1,ASNBA3
2024-25,Devin Booker,28,PHO,NBA,SG,75,75,37.3,8.7,18.9,0.461,2.4,7.3,0.332,6.3,11.6,0.542,0.525,5.8,6.4,0.894,1.0,3.1,4.1,7.1,0.9,0.2,2.9,2.6,25.6,
2016-17,Jaylen Brown,20,BOS,NBA,SF,78,20,17.2,2.5,5.4,0.454,0.6,1.7,0.341,1.9,3.7,0.507,0.508,1.1,1.6,0.685,0.6,2.2,2.8,0.8,0.4,0.2,0.9,1.8,6.6,ROY-8
2017-18,Jaylen Brown,21,BOS,NBA,SG,70,70,30.7,5.3,11.5,0.465,1.7,4.4,0.395,3.6,7.1,0.507,0.54,2.1,3.3,0.644,0.9,4.0,4.9,1.6,1.0,0.4,1.8,2.6,14.5,DPOY-10
2018-19,Jaylen Brown,22,BOS,NBA,SG,74,25,25.9,5.0,10.7,0.465,1.3,3.7,0.344,3.7,7.0,0.529,0.525,1.8,2.7,0.658,0.9,3.4,4.2,1.4,0.9,0.4,1.3,2.5,13.0,
2019-20,Jaylen Brown,23,BOS,NBA,SG,57,57,33.9,7.5,15.6,0.481,2.3,5.9,0.382,5.2,9.6,0.543,0.554,3.1,4.3,0.724,1.1,5.3,6.4,2.1,1.1,0.4,2.2,2.9,20.3,
2020-21,Jaylen Brown,24,BOS,NBA,SG,58,58,34.5,9.3,19.2,0.484,2.8,7.1,0.397,6.5,12.1,0.536,0.558,3.3,4.3,0.764,1.2,4.8,6.0,3.4,1.2,0.6,2.7,2.9,24.7,AS
2021-22,Jaylen Brown,25,BOS,NBA,SF,66,66,33.6,8.7,18.4,0.473,2.5,7.0,0.358,6.2,11.4,0.544,0.541,3.7,4.8,0.758,0.8,5.3,6.1,3.5,1.1,0.3,2.7,2.5,23.6,
2022-23,Jaylen Brown,26,BOS,NBA,SF,67,67,35.9,10.1,20.6,0.491,2.4,7.3,0.335,7.7,13.4,0.576,0.55,3.9,5.1,0.765,1.2,5.7,6.9,3.5,1.1,0.4,2.9,2.6,26.6,ASNBA2
2023-24,Jaylen Brown,27,BOS,NBA,SF,70,70,33.5,9.0,17.9,0.499,2.1,5.9,0.354,6.9,12.1,0.57,0.557,3.0,4.3,0.703,1.2,4.3,5.5,3.6,1.2,0.5,2.4,2.6,23.0,AS
2024-25,Jaylen Brown,28,BOS,NBA,SF,63,63,34.3,8.2,17.7,0.463,1.8,5.7,0.324,6.4,12.1,0.529,0.515,3.9,5.1,0.764,1.3,4.5,5.8,4.5,1.2,0.3,2.6,2.4,22.2,
2007-08,Mike Conley,20,MEM,NBA,PG,53,46,26.1,3.6,8.3,.428,0.6,1.7,.330,3.0,6.6,.453,.462,1.7,2.3,.732,0.4,2.2,2.6,4.2,0.8,0.0,1.7,1.6,9.4,ROY-8
2008-09,Mike Conley,21,MEM,NBA,PG,82,61,30.6,3.9,8.9,.442,1.1,2.6,.406,2.9,6.3,.458,.503,2.0,2.4,.817,0.3,3.1,3.4,4.3,1.1,0.1,1.7,1.8,10.9,
2009-10,Mike Conley,22,MEM,NBA,PG,80,80,32.1,4.6,10.4,.445,1.0,2.7,.387,3.6,7.7,.464,.494,1.7,2.3,.743,0.4,2.0,2.4,5.3,1.4,0.2,2.1,2.2,12.0,
2010-11,Mike Conley,23,MEM,NBA,PG,81,81,35.5,5.2,11.8,.444,1.0,2.7,.369,4.2,9.1,.466,.486,2.2,3.0,.733,0.4,2.7,3.0,6.5,1.8,0.2,2.2,2.2,13.7,
2011-12,Mike Conley,24,MEM,NBA,PG,62,61,35.1,4.8,11.0,.433,1.0,2.6,.377,3.8,8.5,.450,.477,2.2,2.5,.861,0.4,2.2,2.5,6.5,2.2,0.2,2.0,2.1,12.7,DPOY-14
2012-13,Mike Conley,25,MEM,NBA,PG,80,80,34.5,5.2,11.8,.440,1.3,3.7,.362,3.9,8.1,.476,.497,2.9,3.5,.830,0.5,2.3,2.8,6.1,2.2,0.3,2.4,2.1,14.6,DPOY-21DEF2
2013-14,Mike Conley,26,MEM,NBA,PG,73,73,33.5,6.3,14.1,.450,1.4,4.0,.361,4.9,10.1,.484,.500,3.1,3.8,.815,0.6,2.4,2.9,6.0,1.5,0.2,2.1,1.9,17.2,MVP-17
2014-15,Mike Conley,27,MEM,NBA,PG,70,70,31.8,5.6,12.6,.446,1.5,4.0,.386,4.1,8.6,.473,.506,3.1,3.6,.859,0.4,2.6,3.0,5.4,1.3,0.2,2.2,2.0,15.8,
2015-16,Mike Conley,28,MEM,NBA,PG,56,56,31.4,5.3,12.4,.422,1.4,3.8,.363,3.9,8.6,.449,.478,3.4,4.1,.834,0.5,2.5,2.9,6.1,1.2,0.3,1.5,1.8,15.3,
2016-17,Mike Conley,29,MEM,NBA,PG,69,68,33.2,6.7,14.6,.460,2.5,6.1,.408,4.2,8.6,.497,.545,4.6,5.3,.859,0.4,3.0,3.5,6.3,1.3,0.3,2.3,1.8,20.5,
2017-18,Mike Conley,30,MEM,NBA,PG,12,12,31.1,5.3,14.0,.381,2.0,6.4,.312,3.3,7.6,.440,.452,4.4,5.5,.803,0.0,2.3,2.3,4.1,1.0,0.3,1.5,2.0,17.1,
2018-19,Mike Conley,31,MEM,NBA,PG,70,70,33.5,7.0,16.0,.438,2.2,6.1,.364,4.8,9.9,.483,.507,4.9,5.8,.845,0.6,2.8,3.4,6.4,1.3,0.3,1.9,1.8,21.1,
2019-20,Mike Conley,32,UTA,NBA,PG,47,41,29.0,4.9,12.1,.409,2.0,5.4,.375,2.9,6.6,.437,.494,2.4,3.0,.827,0.7,2.5,3.2,4.4,0.8,0.1,2.0,2.2,14.4,
2020-21,Mike Conley,33,UTA,NBA,PG,51,51,29.4,5.6,12.5,.444,2.7,6.6,.412,2.9,6.0,.479,.552,2.4,2.8,.852,0.7,2.8,3.5,6.0,1.4,0.2,1.9,1.9,16.2,AS
2021-22,Mike Conley,34,UTA,NBA,PG,72,72,28.6,4.8,11.0,.435,2.3,5.8,.408,2.4,5.2,.464,.542,1.8,2.3,.796,0.7,2.4,3.0,5.3,1.3,0.3,1.7,2.0,13.7,
2022-23,Mike Conley,35,2TM,NBA,PG,67,66,30.3,3.9,9.1,.428,2.0,5.2,.385,1.9,3.9,.486,.539,2.1,2.5,.834,0.5,2.2,2.7,6.7,1.1,0.2,1.5,2.1,11.9,
2022-23,Mike Conley,35,UTA,NBA,PG,43,42,29.7,3.6,8.7,.408,1.8,5.0,.362,1.8,3.8,.469,.511,1.8,2.2,.813,0.4,2.1,2.5,7.7,1.0,0.2,1.7,2.2,10.7,
2022-23,Mike Conley,35,MIN,NBA,PG,24,24,31.4,4.5,9.8,.460,2.4,5.8,.420,2.1,4.0,.515,.583,2.6,3.0,.863,0.7,2.5,3.1,5.0,1.2,0.2,1.2,1.9,14.0,
2023-24,Mike Conley,36,MIN,NBA,PG,76,76,28.9,3.9,8.5,.457,2.4,5.3,.442,1.5,3.1,.481,.595,1.3,1.5,.911,0.5,2.4,2.9,5.9,1.2,0.2,1.3,1.7,11.4,
2024-25,Mike Conley,37,MIN,NBA,PG,71,64,24.7,2.6,6.6,.400,1.8,4.4,.410,0.8,2.2,.380,.535,1.1,1.3,.900,0.5,2.1,2.6,4.5,1.1,0.2,1.1,1.6,8.2,
2012-13,Anthony Davis,19,NOH,NBA,PF,64,60,28.8,5.5,10.6,0.516,0.0,0.1,0.0,5.5,10.5,0.521,0.516,2.6,3.5,0.751,2.6,5.6,8.2,1.0,1.2,1.8,1.4,2.5,13.5,ROY-2
2013-14,Anthony Davis,20,NOP,NBA,PF,67,66,35.2,7.8,15.0,0.519,0.0,0.1,0.222,7.8,14.9,0.522,0.52,5.2,6.6,0.791,3.1,7.0,10.0,1.6,1.3,2.8,1.6,3.0,20.8,DPOY-8AS
2014-15,Anthony Davis,21,NOP,NBA,PF,68,68,36.1,9.4,17.6,0.535,0.0,0.2,0.083,9.4,17.5,0.54,0.536,5.5,6.8,0.805,2.5,7.7,10.2,2.2,1.5,2.9,1.4,2.1,24.4,MVP-5DPOY-4ASNBA1DEF2
2015-16,Anthony Davis,22,NOP,NBA,C,61,61,35.5,9.2,18.6,0.493,0.6,1.8,0.324,8.6,16.9,0.511,0.508,5.3,7.0,0.758,2.1,8.1,10.3,1.9,1.3,2.0,2.0,2.4,24.3,DPOY-9AS
2016-17,Anthony Davis,23,NOP,NBA,C,75,75,36.1,10.3,20.3,0.505,0.5,1.8,0.299,9.7,18.6,0.524,0.518,6.9,8.6,0.802,2.3,9.5,11.8,2.1,1.3,2.2,2.4,2.2,28.0,MVP-9ASNBA1DEF2
2017-18,Anthony Davis,24,NOP,NBA,PF,75,75,36.4,10.4,19.5,0.534,0.7,2.2,0.34,9.7,17.3,0.558,0.552,6.6,8.0,0.828,2.5,8.6,11.1,2.3,1.5,2.6,2.2,2.1,28.1,MVP-3DPOY-3ASNBA1DEF1
2018-19,Anthony Davis,25,NOP,NBA,C,56,56,33.0,9.5,18.3,0.517,0.9,2.6,0.331,8.6,15.7,0.547,0.54,6.1,7.7,0.794,3.1,8.9,12.0,3.9,1.6,2.4,2.0,2.4,25.9,AS
2019-20,Anthony Davis,26,LAL,NBA,PF,62,62,34.4,8.9,17.7,0.503,1.2,3.5,0.33,7.7,14.2,0.546,0.536,7.2,8.5,0.846,2.3,7.0,9.3,3.2,1.5,2.3,2.5,2.5,26.1,MVP-6DPOY-2ASNBA1DEF1
2020-21,Anthony Davis,27,LAL,NBA,PF,36,36,32.3,8.4,17.0,0.491,0.7,2.8,0.26,7.6,14.3,0.536,0.512,4.4,5.9,0.738,1.7,6.2,7.9,3.1,1.3,1.6,2.1,1.7,21.8,AS
2021-22,Anthony Davis,28,LAL,NBA,C,40,40,35.1,9.3,17.4,0.532,0.3,1.8,0.186,8.9,15.6,0.571,0.542,4.4,6.1,0.713,2.7,7.2,9.9,3.1,1.2,2.3,2.1,2.4,23.2,
2022-23,Anthony Davis,29,LAL,NBA,C,56,54,34.0,9.7,17.2,0.563,0.3,1.3,0.257,9.3,15.9,0.589,0.573,6.2,7.9,0.784,3.5,9.1,12.5,2.6,1.1,2.0,2.2,2.6,25.9,
2023-24,Anthony Davis,30,LAL,NBA,C,76,76,35.5,9.4,16.9,0.556,0.4,1.4,0.271,9.0,15.5,0.582,0.567,5.5,6.8,0.816,3.1,9.5,12.6,3.5,1.2,2.3,2.1,2.3,24.7,DPOY-4ASNBA2DEF1
2024-25,Anthony Davis,31,2TM,NBA,PF,51,51,33.5,9.2,17.8,0.516,0.7,2.4,0.282,8.5,15.4,0.553,0.536,5.6,7.2,0.775,2.6,8.9,11.6,3.5,1.2,2.2,2.2,1.9,24.7,
2024-25,Anthony Davis,31,LAL,NBA,C,42,42,34.3,9.5,18.0,0.528,0.7,2.2,0.298,8.9,15.8,0.56,0.546,6.0,7.6,0.788,2.8,9.0,11.9,3.4,1.3,2.1,2.2,2.0,25.7,
2024-25,Anthony Davis,31,DAL,NBA,PF,9,9,29.6,7.8,16.9,0.461,0.8,3.3,0.233,7.0,13.6,0.516,0.484,3.7,5.3,0.688,1.7,8.4,10.1,4.4,0.6,2.2,2.2,1.8,20.0,
2014-15,Joel Embiid,20,Did not play - injury,Did not play - injury,Did not play - injury,Did not play - injury,Did not play - injury,Did not play - injury,Did not play - injury,Did not play - injury,Did not play - injury,Did not play - injury,Did not play - injury,Did not play - injury,Did not play - injury,Did not play - injury,Did not play - injury,Did not play - injury,Did not play - injury,Did not play - injury,Did not play - injury,Did not play - injury,Did not play - injury,Did not play - injury,Did not play - injury,Did not play - injury,Did not play - injury,Did not play - injury,Did not play - injury,Did not play - injury,Did not play - injury
2015-16,Joel Embiid,21,Did not play - injury,Did not play - injury,Did not play - injury,Did not play - injury,Did not play - injury,Did not play - injury,Did not play - injury,Did not play - injury,Did not play - injury,Did not play - injury,Did not play - injury,Did not play - injury,Did not play - injury,Did not play - injury,Did not play - injury,Did not play - injury,Did not play - injury,Did not play - injury,Did not play - injury,Did not play - injury,Did not play - injury,Did not play - injury,Did not play - injury,Did not play - injury,Did not play - injury,Did not play - injury,Did not play - injury,Did not play - injury,Did not play - injury
2016-17,Joel Embiid,22,PHI,NBA,C,31,31,25.4,6.5,13.8,.466,1.2,3.2,.367,5.3,10.7,.495,.508,6.2,7.9,.783,2.0,5.9,7.8,2.1,0.9,2.5,3.8,3.6,20.2,ROY-3
2017-18,Joel Embiid,23,PHI,NBA,C,63,63,30.3,8.1,16.8,.483,1.0,3.4,.308,7.0,13.4,.527,.514,5.7,7.4,.769,2.3,8.7,11.0,3.2,0.6,1.8,3.7,3.3,22.9,MVP-12DPOY-2ASNBA2DEF2
2018-19,Joel Embiid,24,PHI,NBA,C,64,64,33.7,9.1,18.7,.484,1.2,4.1,.300,7.8,14.6,.535,.517,8.2,10.1,.804,2.5,11.1,13.6,3.7,0.7,1.9,3.5,3.3,27.5,MVP-7DPOY-4ASNBA2DEF2
2019-20,Joel Embiid,25,PHI,NBA,C,51,51,29.5,7.5,15.7,.477,1.1,3.4,.331,6.4,12.3,.517,.512,6.9,8.5,.807,2.8,8.9,11.6,3.0,0.9,1.3,3.1,3.4,23.0,AS
2020-21,Joel Embiid,26,PHI,NBA,C,51,51,31.1,9.0,17.6,.513,1.1,3.0,.377,7.9,14.6,.541,.545,9.2,10.7,.859,2.2,8.4,10.6,2.8,1.0,1.4,3.1,2.4,28.5,MVP-2DPOY-7ASNBA2DEF2
2021-22,Joel Embiid,27,PHI,NBA,C,68,68,33.8,9.8,19.6,.499,1.4,3.7,.371,8.4,15.9,.529,.534,9.6,11.8,.814,2.1,9.6,11.7,4.2,1.1,1.5,3.1,2.7,30.6,MVP-2ASNBA2
2022-23,Joel Embiid,28,PHI,NBA,C,66,66,34.6,11.0,20.1,.548,1.0,3.0,.330,10.0,17.1,.587,.573,10.0,11.7,.857,1.7,8.4,10.2,4.2,1.0,1.7,3.4,3.1,33.1,MVP-1DPOY-9CPOY-5ASNBA1
2023-24,Joel Embiid,29,PHI,NBA,C,39,39,33.6,11.5,21.8,.529,1.4,3.6,.388,10.2,18.3,.556,.561,10.2,11.6,.883,2.4,8.6,11.0,5.6,1.2,1.7,3.8,2.9,34.7,AS
2024-25,Joel Embiid,30,PHI,NBA,C,19,19,30.2,7.4,16.6,.444,1.2,4.1,.299,6.2,12.5,.492,.481,7.8,8.9,.882,1.9,6.3,8.2,4.5,0.7,0.9,3.3,2.2,23.8,
2007-08,Marc Gasol,23,Did not play - other pro league,Did not play - other pro league,Did not play - other pro league,Did not play - other pro league,Did not play - other pro league,Did not play - other pro league,Did not play - other pro league,Did not play - other pro league,Did not play - other pro league,Did not play - other pro league,Did not play - other pro league,Did not play - other pro league,Did not play - other pro league,Did not play - other pro league,Did not play - other pro league,Did not play - other pro league,Did not play - other pro league,Did not play - other pro league,Did not play - other pro league,Did not play - other pro league,Did not play - other pro league,Did not play - other pro league,Did not play - other pro league,Did not play - other pro league,Did not play - other pro league,Did not play - other pro league,Did not play - other pro league,Did not play - other pro league,Did not play - other pro league
2008-09,Marc Gasol,24,MEM,NBA,C,82,75,30.7,4.3,8.1,.530,0.0,0.0,.000,4.3,8.0,.530,.530,3.4,4.6,.733,2.5,4.9,7.4,1.7,0.8,1.1,2.0,3.2,11.9,ROY-8
2009-10,Marc Gasol,25,MEM,NBA,C,69,69,35.8,5.5,9.4,.581,0.0,0.0,.000,5.5,9.4,.582,.581,3.7,5.4,.670,3.0,6.3,9.3,2.4,1.0,1.6,2.0,3.7,14.6,
2010-11,Marc Gasol,26,MEM,NBA,C,81,81,31.9,4.5,8.5,.527,0.0,0.1,.429,4.5,8.4,.528,.529,2.7,3.6,.748,1.9,5.1,7.0,2.5,0.9,1.7,1.8,3.3,11.7,
2011-12,Marc Gasol,27,MEM,NBA,C,65,65,36.5,5.5,11.4,.482,0.0,0.2,.083,5.5,11.2,.489,.483,3.6,4.9,.748,1.8,7.1,8.9,3.1,1.0,1.9,1.9,3.1,14.6,DPOY-12AS
2012-13,Marc Gasol,28,MEM,NBA,C,80,80,35.0,5.4,10.9,.494,0.0,0.2,.071,5.4,10.7,.501,.494,3.4,4.0,.848,2.3,5.5,7.8,4.0,1.0,1.7,2.0,3.2,14.1,MVP-12DPOY-1NBA2DEF2
2013-14,Marc Gasol,29,MEM,NBA,C,59,59,33.4,5.7,12.1,.473,0.0,0.2,.182,5.7,11.9,.477,.474,3.1,4.1,.768,1.4,5.8,7.2,3.6,1.0,1.3,1.9,2.5,14.6,DPOY-15
2014-15,Marc Gasol,30,MEM,NBA,C,81,81,33.2,6.5,13.2,.494,0.0,0.2,.176,6.5,13.0,.500,.496,4.3,5.4,.795,1.4,6.4,7.8,3.8,0.9,1.6,2.2,2.6,17.4,MVP-8DPOY-10ASNBA1
2015-16,Marc Gasol,31,MEM,NBA,C,52,52,34.4,6.3,13.6,.464,0.0,0.1,.667,6.3,13.5,.463,.465,3.9,4.7,.829,1.1,5.8,7.0,3.8,1.0,1.3,2.3,2.7,16.6,
2016-17,Marc Gasol,32,MEM,NBA,C,74,74,34.2,7.2,15.7,.459,1.4,3.6,.388,5.8,12.1,.480,.503,3.8,4.5,.837,0.8,5.5,6.3,4.6,0.9,1.3,2.2,2.3,19.5,AS
2017-18,Marc Gasol,33,MEM,NBA,C,73,73,33.0,5.9,14.2,.420,1.5,4.4,.341,4.5,9.8,.456,.473,3.8,4.6,.834,1.1,7.0,8.1,4.2,0.7,1.4,2.7,2.5,17.2,
2018-19,Marc Gasol,34,2TM,NBA,C,79,72,30.8,4.9,11.0,.448,1.3,3.5,.363,3.7,7.6,.487,.505,2.4,3.2,.759,1.0,6.9,7.9,4.4,1.1,1.1,2.0,2.7,13.6,
2018-19,Marc Gasol,34,MEM,NBA,C,53,53,33.7,5.7,12.9,.444,1.4,4.2,.344,4.3,8.7,.491,.499,2.9,3.8,.756,1.1,7.5,8.6,4.7,1.1,1.2,2.2,2.8,15.7,
2018-19,Marc Gasol,34,TOR,NBA,C,26,19,24.9,3.3,7.2,.465,0.9,2.0,.442,2.5,5.2,.474,.527,1.5,2.0,.769,0.9,5.7,6.6,3.9,0.9,0.9,1.4,2.7,9.1,
2019-20,Marc Gasol,35,TOR,NBA,C,44,43,26.4,2.7,6.3,.427,1.3,3.4,.385,1.4,3.0,.473,.529,0.8,1.1,.735,0.7,5.5,6.3,3.3,0.8,0.9,1.3,2.8,7.5,
2020-21,Marc Gasol,36,LAL,NBA,C,52,42,19.1,1.7,3.7,.454,1.0,2.3,.410,0.7,1.4,.528,.582,0.7,1.0,.720,0.7,3.4,4.1,2.1,0.5,1.1,1.0,2.2,5.0,
2013-14,Giannis Antetokounmpo,19,MIL,NBA,SF,77,23,24.6,2.2,5.4,0.414,0.5,1.5,0.347,1.7,3.9,0.44,0.463,1.8,2.6,0.683,1.0,3.4,4.4,1.9,0.8,0.8,1.6,2.2,6.8,ROY-7
2014-15,Giannis Antetokounmpo,20,MIL,NBA,SG,81,71,31.4,4.7,9.6,0.491,0.1,0.5,0.159,4.6,9.1,0.511,0.496,3.2,4.3,0.741,1.2,5.5,6.7,2.6,0.9,1.0,2.1,3.1,12.7,
2015-16,Giannis Antetokounmpo,21,MIL,NBA,PG,80,79,35.3,6.4,12.7,0.506,0.4,1.4,0.257,6.1,11.3,0.537,0.52,3.7,5.1,0.724,1.4,6.2,7.7,4.3,1.2,1.4,2.6,3.2,16.9,
2016-17,Giannis Antetokounmpo,22,MIL,NBA,SF,80,80,35.6,8.2,15.7,0.521,0.6,2.3,0.272,7.6,13.5,0.563,0.541,5.9,7.7,0.77,1.8,7.0,8.8,5.4,1.6,1.9,2.9,3.1,22.9,MVP-7MIP-1ASNBA2DEF2
2017-18,Giannis Antetokounmpo,23,MIL,NBA,PF,75,75,36.7,9.9,18.7,0.529,0.6,1.9,0.307,9.3,16.8,0.554,0.545,6.5,8.5,0.76,2.1,8.0,10.0,4.8,1.5,1.4,3.0,3.1,26.9,MVP-6ASNBA2
2018-19,Giannis Antetokounmpo,24,MIL,NBA,PF,72,72,32.8,10.0,17.3,0.578,0.7,2.8,0.256,9.3,14.5,0.641,0.599,6.9,9.5,0.729,2.2,10.3,12.5,5.9,1.3,1.5,3.7,3.2,27.7,MVP-1DPOY-2ASNBA1DEF1
2019-20,Giannis Antetokounmpo,25,MIL,NBA,PF,63,63,30.4,10.9,19.7,0.553,1.4,4.7,0.304,9.5,15.0,0.631,0.589,6.3,10.0,0.633,2.2,11.4,13.6,5.6,1.0,1.0,3.7,3.1,29.5,MVP-1DPOY-1ASNBA1DEF1
2020-21,Giannis Antetokounmpo,26,MIL,NBA,PF,61,61,33.0,10.3,18.0,0.569,1.1,3.6,0.303,9.2,14.4,0.636,0.6,6.5,9.5,0.685,1.6,9.4,11.0,5.9,1.2,1.2,3.4,2.8,28.1,MVP-4DPOY-5ASNBA1DEF1
2021-22,Giannis Antetokounmpo,27,MIL,NBA,PF,67,67,32.9,10.3,18.6,0.553,1.1,3.6,0.293,9.2,15.0,0.616,0.582,8.3,11.4,0.722,2.0,9.6,11.6,5.8,1.1,1.4,3.3,3.2,29.9,MVP-3DPOY-6ASNBA1DEF1
2022-23,Giannis Antetokounmpo,28,MIL,NBA,PF,63,63,32.1,11.2,20.3,0.553,0.7,2.7,0.275,10.5,17.6,0.596,0.572,7.9,12.3,0.645,2.2,9.6,11.8,5.7,0.8,0.8,3.9,3.1,31.1,MVP-3DPOY-6ASNBA1
2023-24,Giannis Antetokounmpo,29,MIL,NBA,PF,73,73,35.2,11.5,18.8,0.611,0.5,1.7,0.274,11.0,17.1,0.645,0.624,7.0,10.7,0.657,2.7,8.8,11.5,6.5,1.2,1.1,3.4,2.9,30.4,MVP-4DPOY-9CPOY-12ASNBA1
2024-25,Giannis Antetokounmpo,30,MIL,NBA,PF,67,67,34.2,11.8,19.7,0.601,0.2,0.9,0.222,11.6,18.7,0.62,0.607,6.5,10.6,0.617,2.2,9.7,11.9,6.5,0.9,1.2,3.1,2.3,30.4,
2009-10,James Harden,20,OKC,NBA,SG,76,0,22.9,3.1,7.6,.403,1.2,3.3,.375,1.8,4.3,.424,.484,2.6,3.2,.808,0.6,2.6,3.2,1.8,1.1,0.3,1.4,2.6,9.9,
2010-11,James Harden,21,OKC,NBA,SG,82,5,26.7,3.6,8.3,.436,1.4,4.0,.349,2.3,4.4,.514,.518,3.5,4.2,.843,0.5,2.6,3.1,2.1,1.1,0.3,1.3,2.5,12.2,6MOY-7
2011-12,James Harden,22,OKC,NBA,SG,62,2,31.4,5.0,10.1,.491,1.8,4.7,.390,3.1,5.4,.579,.582,5.0,6.0,.846,0.5,3.6,4.1,3.7,1.0,0.2,2.2,2.4,16.8,6MOY-1
2012-13,James Harden,23,HOU,NBA,SG,78,78,38.3,7.5,17.1,.438,2.3,6.2,.368,5.2,10.9,.477,.504,8.6,10.2,.851,0.8,4.1,4.9,5.8,1.8,0.5,3.8,2.3,25.9,MVP-8ASNBA3
2013-14,James Harden,24,HOU,NBA,SG,73,73,38.0,7.5,16.5,.456,2.4,6.6,.366,5.1,9.9,.515,.529,7.9,9.1,.866,0.8,3.9,4.7,6.1,1.6,0.4,3.6,2.4,25.4,MVP-5ASNBA1
2014-15,James Harden,25,HOU,NBA,SG,81,81,36.8,8.0,18.1,.440,2.6,6.9,.375,5.4,11.3,.480,.511,8.8,10.2,.868,0.9,4.7,5.7,7.0,1.9,0.7,4.0,2.6,27.4,MVP-2ASNBA1
2015-16,James Harden,26,HOU,NBA,SG,82,82,38.1,8.7,19.7,.439,2.9,8.0,.359,5.8,11.7,.494,.512,8.8,10.2,.860,0.8,5.3,6.1,7.5,1.7,0.6,4.6,2.8,29.0,MVP-9AS
2016-17,James Harden,27,HOU,NBA,PG,81,81,36.4,8.3,18.9,.440,3.2,9.3,.347,5.1,9.6,.530,.525,9.2,10.9,.847,1.2,7.0,8.1,11.2,1.5,0.5,5.7,2.7,29.1,MVP-2ASNBA1
2017-18,James Harden,28,HOU,NBA,SG,72,72,35.4,9.0,20.1,.449,3.7,10.0,.367,5.4,10.1,.531,.541,8.7,10.1,.858,0.6,4.8,5.4,8.8,1.8,0.7,4.4,2.3,30.4,MVP-1ASNBA1
2018-19,James Harden,29,HOU,NBA,PG,78,78,36.8,10.8,24.5,.442,4.8,13.2,.368,6.0,11.3,.528,.541,9.7,11.0,.879,0.8,5.8,6.6,7.5,2.0,0.7,5.0,3.1,36.1,MVP-2ASNBA1
2019-20,James Harden,30,HOU,NBA,SG,68,68,36.5,9.9,22.3,.444,4.4,12.4,.355,5.5,9.9,.556,.543,10.2,11.8,.865,1.0,5.5,6.6,7.5,1.8,0.9,4.5,3.3,34.3,MVP-3ASNBA1
2020-21,James Harden,31,2TM,NBA,PG,44,43,36.6,7.8,16.7,.466,2.8,7.6,.362,5.0,9.1,.553,.548,6.3,7.3,.861,0.8,7.1,7.9,10.8,1.2,0.8,4.0,2.3,24.6,MVP-13AS
2020-21,James Harden,31,HOU,NBA,PG,8,8,36.3,7.5,16.9,.444,3.1,9.0,.347,4.4,7.9,.556,.537,6.6,7.5,.883,0.6,4.5,5.1,10.4,0.9,0.8,4.3,1.8,24.8,
2020-21,James Harden,31,BRK,NBA,PG,36,35,36.6,7.8,16.6,.471,2.7,7.3,.366,5.2,9.4,.552,.551,6.3,7.3,.856,0.8,7.7,8.5,10.9,1.3,0.8,4.0,2.4,24.6,
2021-22,James Harden,32,2TM,NBA,PG,65,65,37.2,6.3,15.3,.410,2.3,6.9,.330,4.0,8.4,.476,.485,7.2,8.2,.877,0.8,6.8,7.7,10.3,1.3,0.6,4.4,2.4,22.0,AS
2021-22,James Harden,32,BRK,NBA,PG,44,44,37.0,6.6,16.0,.414,2.3,7.0,.332,4.3,9.1,.476,.486,6.9,8.0,.869,1.0,7.0,8.0,10.2,1.3,0.7,4.8,2.4,22.5,
2021-22,James Harden,32,PHI,NBA,PG,21,21,37.7,5.5,13.6,.402,2.2,6.7,.326,3.3,6.9,.476,.483,7.9,8.9,.892,0.6,6.5,7.1,10.5,1.2,0.2,3.4,2.3,21.0,
2022-23,James Harden,33,PHI,NBA,PG,58,58,36.8,6.4,14.5,.441,2.8,7.2,.385,3.6,7.3,.495,.536,5.4,6.2,.867,0.7,5.4,6.1,10.7,1.2,0.5,3.4,1.9,21.0,
2023-24,James Harden,34,LAC,NBA,PG,72,72,34.3,4.9,11.4,.428,2.6,6.8,.381,2.3,4.6,.497,.541,4.2,4.8,.878,0.5,4.7,5.1,8.5,1.1,0.8,2.6,1.8,16.6,
2024-25,James Harden,35,LAC,NBA,PG,79,79,35.3,6.7,16.4,.410,3.0,8.5,.352,3.7,7.9,.472,.501,6.4,7.3,.874,0.7,5.1,5.8,8.7,1.5,0.7,4.3,2.1,22.8,
2010-11,John Wall,20,WAS,NBA,PG,69,64,37.8,5.8,14.1,.409,0.5,1.7,.296,5.3,12.4,.425,.427,4.4,5.7,.766,0.5,4.1,4.6,8.3,1.8,0.5,3.8,2.5,16.4,ROY-2
2011-12,John Wall,21,WAS,NBA,PG,66,66,36.2,5.7,13.5,.423,0.0,0.6,.071,5.7,12.9,.440,.424,4.8,6.1,.789,0.7,3.8,4.5,8.0,1.4,0.9,3.9,2.1,16.3,
2012-13,John Wall,22,WAS,NBA,PG,49,42,32.7,6.6,15.0,.441,0.2,0.9,.267,6.4,14.1,.452,.449,5.0,6.2,.804,0.7,3.3,4.0,7.6,1.3,0.8,3.2,2.4,18.5,
2013-14,John Wall,23,WAS,NBA,PG,82,82,36.3,7.1,16.3,.433,1.3,3.8,.351,5.7,12.5,.458,.473,3.9,4.8,.805,0.5,3.6,4.1,8.8,1.8,0.5,3.6,2.7,19.3,AS
2014-15,John Wall,24,WAS,NBA,PG,79,79,35.9,6.6,14.8,.445,0.8,2.7,.300,5.7,12.0,.478,.473,3.6,4.6,.785,0.5,4.2,4.6,10.0,1.7,0.6,3.8,2.3,17.6,ASDEF2
2015-16,John Wall,25,WAS,NBA,PG,77,77,36.2,7.4,17.5,.424,1.5,4.3,.351,5.9,13.3,.448,.467,3.5,4.5,.791,0.5,4.4,4.9,10.2,1.9,0.8,4.1,2.1,19.9,AS
2016-17,John Wall,26,WAS,NBA,PG,78,78,36.4,8.3,18.4,.451,1.1,3.5,.327,7.2,14.9,.480,.482,5.4,6.8,.801,0.8,3.4,4.2,10.7,2.0,0.6,4.1,1.9,23.1,MVP-7ASNBA3
2017-18,John Wall,27,WAS,NBA,PG,41,41,34.4,6.8,16.3,.420,1.5,4.1,.371,5.3,12.2,.436,.466,4.3,5.9,.726,0.5,3.1,3.7,9.6,1.4,1.1,3.9,2.0,19.4,AS
2018-19,John Wall,28,WAS,NBA,PG,32,32,34.5,7.7,17.3,.444,1.6,5.3,.302,6.1,12.0,.507,.490,3.8,5.5,.697,0.5,3.2,3.6,8.7,1.5,0.9,3.8,2.2,20.7,
2019-20,John Wall,29,Did not play - injury,Did not play - injury,Did not play - injury,Did not play - injury,Did not play - injury,Did not play - injury,Did not play - injury,Did not play - injury,Did not play - injury,Did not play - injury,Did not play - injury,Did not play - injury,Did not play - injury,Did not play - injury,Did not play - injury,Did not play - injury,Did not play - injury,Did not play - injury,Did not play - injury,Did not play - injury,Did not play - injury,Did not play - injury,Did not play - injury,Did not play - injury,Did not play - injury,Did not play - injury,Did not play - injury,Did not play - injury,Did not play - injury
2020-21,John Wall,30,HOU,NBA,PG,40,40,32.2,7.3,18.2,.404,2.0,6.2,.317,5.4,11.9,.449,.458,4.0,5.3,.749,0.4,2.8,3.2,6.9,1.1,0.8,3.5,1.2,20.6,
2021-22,John Wall,31,Did not play - sat out,Did not play - sat out,Did not play - sat out,Did not play - sat out,Did not play - sat out,Did not play - sat out,Did not play - sat out,Did not play - sat out,Did not play - sat out,Did not play - sat out,Did not play - sat out,Did not play - sat out,Did not play - sat out,Did not play - sat out,Did not play - sat out,Did not play - sat out,Did not play - sat out,Did not play - sat out,Did not play - sat out,Did not play - sat out,Did not play - sat out,Did not play - sat out,Did not play - sat out,Did not play - sat out,Did not play - sat out,Did not play - sat out,Did not play - sat out,Did not play - sat out,Did not play - sat out
2022-23,John Wall,32,LAC,NBA,PG,34,3,22.2,4.1,9.9,.408,1.0,3.2,.303,3.1,6.7,.459,.457,2.3,3.3,.681,0.4,2.3,2.7,5.2,0.8,0.4,2.4,1.7,11.4,
2014-15,Nikola Jokic,19,Did not play - other pro league,Did not play - other pro league,Did not play - other pro league,Did not play - other pro league,Did not play - other pro league,Did not play - other pro league,Did not play - other pro league,Did not play - other pro league,Did not play - other pro league,Did not play - other pro league,Did not play - other pro league,Did not play - other pro league,Did not play - other pro league,Did not play - other pro league,Did not play - other pro league,Did not play - other pro league,Did not play - other pro league,Did not play - other pro league,Did not play - other pro league,Did not play - other pro league,Did not play - other pro league,Did not play - other pro league,Did not play - other pro league,Did not play - other pro league,Did not play - other pro league,Did not play - other pro league,Did not play - other pro league,Did not play - other pro league,Did not play - other pro league
2015-16,Nikola Jokic,20,DEN,NBA,C,80,55,21.7,3.8,7.5,.512,0.4,1.1,.333,3.5,6.5,.541,.535,1.9,2.4,.811,2.3,4.7,7.0,2.4,1.0,0.6,1.3,2.6,10.0,ROY-3
2016-17,Nikola Jokic,21,DEN,NBA,C,73,59,27.9,6.8,11.7,.578,0.6,1.9,.324,6.2,9.8,.628,.605,2.6,3.1,.825,2.9,6.9,9.8,4.9,0.8,0.8,2.3,2.9,16.7,
2017-18,Nikola Jokic,22,DEN,NBA,C,75,73,32.6,6.7,13.5,.499,1.5,3.7,.396,5.2,9.7,.538,.554,3.5,4.2,.850,2.6,8.1,10.7,6.1,1.2,0.8,2.8,2.8,18.5,
2018-19,Nikola Jokic,23,DEN,NBA,C,80,80,31.3,7.7,15.1,.511,1.0,3.4,.307,6.7,11.7,.569,.545,3.6,4.4,.821,2.9,8.0,10.8,7.3,1.4,0.7,3.1,2.9,20.1,MVP-4ASNBA1
2019-20,Nikola Jokic,24,DEN,NBA,C,73,73,32.0,7.7,14.7,.528,1.1,3.5,.314,6.6,11.2,.594,.565,3.4,4.1,.817,2.3,7.5,9.7,7.0,1.2,0.6,3.1,3.0,19.9,MVP-9ASNBA2
2020-21,Nikola Jokic,25,DEN,NBA,C,72,72,34.6,10.2,18.0,.566,1.3,3.3,.388,8.9,14.7,.606,.602,4.8,5.5,.868,2.8,8.0,10.8,8.3,1.3,0.7,3.1,2.7,26.4,MVP-1ASNBA1
2021-22,Nikola Jokic,26,DEN,NBA,C,74,74,33.5,10.3,17.7,.583,1.3,3.9,.337,9.0,13.8,.652,.620,5.1,6.3,.810,2.8,11.0,13.8,7.9,1.5,0.9,3.8,2.6,27.1,MVP-1ASNBA1
2022-23,Nikola Jokic,27,DEN,NBA,C,69,69,33.7,9.4,14.8,.632,0.8,2.2,.383,8.5,12.7,.675,.660,4.9,6.0,.822,2.4,9.4,11.8,9.8,1.3,0.7,3.6,2.5,24.5,MVP-2CPOY-13ASNBA2
2023-24,Nikola Jokic,28,DEN,NBA,C,79,79,34.6,10.4,17.9,.583,1.1,2.9,.359,9.4,14.9,.626,.612,4.5,5.5,.817,2.8,9.5,12.4,9.0,1.4,0.9,3.0,2.5,26.4,MVP-1CPOY-4ASNBA1
2024-25,Nikola Jokic,29,DEN,NBA,C,70,70,36.7,11.2,19.5,.576,2.0,4.7,.417,9.3,14.8,.627,.627,5.2,6.4,.800,2.9,9.9,12.7,10.2,1.8,0.6,3.3,2.3,29.6,
2015-16,Karl Anthony Towns,20,MIN,NBA,C,82,82,32.0,7.6,14.1,0.542,0.4,1.1,0.341,7.3,13.0,0.559,0.555,2.7,3.4,0.811,2.8,7.7,10.5,2.0,0.7,1.7,2.2,3.0,18.3,ROY-1
2016-17,Karl Anthony Towns,21,MIN,NBA,C,82,82,37.0,9.8,18.0,0.542,1.2,3.4,0.367,8.5,14.7,0.582,0.576,4.3,5.2,0.832,3.6,8.7,12.3,2.7,0.7,1.3,2.6,2.9,25.1,
2017-18,Karl Anthony Towns,22,MIN,NBA,C,82,82,35.6,7.8,14.3,0.545,1.5,3.5,0.421,6.3,10.8,0.585,0.596,4.2,4.9,0.858,2.9,9.4,12.3,2.4,0.8,1.4,1.9,3.5,21.3,ASNBA3
2018-19,Karl Anthony Towns,23,MIN,NBA,C,77,77,33.1,8.8,17.1,0.518,1.8,4.6,0.4,7.0,12.5,0.562,0.572,4.9,5.8,0.836,3.4,9.0,12.4,3.4,0.9,1.6,3.1,3.8,24.4,AS
2019-20,Karl Anthony Towns,24,MIN,NBA,C,35,35,33.9,9.0,17.8,0.508,3.3,7.9,0.412,5.8,9.9,0.586,0.6,5.1,6.5,0.796,2.7,8.1,10.8,4.4,0.9,1.2,3.1,3.3,26.5,
2020-21,Karl Anthony Towns,25,MIN,NBA,C,50,50,33.8,8.5,17.5,0.486,2.4,6.3,0.387,6.1,11.2,0.541,0.555,5.3,6.2,0.859,2.7,7.9,10.6,4.5,0.8,1.1,3.2,3.7,24.8,
2021-22,Karl Anthony Towns,26,MIN,NBA,C,74,74,33.5,8.7,16.4,0.529,2.0,4.9,0.41,6.6,11.5,0.58,0.591,5.2,6.3,0.822,2.6,7.2,9.8,3.6,1.0,1.1,3.1,3.6,24.6,ASNBA3
2022-23,Karl Anthony Towns,27,MIN,NBA,PF,29,29,33.0,7.3,14.8,0.495,2.1,5.7,0.366,5.2,9.1,0.576,0.565,4.1,4.7,0.874,1.7,6.5,8.1,4.8,0.7,0.6,3.0,3.8,20.8,
2023-24,Karl Anthony Towns,28,MIN,NBA,PF,62,62,32.7,7.7,15.3,0.504,2.2,5.3,0.416,5.5,10.1,0.55,0.575,4.1,4.7,0.873,1.5,6.8,8.3,3.0,0.7,0.7,2.9,3.3,21.8,AS
2024-25,Karl Anthony Towns,29,NYK,NBA,C,72,72,35.0,8.9,16.9,0.526,2.0,4.7,0.42,6.9,12.2,0.567,0.584,4.7,5.7,0.829,2.9,9.8,12.8,3.1,1.0,0.7,2.7,3.5,24.4,
2011-12,Kawhi Leonard,20,SAS,NBA,SF,64,39,24.0,3.1,6.3,.493,0.6,1.7,.376,2.5,4.6,.536,.543,1.1,1.4,.773,1.6,3.5,5.1,1.1,1.3,0.4,0.7,1.4,7.9,ROY-4
2012-13,Kawhi Leonard,21,SAS,NBA,SF,58,57,31.2,4.5,9.1,.494,1.1,3.0,.374,3.4,6.1,.554,.556,1.8,2.2,.825,1.1,4.9,6.0,1.6,1.7,0.6,1.1,1.7,11.9,
2013-14,Kawhi Leonard,22,SAS,NBA,SF,66,65,29.1,5.1,9.8,.522,1.0,2.8,.379,4.1,7.0,.579,.576,1.5,1.9,.802,1.2,5.1,6.2,2.0,1.7,0.8,1.2,1.9,12.8,DPOY-11DEF2
2014-15,Kawhi Leonard,23,SAS,NBA,SF,64,64,31.8,6.2,12.8,.479,1.0,3.0,.349,5.1,9.8,.519,.520,3.2,3.9,.802,1.3,5.9,7.2,2.5,2.3,0.8,1.5,2.0,16.5,MVP-10DPOY-1DEF1
2015-16,Kawhi Leonard,24,SAS,NBA,SF,72,72,33.1,7.7,15.1,.506,1.8,4.0,.443,5.9,11.1,.528,.565,4.1,4.6,.874,1.3,5.5,6.8,2.6,1.8,1.0,1.5,1.8,21.2,MVP-2DPOY-1ASNBA1DEF1
2016-17,Kawhi Leonard,25,SAS,NBA,SF,74,74,33.4,8.6,17.7,.485,2.0,5.2,.380,6.6,12.5,.529,.541,6.3,7.2,.880,1.1,4.7,5.8,3.5,1.8,0.7,2.1,1.6,25.5,MVP-3DPOY-3ASNBA1DEF1
2017-18,Kawhi Leonard,26,SAS,NBA,SF,9,9,23.3,5.8,12.3,.468,1.2,3.9,.314,4.6,8.4,.539,.518,3.4,4.2,.816,0.7,4.0,4.7,2.3,2.0,1.0,1.8,1.0,16.2,
2018-19,Kawhi Leonard,27,TOR,NBA,SF,60,60,34.0,9.3,18.8,.496,1.9,5.0,.371,7.5,13.8,.542,.546,6.1,7.1,.854,1.3,6.0,7.3,3.3,1.8,0.4,2.0,1.5,26.6,MVP-9DPOY-6ASNBA2DEF2
2019-20,Kawhi Leonard,28,LAC,NBA,SF,57,57,32.4,9.3,19.9,.470,2.2,5.7,.378,7.2,14.2,.506,.524,6.2,7.1,.886,0.9,6.1,7.1,4.9,1.8,0.6,2.6,2.0,27.1,MVP-5DPOY-8ASNBA2DEF2
2020-21,Kawhi Leonard,29,LAC,NBA,SF,52,52,34.1,8.9,17.5,.512,1.9,4.9,.398,7.0,12.6,.557,.568,5.0,5.7,.885,1.1,5.4,6.5,5.2,1.6,0.4,2.0,1.6,24.8,MVP-13ASNBA1DEF2
2021-22,Kawhi Leonard,30,Did not play - injury,Did not play - injury,Did not play - injury,Did not play - injury,Did not play - injury,Did not play - injury,Did not play - injury,Did not play - injury,Did not play - injury,Did not play - injury,Did not play - injury,Did not play - injury,Did not play - injury,Did not play - injury,Did not play - injury,Did not play - injury,Did not play - injury,Did not play - injury,Did not play - injury,Did not play - injury,Did not play - injury,Did not play - injury,Did not play - injury,Did not play - injury,Did not play - injury,Did not play - injury,Did not play - injury,Did not play - injury,Did not play - injury
2022-23,Kawhi Leonard,31,LAC,NBA,SF,52,50,33.6,8.6,16.8,.512,2.0,4.8,.416,6.6,11.9,.551,.572,4.7,5.4,.871,1.1,5.4,6.5,3.9,1.4,0.5,1.7,1.6,23.8,
2023-24,Kawhi Leonard,32,LAC,NBA,SF,68,68,34.3,9.0,17.1,.525,2.1,4.9,.417,6.9,12.1,.569,.585,3.7,4.2,.885,1.2,4.9,6.1,3.6,1.6,0.9,1.8,1.4,23.7,ASNBA2
2024-25,Kawhi Leonard,33,LAC,NBA,SF,37,37,31.9,8.4,16.8,.498,2.1,5.1,.411,6.3,11.7,.536,.560,2.6,3.3,.810,0.9,5.0,5.9,3.1,1.6,0.5,1.9,1.5,21.5,
2008-09,Kevin Love,20,MIN,NBA,C,81,37,25.3,3.9,8.5,0.459,0.0,0.2,0.105,3.9,8.3,0.469,0.461,3.3,4.1,0.789,3.4,5.7,9.1,1.0,0.4,0.6,1.5,2.5,11.1,ROY-6
2009-10,Kevin Love,21,MIN,NBA,PF,60,22,28.6,4.9,10.8,0.45,0.6,1.8,0.33,4.3,9.0,0.474,0.478,3.8,4.6,0.815,3.8,7.2,11.0,2.3,0.7,0.4,2.0,2.3,14.0,6MOY-11
2010-11,Kevin Love,22,MIN,NBA,PF,73,73,35.8,6.6,14.1,0.47,1.2,2.9,0.417,5.4,11.2,0.483,0.513,5.8,6.8,0.85,4.5,10.7,15.2,2.5,0.6,0.4,2.1,2.0,20.2,MIP-1AS
2011-12,Kevin Love,23,MIN,NBA,PF,55,55,39.0,8.6,19.3,0.448,1.9,5.1,0.372,6.7,14.1,0.475,0.497,6.9,8.4,0.824,4.1,9.2,13.3,2.0,0.9,0.5,2.3,2.8,26.0,MVP-6ASNBA2
2012-13,Kevin Love,24,MIN,NBA,PF,18,18,34.3,5.8,16.6,0.352,1.1,5.1,0.217,4.7,11.4,0.413,0.386,5.6,7.9,0.704,3.6,10.4,14.0,2.3,0.7,0.5,2.2,1.9,18.3,
2013-14,Kevin Love,25,MIN,NBA,PF,77,77,36.3,8.4,18.5,0.457,2.5,6.6,0.376,6.0,11.9,0.502,0.524,6.8,8.2,0.821,2.9,9.6,12.5,4.4,0.8,0.5,2.5,1.8,26.1,MVP-11ASNBA2
2014-15,Kevin Love,26,CLE,NBA,PF,75,75,33.8,5.5,12.7,0.434,1.9,5.2,0.367,3.6,7.5,0.48,0.509,3.4,4.3,0.804,1.9,7.9,9.7,2.2,0.7,0.5,1.6,1.9,16.4,
2015-16,Kevin Love,27,CLE,NBA,PF,77,77,31.5,5.3,12.7,0.419,2.1,5.7,0.36,3.3,7.0,0.467,0.499,3.4,4.1,0.822,1.9,8.0,9.9,2.4,0.8,0.5,1.8,2.1,16.0,
2016-17,Kevin Love,28,CLE,NBA,PF,60,60,31.4,6.2,14.5,0.427,2.4,6.5,0.373,3.8,8.0,0.471,0.51,4.3,4.9,0.871,2.5,8.6,11.1,1.9,0.9,0.4,2.0,2.1,19.0,AS
2017-18,Kevin Love,29,CLE,NBA,C,59,59,28.0,5.7,12.4,0.458,2.3,5.6,0.415,3.3,6.8,0.494,0.552,4.0,4.5,0.88,1.7,7.5,9.3,1.7,0.7,0.4,1.5,2.0,17.6,AS
2018-19,Kevin Love,30,CLE,NBA,PF,22,21,27.2,5.0,12.9,0.385,2.4,6.7,0.361,2.5,6.2,0.412,0.479,4.7,5.2,0.904,1.5,9.4,10.9,2.2,0.3,0.2,1.9,2.5,17.0,
2019-20,Kevin Love,31,CLE,NBA,PF,56,56,31.8,5.8,13.0,0.45,2.6,7.0,0.374,3.2,6.0,0.537,0.55,3.3,3.9,0.854,1.0,8.8,9.8,3.2,0.6,0.3,2.5,1.6,17.6,
2020-21,Kevin Love,32,CLE,NBA,PF,25,25,24.9,4.1,10.1,0.409,2.3,6.2,0.365,1.8,3.8,0.479,0.522,1.7,2.0,0.824,0.7,6.8,7.4,2.5,0.6,0.1,1.5,1.0,12.2,
2021-22,Kevin Love,33,CLE,NBA,C,74,4,22.5,4.4,10.3,0.43,2.5,6.4,0.392,1.9,3.8,0.493,0.553,2.2,2.7,0.838,1.2,6.1,7.2,2.2,0.4,0.2,1.3,1.4,13.6,6MOY-2
2022-23,Kevin Love,34,2TM,NBA,PF,62,20,20.0,2.7,6.8,0.389,1.6,4.8,0.334,1.1,2.1,0.516,0.506,1.3,1.5,0.879,1.0,5.5,6.4,1.9,0.3,0.2,1.1,1.6,8.2,
2022-23,Kevin Love,34,CLE,NBA,PF,41,3,20.0,2.7,7.0,0.389,1.7,4.8,0.354,1.0,2.2,0.467,0.511,1.4,1.5,0.889,1.0,5.8,6.8,1.9,0.2,0.2,1.1,1.6,8.5,
2022-23,Kevin Love,34,MIA,NBA,PF,21,17,20.0,2.6,6.6,0.388,1.4,4.8,0.297,1.1,1.8,0.632,0.496,1.1,1.3,0.857,0.8,4.9,5.7,1.9,0.4,0.2,1.1,1.5,7.7,
2023-24,Kevin Love,35,MIA,NBA,PF,55,5,16.8,2.9,6.5,0.44,1.5,4.4,0.344,1.3,2.1,0.643,0.557,1.5,2.0,0.787,1.1,5.1,6.1,2.1,0.3,0.2,0.9,1.8,8.8,
2024-25,Kevin Love,36,MIA,NBA,PF,23,9,10.9,1.8,5.0,0.357,1.0,2.9,0.358,0.7,2.1,0.354,0.461,0.7,1.0,0.696,1.0,3.1,4.1,1.0,0.7,0.2,0.6,0.9,5.3,
2003-04,Lebron James,19,CLE,NBA,SG,79,79,39.5,7.9,18.9,.417,0.8,2.7,.290,7.1,16.1,.438,.438,4.4,5.8,.754,1.3,4.2,5.5,5.9,1.6,0.7,3.5,1.9,20.9,MVP-9ROY-1
2004-05,Lebron James,20,CLE,NBA,SF,80,80,42.4,9.9,21.1,.472,1.4,3.9,.351,8.6,17.2,.499,.504,6.0,8.0,.750,1.4,6.0,7.4,7.2,2.2,0.7,3.3,1.8,27.2,MVP-6ASNBA2
2005-06,Lebron James,21,CLE,NBA,SF,79,79,42.5,11.1,23.1,.480,1.6,4.8,.335,9.5,18.3,.518,.515,7.6,10.3,.738,0.9,6.1,7.0,6.6,1.6,0.8,3.3,2.3,31.4,MVP-2ASNBA1
2006-07,Lebron James,22,CLE,NBA,SF,78,78,40.9,9.9,20.8,.476,1.3,4.0,.319,8.6,16.8,.513,.507,6.3,9.0,.698,1.1,5.7,6.7,6.0,1.6,0.7,3.2,2.2,27.3,MVP-5ASNBA2
2007-08,Lebron James,23,CLE,NBA,SF,75,74,40.4,10.6,21.9,.484,1.5,4.8,.315,9.1,17.1,.531,.518,7.3,10.3,.712,1.8,6.1,7.9,7.2,1.8,1.1,3.4,2.2,30.0,MVP-4ASNBA1
2008-09,Lebron James,24,CLE,NBA,SF,81,81,37.7,9.7,19.9,.489,1.6,4.7,.344,8.1,15.2,.535,.530,7.3,9.4,.780,1.3,6.3,7.6,7.2,1.7,1.1,3.0,1.7,28.4,MVP-1DPOY-2ASNBA1DEF1
2009-10,Lebron James,25,CLE,NBA,SF,76,76,39.0,10.1,20.1,.503,1.7,5.1,.333,8.4,15.0,.560,.545,7.8,10.2,.767,0.9,6.4,7.3,8.6,1.6,1.0,3.4,1.6,29.7,MVP-1DPOY-4ASNBA1DEF1
2010-11,Lebron James,26,MIA,NBA,SF,79,79,38.8,9.6,18.8,.510,1.2,3.5,.330,8.4,15.3,.552,.541,6.4,8.4,.759,1.0,6.5,7.5,7.0,1.6,0.6,3.6,2.1,26.7,MVP-3DPOY-9ASNBA1DEF1
2011-12,Lebron James,27,MIA,NBA,SF,62,62,37.5,10.0,18.9,.531,0.9,2.4,.362,9.1,16.5,.556,.554,6.2,8.1,.771,1.5,6.4,7.9,6.2,1.9,0.8,3.4,1.5,27.1,MVP-1DPOY-4ASNBA1DEF1
2012-13,Lebron James,28,MIA,NBA,PF,76,76,37.9,10.1,17.8,.565,1.4,3.3,.406,8.7,14.5,.602,.603,5.3,7.0,.753,1.3,6.8,8.0,7.3,1.7,0.9,3.0,1.4,26.8,MVP-1DPOY-2ASNBA1DEF1
2013-14,Lebron James,29,MIA,NBA,PF,77,77,37.7,10.0,17.6,.567,1.5,4.0,.379,8.5,13.6,.622,.610,5.7,7.6,.750,1.1,5.9,6.9,6.3,1.6,0.3,3.5,1.6,27.1,MVP-2DPOY-6ASNBA1DEF2
2014-15,Lebron James,30,CLE,NBA,SF,69,69,36.1,9.0,18.5,.488,1.7,4.9,.354,7.3,13.6,.536,.535,5.4,7.7,.710,0.7,5.3,6.0,7.4,1.6,0.7,3.9,2.0,25.3,MVP-3DPOY-13ASNBA1
2015-16,Lebron James,31,CLE,NBA,SF,76,76,35.6,9.7,18.6,.520,1.1,3.7,.309,8.6,14.9,.573,.551,4.7,6.5,.731,1.5,6.0,7.4,6.8,1.4,0.6,3.3,1.9,25.3,MVP-3DPOY-11ASNBA1
2016-17,Lebron James,32,CLE,NBA,SF,74,74,37.8,9.9,18.2,.548,1.7,4.6,.363,8.3,13.5,.611,.594,4.8,7.2,.674,1.3,7.3,8.6,8.7,1.2,0.6,4.1,1.8,26.4,MVP-4DPOY-5ASNBA1
2017-18,Lebron James,33,CLE,NBA,PF,82,82,36.9,10.5,19.3,.542,1.8,5.0,.367,8.6,14.3,.603,.590,4.7,6.5,.731,1.2,7.5,8.6,9.1,1.4,0.9,4.2,1.7,27.5,MVP-2ASNBA1
2018-19,Lebron James,34,LAL,NBA,SF,55,55,35.2,10.1,19.9,.510,2.0,5.9,.339,8.1,14.0,.582,.560,5.1,7.6,.665,1.0,7.4,8.5,8.3,1.3,0.6,3.6,1.7,27.4,MVP-11ASNBA3
2019-20,Lebron James,35,LAL,NBA,PG,67,67,34.6,9.6,19.4,.493,2.2,6.3,.348,7.4,13.1,.564,.550,3.9,5.7,.693,1.0,6.9,7.8,10.2,1.2,0.5,3.9,1.8,25.3,MVP-2ASNBA1
2020-21,Lebron James,36,LAL,NBA,PG,45,45,33.4,9.4,18.3,.513,2.3,6.3,.365,7.1,12.0,.591,.576,4.0,5.7,.698,0.6,7.0,7.7,7.8,1.1,0.6,3.7,1.6,25.0,MVP-13ASNBA2
2021-22,Lebron James,37,LAL,NBA,C,56,56,37.2,11.4,21.8,.524,2.9,8.0,.359,8.6,13.8,.620,.590,4.5,6.0,.756,1.1,7.1,8.2,6.2,1.3,1.1,3.5,2.2,30.3,MVP-10ASNBA3
2022-23,Lebron James,38,LAL,NBA,PF,55,54,35.5,11.1,22.2,.500,2.2,6.9,.321,8.9,15.3,.580,.549,4.6,5.9,.768,1.2,7.1,8.3,6.8,0.9,0.6,3.2,1.6,28.9,ASNBA3
2023-24,Lebron James,39,LAL,NBA,PF,71,71,35.3,9.6,17.9,.540,2.1,5.1,.410,7.5,12.8,.592,.599,4.3,5.7,.750,0.9,6.4,7.3,8.3,1.3,0.5,3.5,1.1,25.7,CPOY-10ASNBA3
2024-25,Lebron James,40,LAL,NBA,SF,70,70,34.9,9.3,18.1,.513,2.1,5.7,.376,7.2,12.5,.574,.571,3.7,4.7,.782,1.0,6.8,7.8,8.2,1.0,0.6,3.7,1.4,24.4,
2012-13,Damian Lillard,22,POR,NBA,PG,82,82,38.6,6.7,15.7,0.429,2.3,6.1,0.368,4.5,9.6,0.469,0.501,3.3,3.9,0.844,0.5,2.6,3.1,6.5,0.9,0.2,3.0,2.1,19.0,ROY-1
2013-14,Damian Lillard,23,POR,NBA,PG,82,82,35.8,6.7,15.9,0.424,2.7,6.8,0.394,4.1,9.1,0.447,0.508,4.5,5.2,0.871,0.4,3.1,3.5,5.6,0.8,0.3,2.4,2.4,20.7,ASNBA3
2014-15,Damian Lillard,24,POR,NBA,PG,82,82,35.7,7.2,16.6,0.434,2.4,7.0,0.343,4.8,9.6,0.5,0.506,4.2,4.9,0.864,0.6,4.0,4.6,6.2,1.2,0.3,2.7,2.0,21.0,AS
2015-16,Damian Lillard,25,POR,NBA,PG,75,75,35.7,8.2,19.7,0.419,3.1,8.1,0.375,5.2,11.5,0.45,0.497,5.5,6.2,0.892,0.6,3.4,4.0,6.8,0.9,0.4,3.2,2.2,25.1,MVP-8NBA2
2016-17,Damian Lillard,26,POR,NBA,PG,75,75,35.9,8.8,19.8,0.444,2.9,7.7,0.37,6.0,12.1,0.492,0.516,6.5,7.3,0.895,0.6,4.3,4.9,5.9,0.9,0.3,2.6,2.0,27.0,
2017-18,Damian Lillard,27,POR,NBA,PG,73,73,36.6,8.5,19.4,0.439,3.1,8.6,0.361,5.4,10.8,0.501,0.519,6.8,7.4,0.916,0.8,3.6,4.5,6.6,1.1,0.4,2.8,1.6,26.9,MVP-4ASNBA1
2018-19,Damian Lillard,28,POR,NBA,PG,80,80,35.5,8.5,19.2,0.444,3.0,8.0,0.369,5.6,11.1,0.499,0.522,5.9,6.4,0.912,0.9,3.8,4.6,6.9,1.1,0.4,2.7,1.9,25.8,MVP-6ASNBA2
2019-20,Damian Lillard,29,POR,NBA,PG,66,66,37.5,9.5,20.4,0.463,4.1,10.2,0.401,5.4,10.2,0.524,0.563,7.0,7.8,0.888,0.5,3.8,4.3,8.0,1.1,0.3,2.9,1.7,30.0,MVP-8ASNBA2
2020-21,Damian Lillard,30,POR,NBA,PG,67,67,35.8,9.0,19.9,0.451,4.1,10.5,0.391,4.9,9.4,0.519,0.554,6.7,7.2,0.928,0.5,3.7,4.2,7.5,0.9,0.3,3.0,1.5,28.8,MVP-7ASNBA2
2021-22,Damian Lillard,31,POR,NBA,PG,29,29,36.4,7.7,19.0,0.402,3.2,9.8,0.324,4.5,9.2,0.485,0.486,5.5,6.2,0.878,0.4,3.7,4.1,7.3,0.6,0.4,2.9,1.3,24.0,
2022-23,Damian Lillard,32,POR,NBA,PG,58,58,36.3,9.6,20.7,0.463,4.2,11.3,0.371,5.4,9.4,0.574,0.564,8.8,9.6,0.914,0.8,4.0,4.8,7.3,0.9,0.3,3.3,1.9,32.2,CPOY-10ASNBA3
2023-24,Damian Lillard,33,MIL,NBA,PG,73,73,35.3,7.4,17.5,0.424,3.0,8.5,0.354,4.4,9.0,0.49,0.51,6.5,7.0,0.92,0.5,3.9,4.4,7.0,1.0,0.2,2.6,1.8,24.3,CPOY-11AS
2024-25,Damian Lillard,34,MIL,NBA,PG,58,58,36.1,7.7,17.1,0.448,3.4,9.0,0.376,4.3,8.1,0.528,0.547,6.2,6.8,0.921,0.5,4.2,4.7,7.1,1.2,0.2,2.8,1.7,24.9,
2008-09,Russell Westbrook,20,OKC,NBA,PG,82,65,32.5,5.3,13.4,0.398,0.4,1.6,0.271,4.9,11.8,0.415,0.414,4.3,5.2,0.815,2.2,2.7,4.9,5.3,1.3,0.2,3.3,2.3,15.3,ROY-4
2009-10,Russell Westbrook,21,OKC,NBA,PG,82,82,34.3,5.9,14.1,0.418,0.3,1.3,0.221,5.6,12.9,0.438,0.428,4.0,5.1,0.78,1.7,3.1,4.9,8.0,1.3,0.4,3.3,2.5,16.1,
2010-11,Russell Westbrook,22,OKC,NBA,PG,82,82,34.7,7.5,17.0,0.442,0.4,1.3,0.33,7.1,15.7,0.451,0.454,6.5,7.7,0.842,1.5,3.1,4.6,8.2,1.9,0.4,3.9,2.5,21.9,ASNBA2
2011-12,Russell Westbrook,23,OKC,NBA,PG,66,66,35.3,8.8,19.2,0.457,0.9,3.0,0.316,7.8,16.2,0.482,0.481,5.2,6.3,0.823,1.5,3.1,4.6,5.5,1.7,0.3,3.6,2.2,23.6,MVP-12DPOY-18ASNBA2
2012-13,Russell Westbrook,24,OKC,NBA,PG,82,82,34.9,8.2,18.7,0.438,1.2,3.7,0.323,7.0,15.1,0.466,0.47,5.6,7.0,0.8,1.4,3.9,5.2,7.4,1.8,0.3,3.3,2.3,23.2,MVP-9DPOY-17ASNBA2
2013-14,Russell Westbrook,25,OKC,NBA,PG,46,46,30.7,7.5,17.2,0.437,1.5,4.7,0.318,6.0,12.5,0.482,0.48,5.3,6.4,0.826,1.2,4.5,5.7,6.9,1.9,0.2,3.8,2.3,21.8,
2014-15,Russell Westbrook,26,OKC,NBA,PG,67,67,34.4,9.4,22.0,0.426,1.3,4.3,0.299,8.1,17.7,0.457,0.455,8.1,9.8,0.835,1.9,5.4,7.3,8.6,2.1,0.2,4.4,2.7,28.1,MVP-4ASNBA2
2015-16,Russell Westbrook,27,OKC,NBA,PG,80,80,34.4,8.2,18.1,0.454,1.3,4.3,0.296,6.9,13.8,0.503,0.489,5.8,7.2,0.812,1.8,6.0,7.8,10.4,2.0,0.3,4.3,2.5,23.5,MVP-4ASNBA1
2016-17,Russell Westbrook,28,OKC,NBA,PG,81,81,34.6,10.2,24.0,0.425,2.5,7.2,0.343,7.7,16.8,0.459,0.476,8.8,10.4,0.845,1.7,9.0,10.7,10.4,1.6,0.4,5.4,2.3,31.6,MVP-1ASNBA1
2017-18,Russell Westbrook,29,OKC,NBA,PG,80,80,36.4,9.5,21.1,0.449,1.2,4.1,0.298,8.3,17.0,0.485,0.477,5.2,7.1,0.737,1.9,8.2,10.1,10.3,1.8,0.3,4.8,2.5,25.4,MVP-5ASNBA2
2018-19,Russell Westbrook,30,OKC,NBA,PG,73,73,36.0,8.6,20.2,0.428,1.6,5.6,0.29,7.0,14.5,0.481,0.468,4.1,6.2,0.656,1.5,9.6,11.1,10.7,1.9,0.5,4.5,3.4,22.9,MVP-10ASNBA3
2019-20,Russell Westbrook,31,HOU,NBA,PG,57,57,35.9,10.6,22.5,0.472,1.0,3.7,0.258,9.6,18.7,0.514,0.493,5.1,6.7,0.763,1.8,6.2,7.9,7.0,1.6,0.4,4.5,3.5,27.2,ASNBA3
2020-21,Russell Westbrook,32,WAS,NBA,PG,65,65,36.4,8.4,19.0,0.439,1.3,4.2,0.315,7.0,14.8,0.475,0.474,4.2,6.4,0.656,1.7,9.9,11.5,11.7,1.4,0.4,4.8,2.9,22.2,MVP-11
2021-22,Russell Westbrook,33,LAL,NBA,PG,78,78,34.3,7.0,15.8,0.444,1.0,3.4,0.298,6.0,12.4,0.485,0.476,3.4,5.1,0.667,1.4,6.0,7.4,7.1,1.0,0.3,3.8,3.0,18.5,
2022-23,Russell Westbrook,34,2TM,NBA,PG,73,24,29.1,5.9,13.6,0.436,1.2,3.9,0.311,4.7,9.7,0.487,0.481,2.8,4.3,0.656,1.2,4.6,5.8,7.5,1.0,0.5,3.5,2.2,15.9,6MOY-9
2022-23,Russell Westbrook,34,LAL,NBA,PG,52,3,28.7,5.8,14.0,0.417,1.2,4.1,0.296,4.6,9.9,0.467,0.46,3.0,4.6,0.655,1.1,5.0,6.2,7.5,1.0,0.4,3.5,2.3,15.9,
2022-23,Russell Westbrook,34,LAC,NBA,PG,21,21,30.2,6.1,12.5,0.489,1.2,3.5,0.356,4.9,9.0,0.54,0.538,2.4,3.6,0.658,1.4,3.4,4.9,7.6,1.1,0.5,3.4,2.0,15.8,
2023-24,Russell Westbrook,35,LAC,NBA,PG,68,11,22.5,4.4,9.8,0.454,0.6,2.3,0.273,3.8,7.5,0.509,0.486,1.6,2.4,0.688,1.4,3.7,5.0,4.5,1.1,0.3,2.1,1.8,11.1,6MOY-7
2024-25,Russell Westbrook,36,DEN,NBA,PG,75,36,27.9,5.0,11.1,0.449,1.3,3.9,0.323,3.7,7.2,0.517,0.505,2.1,3.1,0.661,1.4,3.6,4.9,6.1,1.4,0.5,3.2,2.5,13.3,
2017-18,Jayson Tatum,19,BOS,NBA,SF,80,80,30.5,5.0,10.4,0.475,1.3,3.0,0.434,3.7,7.4,0.492,0.538,2.7,3.2,0.826,0.6,4.4,5.0,1.6,1.0,0.7,1.4,2.1,13.9,ROY-3
2018-19,Jayson Tatum,20,BOS,NBA,SF,79,79,31.1,5.9,13.1,0.45,1.5,3.9,0.373,4.4,9.2,0.483,0.506,2.5,2.9,0.855,0.9,5.2,6.0,2.1,1.1,0.7,1.5,2.1,15.7,
2019-20,Jayson Tatum,21,BOS,NBA,PF,66,66,34.3,8.4,18.6,0.45,2.9,7.1,0.403,5.5,11.5,0.48,0.527,3.8,4.7,0.812,1.0,6.0,7.0,3.0,1.4,0.9,2.3,2.1,23.4,MVP-12ASNBA3
2020-21,Jayson Tatum,22,BOS,NBA,SF,64,64,35.8,9.5,20.6,0.459,2.9,7.6,0.386,6.5,13.0,0.502,0.53,4.6,5.3,0.868,0.8,6.6,7.4,4.3,1.2,0.5,2.7,1.9,26.4,AS
2021-22,Jayson Tatum,23,BOS,NBA,SF,76,76,35.9,9.3,20.6,0.453,3.0,8.6,0.353,6.3,12.0,0.524,0.526,5.3,6.2,0.853,1.1,6.9,8.0,4.4,1.0,0.6,2.9,2.3,26.9,MVP-6ASNBA1
2022-23,Jayson Tatum,24,BOS,NBA,SF,74,74,36.9,9.8,21.1,0.466,3.2,9.3,0.35,6.6,11.8,0.558,0.543,7.2,8.4,0.854,1.1,7.7,8.8,4.6,1.1,0.7,2.9,2.2,30.1,MVP-4CPOY-10ASNBA1
2023-24,Jayson Tatum,25,BOS,NBA,PF,74,74,35.7,9.1,19.3,0.471,3.1,8.2,0.376,6.0,11.0,0.542,0.552,5.6,6.7,0.833,0.9,7.2,8.1,4.9,1.0,0.6,2.5,2.0,26.9,MVP-6CPOY-9ASNBA1
2024-25,Jayson Tatum,26,BOS,NBA,PF,72,72,36.4,9.2,20.3,0.452,3.5,10.1,0.343,5.7,10.2,0.559,0.537,5.0,6.1,0.814,0.7,8.0,8.7,6.0,1.1,0.5,2.9,2.2,26.8,
2011-12,Kemba Walker,21,CHA,NBA,PG,66,25,27.2,4.3,11.6,.366,1.0,3.4,.305,3.2,8.2,.392,.411,2.5,3.2,.789,0.5,3.1,3.5,4.4,0.9,0.3,1.8,1.2,12.1,ROY-11
2012-13,Kemba Walker,22,CHA,NBA,PG,82,82,34.9,6.4,15.2,.423,1.3,4.0,.322,5.1,11.1,.459,.466,3.6,4.5,.798,0.7,2.7,3.5,5.7,2.0,0.4,2.4,1.9,17.7,
2013-14,Kemba Walker,23,CHA,NBA,PG,73,73,35.8,6.2,15.7,.393,1.5,4.5,.333,4.7,11.2,.417,.441,3.9,4.6,.837,0.5,3.7,4.2,6.1,1.2,0.4,2.3,1.8,17.7,
2014-15,Kemba Walker,24,CHO,NBA,PG,62,58,34.2,6.1,15.8,.385,1.4,4.5,.304,4.7,11.3,.418,.429,3.8,4.6,.827,0.6,3.0,3.5,5.1,1.4,0.5,1.6,1.5,17.3,
2015-16,Kemba Walker,25,CHO,NBA,PG,81,81,35.6,7.0,16.4,.427,2.2,6.0,.371,4.8,10.4,.459,.495,4.6,5.4,.847,0.7,3.7,4.4,5.2,1.6,0.5,2.1,1.4,20.9,
2016-17,Kemba Walker,26,CHO,NBA,PG,79,79,34.7,8.1,18.3,.444,3.0,7.6,.399,5.1,10.7,.476,.527,3.8,4.5,.847,0.6,3.3,3.9,5.5,1.1,0.3,2.1,1.5,23.2,AS
2017-18,Kemba Walker,27,CHO,NBA,PG,80,80,34.2,7.4,17.0,.431,2.9,7.5,.384,4.5,9.5,.469,.516,4.5,5.3,.864,0.4,2.7,3.1,5.6,1.1,0.3,2.2,1.2,22.1,AS
2018-19,Kemba Walker,28,CHO,NBA,PG,82,82,34.9,8.9,20.5,.434,3.2,8.9,.356,5.7,11.6,.494,.511,4.6,5.5,.844,0.6,3.8,4.4,5.9,1.2,0.4,2.6,1.6,25.6,ASNBA3
2019-20,Kemba Walker,29,BOS,NBA,PG,56,56,31.1,6.8,15.9,.425,3.2,8.4,.381,3.5,7.4,.476,.526,3.7,4.3,.864,0.6,3.2,3.9,4.8,0.9,0.5,2.1,1.6,20.4,AS
2020-21,Kemba Walker,30,BOS,NBA,PG,43,43,31.8,6.6,15.7,.420,3.0,8.2,.360,3.7,7.5,.486,.514,3.1,3.5,.899,0.4,3.6,4.0,4.9,1.1,0.3,2.0,1.4,19.3,
2021-22,Kemba Walker,31,NYK,NBA,PG,37,37,25.6,4.0,10.0,.403,2.0,5.4,.367,2.1,4.6,.444,.501,1.6,1.9,.845,0.4,2.6,3.0,3.5,0.7,0.2,1.3,1.0,11.6,
2022-23,Kemba Walker,32,DAL,NBA,PG,9,1,16.0,2.7,6.3,.421,0.8,3.1,.250,1.9,3.2,.586,.482,1.9,2.3,.810,0.3,1.4,1.8,2.1,0.2,0.2,0.4,1.2,8.0,
2023-24,Kemba Walker,33,Did not play - other pro league,Did not play - other pro league,Did not play - other pro league,Did not play - other pro league,Did not play - other pro league,Did not play - other pro league,Did not play - other pro league,Did not play - other pro league,Did not play - other pro league,Did not play - other pro league,Did not play - other pro league,Did not play - other pro league,Did not play - other pro league,Did not play - other pro league,Did not play - other pro league,Did not play - other pro league,Did not play - other pro league,Did not play - other pro league,Did not play - other pro league,Did not play - other pro league,Did not play - other pro league,Did not play - other pro league,Did not play - other pro league,Did not play - other pro league,Did not play - other pro league,Did not play - other pro league,Did not play - other pro league,Did not play - other pro league,Did not play - other pro league
2009-10,Stephen Curry,21,GSW,NBA,PG,80,77,36.2,6.6,14.3,0.462,2.1,4.8,0.437,4.5,9.5,0.474,0.535,2.2,2.5,0.885,0.6,3.9,4.5,5.9,1.9,0.2,3.0,3.2,17.5,ROY-2
2010-11,Stephen Curry,22,GSW,NBA,PG,74,74,33.6,6.8,14.2,0.48,2.0,4.6,0.442,4.8,9.6,0.498,0.551,2.9,3.1,0.934,0.7,3.2,3.9,5.8,1.5,0.3,3.1,3.1,18.6,
2011-12,Stephen Curry,23,GSW,NBA,PG,26,23,28.2,5.6,11.4,0.49,2.1,4.7,0.455,3.5,6.7,0.514,0.583,1.5,1.8,0.809,0.6,2.8,3.4,5.3,1.5,0.3,2.5,2.4,14.7,
2012-13,Stephen Curry,24,GSW,NBA,PG,78,78,38.2,8.0,17.8,0.451,3.5,7.7,0.453,4.5,10.1,0.449,0.549,3.4,3.7,0.9,0.8,3.3,4.0,6.9,1.6,0.2,3.1,2.5,22.9,MVP-11
2013-14,Stephen Curry,25,GSW,NBA,PG,78,78,36.5,8.4,17.7,0.471,3.3,7.9,0.424,5.0,9.8,0.509,0.566,3.9,4.5,0.885,0.6,3.7,4.3,8.5,1.6,0.2,3.8,2.5,24.0,MVP-6ASNBA2
2014-15,Stephen Curry,26,GSW,NBA,PG,80,80,32.7,8.2,16.8,0.487,3.6,8.1,0.443,4.6,8.7,0.528,0.594,3.9,4.2,0.914,0.7,3.6,4.3,7.7,2.0,0.2,3.1,2.0,23.8,MVP-1ASNBA1
2015-16,Stephen Curry,27,GSW,NBA,PG,79,79,34.2,10.2,20.2,0.504,5.1,11.2,0.454,5.1,9.0,0.566,0.63,4.6,5.1,0.908,0.9,4.6,5.4,6.7,2.1,0.2,3.3,2.0,30.1,MVP-1ASNBA1
2016-17,Stephen Curry,28,GSW,NBA,PG,79,79,33.4,8.5,18.3,0.468,4.1,10.0,0.411,4.4,8.3,0.537,0.58,4.1,4.6,0.898,0.8,3.7,4.5,6.6,1.8,0.2,3.0,2.3,25.3,MVP-6ASNBA2
2017-18,Stephen Curry,29,GSW,NBA,PG,51,51,32.0,8.4,16.9,0.495,4.2,9.8,0.423,4.2,7.1,0.595,0.618,5.5,5.9,0.921,0.7,4.4,5.1,6.1,1.6,0.2,3.0,2.2,26.4,MVP-10ASNBA3
2018-19,Stephen Curry,30,GSW,NBA,PG,69,69,33.8,9.2,19.4,0.472,5.1,11.7,0.437,4.0,7.7,0.525,0.604,3.8,4.2,0.916,0.7,4.7,5.3,5.2,1.3,0.4,2.8,2.4,27.3,MVP-5ASNBA1
2019-20,Stephen Curry,31,GSW,NBA,PG,5,5,27.8,6.6,16.4,0.402,2.4,9.8,0.245,4.2,6.6,0.636,0.476,5.2,5.2,1.0,0.8,4.4,5.2,6.6,1.0,0.4,3.2,2.2,20.8,
2020-21,Stephen Curry,32,GSW,NBA,PG,63,63,34.2,10.4,21.7,0.482,5.3,12.7,0.421,5.1,9.0,0.569,0.605,5.7,6.3,0.916,0.5,5.0,5.5,5.8,1.2,0.1,3.4,1.9,32.0,MVP-3ASNBA1
2021-22,Stephen Curry,33,GSW,NBA,PG,64,64,34.5,8.4,19.1,0.437,4.5,11.7,0.38,3.9,7.4,0.527,0.554,4.3,4.7,0.923,0.5,4.7,5.2,6.3,1.3,0.4,3.2,2.0,25.5,MVP-8ASNBA2
2022-23,Stephen Curry,34,GSW,NBA,PG,56,56,34.7,10.0,20.2,0.493,4.9,11.4,0.427,5.1,8.8,0.579,0.614,4.6,5.0,0.915,0.7,5.4,6.1,6.3,0.9,0.4,3.2,2.1,29.4,MVP-9CPOY-9ASNBA2
2023-24,Stephen Curry,35,GSW,NBA,PG,74,74,32.7,8.8,19.5,0.45,4.8,11.8,0.408,4.0,7.7,0.515,0.573,4.0,4.4,0.923,0.5,4.0,4.5,5.1,0.7,0.4,2.8,1.6,26.4,CPOY-1ASNBA3
2024-25,Stephen Curry,36,GSW,NBA,PG,70,70,32.2,8.1,18.0,0.448,4.4,11.2,0.397,3.6,6.8,0.534,0.572,4.0,4.3,0.933,0.6,3.9,4.4,6.0,1.1,0.4,2.9,1.4,24.5,
2007-08,Kevin Durant,19,SEA,NBA,SG,80,80,34.6,7.3,17.1,.430,0.7,2.6,.288,6.6,14.5,.455,.451,4.9,5.6,.873,0.9,3.5,4.4,2.4,1.0,0.9,2.9,1.5,20.3,ROY-1
2008-09,Kevin Durant,20,OKC,NBA,SF,74,74,39.0,8.9,18.8,.476,1.3,3.1,.422,7.6,15.7,.486,.510,6.1,7.1,.863,1.0,5.5,6.5,2.8,1.3,0.7,3.0,1.8,25.3,
2009-10,Kevin Durant,21,OKC,NBA,SF,82,82,39.5,9.7,20.3,.476,1.6,4.3,.365,8.1,16.1,.506,.514,9.2,10.2,.900,1.3,6.3,7.6,2.8,1.4,1.0,3.3,2.1,30.1,MVP-2ASNBA1
2010-11,Kevin Durant,22,OKC,NBA,SF,78,78,38.9,9.1,19.7,.462,1.9,5.3,.350,7.3,14.4,.504,.509,7.6,8.7,.880,0.7,6.1,6.8,2.7,1.1,1.0,2.8,2.0,27.7,MVP-5ASNBA1
2011-12,Kevin Durant,23,OKC,NBA,SF,66,66,38.6,9.7,19.7,.496,2.0,5.2,.387,7.7,14.4,.535,.547,6.5,7.6,.860,0.6,7.4,8.0,3.5,1.3,1.2,3.8,2.0,28.0,MVP-2ASNBA1
2012-13,Kevin Durant,24,OKC,NBA,SF,81,81,38.5,9.0,17.7,.510,1.7,4.1,.416,7.3,13.6,.539,.559,8.4,9.3,.905,0.6,7.3,7.9,4.6,1.4,1.3,3.5,1.8,28.1,MVP-2ASNBA1
2013-14,Kevin Durant,25,OKC,NBA,SF,81,81,38.5,10.5,20.8,.503,2.4,6.1,.391,8.1,14.8,.549,.560,8.7,9.9,.873,0.7,6.7,7.4,5.5,1.3,0.7,3.5,2.1,32.0,MVP-1ASNBA1
2014-15,Kevin Durant,26,OKC,NBA,SF,27,27,33.8,8.8,17.3,.510,2.4,5.9,.403,6.4,11.4,.565,.578,5.4,6.3,.854,0.6,6.0,6.6,4.1,0.9,0.9,2.7,1.5,25.4,AS
2015-16,Kevin Durant,27,OKC,NBA,SF,72,72,35.8,9.7,19.2,.505,2.6,6.7,.387,7.1,12.5,.569,.573,6.2,6.9,.898,0.6,7.6,8.2,5.0,1.0,1.2,3.5,1.9,28.2,MVP-5ASNBA2
2016-17,Kevin Durant,28,GSW,NBA,PF,62,62,33.4,8.9,16.5,.537,1.9,5.0,.375,7.0,11.5,.608,.594,5.4,6.2,.875,0.6,7.6,8.3,4.8,1.1,1.6,2.2,1.9,25.1,MVP-9ASNBA2
2017-18,Kevin Durant,29,GSW,NBA,SF,68,68,34.2,9.3,18.0,.516,2.5,6.1,.419,6.7,11.9,.565,.586,5.3,5.9,.889,0.5,6.4,6.8,5.4,0.7,1.8,3.0,2.0,26.4,MVP-7DPOY-9ASNBA1
2018-19,Kevin Durant,30,GSW,NBA,SF,78,78,34.6,9.2,17.7,.521,1.8,5.0,.353,7.5,12.8,.587,.571,5.7,6.5,.885,0.4,5.9,6.4,5.9,0.7,1.1,2.9,2.0,26.0,MVP-8ASNBA2
2019-20,Kevin Durant,31,Did not play - injury,Did not play - injury,Did not play - injury,Did not play - injury,Did not play - injury,Did not play - injury,Did not play - injury,Did not play - injury,Did not play - injury,Did not play - injury,Did not play - injury,Did not play - injury,Did not play - injury,Did not play - injury,Did not play - injury,Did not play - injury,Did not play - injury,Did not play - injury,Did not play - injury,Did not play - injury,Did not play - injury,Did not play - injury,Did not play - injury,Did not play - injury,Did not play - injury,Did not play - injury,Did not play - injury,Did not play - injury,Did not play - injury
2020-21,Kevin Durant,32,BRK,NBA,PF,35,32,33.1,9.3,17.2,.537,2.4,5.4,.450,6.8,11.8,.577,.608,6.0,6.8,.882,0.4,6.7,7.1,5.6,0.7,1.3,3.4,2.0,26.9,AS
2021-22,Kevin Durant,33,BRK,NBA,PF,55,55,37.2,10.5,20.3,.518,2.1,5.5,.383,8.4,14.8,.568,.570,6.8,7.4,.910,0.5,6.9,7.4,6.4,0.9,0.9,3.5,2.1,29.9,MVP-10ASNBA2
2022-23,Kevin Durant,34,2TM,NBA,PF,47,47,35.6,10.3,18.3,.560,2.0,4.9,.404,8.3,13.4,.617,.614,6.5,7.1,.919,0.4,6.3,6.7,5.0,0.7,1.4,3.3,2.1,29.1,AS
2022-23,Kevin Durant,34,BRK,NBA,PF,39,39,36.0,10.5,18.8,.559,1.8,4.8,.376,8.7,14.0,.622,.607,6.8,7.3,.934,0.4,6.4,6.7,5.3,0.8,1.5,3.5,2.4,29.7,
2022-23,Kevin Durant,34,PHO,NBA,PF,8,8,33.6,9.1,16.0,.570,2.8,5.1,.537,6.4,10.9,.586,.656,5.0,6.0,.833,0.4,6.0,6.4,3.5,0.3,1.3,2.5,0.9,26.0,
2023-24,Kevin Durant,35,PHO,NBA,PF,75,75,37.2,10.0,19.1,.523,2.2,5.4,.413,7.8,13.7,.567,.581,4.8,5.6,.856,0.5,6.1,6.6,5.0,0.9,1.2,3.3,1.8,27.1,MVP-9ASNBA2
2024-25,Kevin Durant,36,PHO,NBA,PF,62,62,36.5,9.5,18.1,.527,2.6,6.0,.430,7.0,12.1,.574,.598,4.9,5.8,.839,0.4,5.7,6.0,4.2,0.8,1.2,3.1,1.7,26.6,
2011-12,Jimmy Butler,22,CHI,NBA,SG,42.0,0.0,8.5,0.8,1.9,0.405,0.0,0.3,0.182,0.7,1.6,0.441,0.418,1.0,1.3,0.768,0.5,0.8,1.3,0.3,0.3,0.1,0.3,0.5,2.6,
2012-13,Jimmy Butler,23,CHI,NBA,SF,82.0,20.0,26.0,2.9,6.2,0.467,0.5,1.3,0.381,2.4,5.0,0.489,0.506,2.3,2.8,0.803,1.7,2.3,4.0,1.4,1.0,0.4,0.8,1.2,8.6,DPOY-17
2013-14,Jimmy Butler,24,CHI,NBA,SG,67.0,67.0,38.7,4.1,10.3,0.397,1.0,3.6,0.283,3.1,6.8,0.457,0.446,3.9,5.0,0.769,1.3,3.6,4.9,2.6,1.9,0.5,1.5,1.6,13.1,DEF2
2014-15,Jimmy Butler,25,CHI,NBA,SG,65.0,65.0,38.7,6.5,14.0,0.462,1.1,3.0,0.378,5.4,11.1,0.484,0.502,5.9,7.1,0.834,1.8,4.1,5.8,3.3,1.8,0.6,1.4,1.7,20.0,DPOY-10MIP-1ASDEF2
2015-16,Jimmy Butler,26,CHI,NBA,SG,67.0,67.0,36.9,7.0,15.4,0.454,1.0,3.1,0.312,6.1,12.4,0.489,0.485,5.9,7.1,0.832,1.2,4.2,5.3,4.8,1.6,0.6,2.0,1.9,20.9,DPOY-11ASDEF2
2016-17,Jimmy Butler,27,CHI,NBA,SF,76.0,75.0,37.0,7.5,16.5,0.455,1.2,3.3,0.367,6.3,13.2,0.477,0.492,7.7,8.9,0.865,1.7,4.5,6.2,5.5,1.9,0.4,2.1,1.5,23.9,ASNBA3
2017-18,Jimmy Butler,28,MIN,NBA,SG,59.0,59.0,36.7,7.4,15.6,0.474,1.2,3.4,0.35,6.2,12.2,0.509,0.512,6.2,7.2,0.854,1.3,4.0,5.3,4.9,2.0,0.4,1.8,1.3,22.2,MVP-10DPOY-12ASNBA3DEF2
2018-19,Jimmy Butler,29,2TM,NBA,SG,65.0,65.0,33.6,6.4,13.9,0.462,1.0,3.0,0.347,5.4,10.9,0.494,0.499,4.8,5.6,0.855,1.9,3.4,5.3,4.0,1.9,0.6,1.5,1.7,18.7,
2018-19,Jimmy Butler,29,MIN,NBA,SG,10.0,10.0,36.1,7.4,15.7,0.471,1.7,4.5,0.378,5.7,11.2,0.509,0.525,4.8,6.1,0.787,1.6,3.6,5.2,4.3,2.4,1.0,1.4,1.8,21.3,
2018-19,Jimmy Butler,29,PHI,NBA,SF,55.0,55.0,33.2,6.3,13.6,0.461,0.9,2.7,0.338,5.3,10.9,0.491,0.494,4.8,5.5,0.868,1.9,3.4,5.3,4.0,1.8,0.5,1.5,1.7,18.2,
2019-20,Jimmy Butler,30,MIA,NBA,SF,58.0,58.0,33.8,5.9,13.1,0.455,0.5,2.1,0.244,5.4,11.0,0.495,0.474,7.6,9.1,0.834,1.8,4.8,6.7,6.0,1.8,0.6,2.2,1.4,19.9,MVP-11ASNBA3
2020-21,Jimmy Butler,31,MIA,NBA,SF,52.0,52.0,33.6,7.0,14.2,0.497,0.5,2.0,0.245,6.6,12.2,0.538,0.514,6.9,8.0,0.863,1.8,5.1,6.9,7.1,2.1,0.3,2.1,1.4,21.5,DPOY-10NBA3DEF2
2021-22,Jimmy Butler,32,MIA,NBA,SF,57.0,57.0,33.9,7.0,14.5,0.48,0.5,2.0,0.233,6.5,12.5,0.52,0.496,6.9,8.0,0.87,1.8,4.1,5.9,5.5,1.6,0.5,2.1,1.5,21.4,AS
2022-23,Jimmy Butler,33,MIA,NBA,PF,64.0,64.0,33.4,7.5,13.9,0.539,0.6,1.6,0.35,6.9,12.3,0.564,0.56,7.4,8.7,0.85,2.2,3.7,5.9,5.3,1.8,0.3,1.6,1.3,22.9,MVP-10DPOY-12CPOY-2NBA2
2023-24,Jimmy Butler,34,MIA,NBA,PF,60.0,60.0,34.0,6.6,13.2,0.499,1.0,2.4,0.414,5.6,10.8,0.519,0.537,6.6,7.7,0.858,1.8,3.6,5.3,5.0,1.3,0.3,1.7,1.1,20.8,
2024-25,Jimmy Butler,35,2TM,NBA,SF,55.0,55.0,31.7,5.5,10.9,0.504,0.6,1.9,0.308,4.9,9.0,0.546,0.531,6.0,7.1,0.842,2.3,3.1,5.4,5.4,1.4,0.3,1.3,0.9,17.5,
2024-25,Jimmy Butler,35,MIA,NBA,PF,25.0,25.0,30.6,5.7,10.5,0.54,0.5,1.4,0.361,5.2,9.1,0.568,0.565,5.2,6.4,0.801,2.2,3.0,5.2,4.8,1.1,0.4,1.2,0.9,17.0,
2024-25,Jimmy Butler,35,GSW,NBA,SF,30.0,30.0,32.7,5.3,11.1,0.476,0.6,2.3,0.279,4.7,8.9,0.526,0.504,6.7,7.7,0.87,2.3,3.2,5.5,5.9,1.7,0.3,1.5,1.0,17.9,
2011-12,Kyrie Irving,19,CLE,NBA,PG,51.0,51.0,30.5,6.9,14.6,0.469,1.4,3.6,0.399,5.4,11.1,0.491,0.517,3.4,3.8,0.872,0.9,2.9,3.7,5.4,1.1,0.4,3.1,2.2,18.5,ROY-1
2012-13,Kyrie Irving,20,CLE,NBA,PG,59.0,59.0,34.7,8.2,18.1,0.452,1.8,4.7,0.391,6.4,13.4,0.474,0.503,4.2,4.9,0.855,0.6,3.1,3.7,5.9,1.5,0.4,3.2,2.5,22.5,AS
2013-14,Kyrie Irving,21,CLE,NBA,PG,71.0,71.0,35.2,7.5,17.4,0.43,1.7,4.8,0.358,5.8,12.6,0.458,0.48,4.1,4.8,0.861,0.7,2.9,3.6,6.1,1.5,0.3,2.7,2.3,20.8,AS
2014-15,Kyrie Irving,22,CLE,NBA,PG,75.0,75.0,36.4,7.7,16.5,0.468,2.1,5.0,0.415,5.6,11.4,0.491,0.532,4.2,4.9,0.863,0.7,2.4,3.2,5.2,1.5,0.3,2.5,1.9,21.7,ASNBA3
2015-16,Kyrie Irving,23,CLE,NBA,PG,53.0,53.0,31.5,7.4,16.6,0.448,1.6,4.9,0.321,5.8,11.6,0.502,0.496,3.2,3.6,0.885,0.8,2.1,3.0,4.7,1.1,0.3,2.3,2.0,19.6,
2016-17,Kyrie Irving,24,CLE,NBA,PG,72.0,72.0,35.1,9.3,19.7,0.473,2.5,6.1,0.401,6.9,13.6,0.505,0.535,4.1,4.6,0.905,0.7,2.5,3.2,5.8,1.2,0.3,2.5,2.2,25.2,AS
2017-18,Kyrie Irving,25,BOS,NBA,PG,60.0,60.0,32.2,8.9,18.1,0.491,2.8,6.8,0.408,6.1,11.3,0.541,0.568,3.9,4.4,0.889,0.6,3.2,3.8,5.1,1.1,0.3,2.3,2.0,24.4,AS
2018-19,Kyrie Irving,26,BOS,NBA,PG,67.0,67.0,33.0,9.0,18.5,0.487,2.6,6.5,0.401,6.4,12.0,0.533,0.557,3.2,3.7,0.873,1.1,3.9,5.0,6.9,1.5,0.5,2.6,2.5,23.8,ASNBA2
2019-20,Kyrie Irving,27,BRK,NBA,PG,20.0,20.0,32.9,10.0,20.8,0.478,2.8,7.1,0.394,7.2,13.7,0.522,0.546,4.7,5.1,0.922,1.1,4.1,5.2,6.4,1.4,0.5,2.6,2.7,27.4,
2020-21,Kyrie Irving,28,BRK,NBA,PG,54.0,54.0,34.9,10.2,20.1,0.506,2.8,7.0,0.402,7.4,13.1,0.561,0.576,3.7,4.0,0.922,1.0,3.8,4.8,6.0,1.4,0.7,2.4,2.6,26.9,ASNBA3
2021-22,Kyrie Irving,29,BRK,NBA,PG,29.0,29.0,37.6,10.0,21.2,0.469,3.4,8.2,0.418,6.5,13.0,0.501,0.55,4.1,4.4,0.915,0.6,3.8,4.4,5.8,1.4,0.6,2.5,2.8,27.4,
2022-23,Kyrie Irving,30,2TM,NBA,SG,60.0,60.0,37.4,9.9,20.1,0.494,3.1,8.3,0.379,6.8,11.8,0.574,0.572,4.1,4.6,0.905,1.0,4.1,5.1,5.5,1.1,0.8,2.1,2.8,27.1,CPOY-12AS
2022-23,Kyrie Irving,30,BRK,NBA,PG,40.0,40.0,37.0,10.0,20.5,0.486,3.3,8.7,0.374,6.7,11.8,0.569,0.565,4.0,4.5,0.883,1.0,4.2,5.1,5.3,1.0,0.8,2.3,2.7,27.1,
2022-23,Kyrie Irving,30,DAL,NBA,SG,20.0,20.0,38.2,9.8,19.2,0.51,2.9,7.4,0.392,6.9,11.8,0.585,0.586,4.5,4.7,0.947,1.1,4.0,5.0,6.0,1.3,0.6,1.9,2.8,27.0,
2023-24,Kyrie Irving,31,DAL,NBA,SG,58.0,58.0,35.0,9.7,19.5,0.497,3.0,7.3,0.411,6.7,12.2,0.548,0.573,3.3,3.6,0.905,0.8,4.2,5.0,5.2,1.3,0.5,1.8,1.9,25.6,CPOY-7
2024-25,Kyrie Irving,32,DAL,NBA,SG,50.0,50.0,36.1,8.9,18.9,0.473,2.9,7.2,0.401,6.1,11.7,0.517,0.549,3.9,4.3,0.916,1.2,3.6,4.8,4.6,1.3,0.5,2.2,2.0,24.7,
2005-06,Chris Paul,20,NOK,NBA,PG,78,78,36.0,5.2,12.1,.430,0.6,2.3,.282,4.6,9.9,.464,.456,5.1,6.0,.847,0.8,4.3,5.1,7.8,2.2,0.1,2.3,2.8,16.1,ROY-1
2006-07,Chris Paul,21,NOK,NBA,PG,64,64,36.8,6.0,13.6,.437,0.8,2.2,.350,5.2,11.4,.455,.466,4.6,5.6,.818,0.8,3.5,4.4,8.9,1.8,0.0,2.5,2.4,17.3,
2007-08,Chris Paul,22,NOH,NBA,PG,80,80,37.6,7.9,16.1,.488,1.2,3.1,.369,6.7,13.0,.516,.524,4.2,4.9,.851,0.8,3.2,4.0,11.6,2.7,0.1,2.5,2.3,21.1,MVP-2DPOY-7ASNBA1DEF2
2008-09,Chris Paul,23,NOH,NBA,PG,78,78,38.5,8.1,16.1,.503,0.8,2.3,.364,7.3,13.8,.525,.528,5.8,6.7,.868,0.9,4.7,5.5,11.0,2.8,0.1,3.0,2.7,22.8,MVP-5DPOY-6ASNBA2DEF1
2009-10,Chris Paul,24,NOH,NBA,PG,45,45,38.0,7.0,14.2,.493,1.2,2.8,.409,5.8,11.3,.514,.534,3.6,4.2,.847,0.4,3.8,4.2,10.7,2.1,0.2,2.5,2.6,18.7,AS
2010-11,Chris Paul,25,NOH,NBA,PG,80,80,36.0,5.4,11.6,.463,0.9,2.3,.388,4.5,9.3,.482,.502,4.2,4.8,.878,0.5,3.6,4.1,9.8,2.4,0.1,2.2,2.5,15.9,MVP-13DPOY-12ASNBA3DEF2
2011-12,Chris Paul,26,LAC,NBA,PG,60,60,36.4,7.1,14.8,.478,1.3,3.6,.371,5.8,11.3,.511,.522,4.3,5.0,.861,0.7,2.9,3.6,9.1,2.5,0.1,2.1,2.3,19.8,MVP-3DPOY-12ASNBA1DEF1
2012-13,Chris Paul,27,LAC,NBA,PG,70,70,33.4,5.9,12.2,.481,1.1,3.3,.328,4.8,8.9,.538,.526,4.1,4.6,.885,0.8,3.0,3.7,9.7,2.4,0.1,2.3,2.0,16.9,MVP-4DPOY-11ASNBA1DEF1
2013-14,Chris Paul,28,LAC,NBA,PG,62,62,35.0,6.5,14.0,.467,1.3,3.4,.368,5.3,10.6,.498,.511,4.8,5.6,.855,0.6,3.7,4.3,10.7,2.5,0.1,2.3,2.5,19.1,MVP-7DPOY-13ASNBA1DEF1
2014-15,Chris Paul,29,LAC,NBA,PG,82,82,34.8,6.9,14.3,.485,1.7,4.3,.398,5.2,10.0,.523,.545,3.5,3.9,.900,0.6,4.0,4.6,10.2,1.9,0.2,2.3,2.5,19.1,MVP-6DPOY-15ASNBA2DEF1
2015-16,Chris Paul,30,LAC,NBA,PG,74,74,32.7,7.0,15.1,.462,1.6,4.4,.371,5.3,10.6,.501,.517,4.0,4.4,.896,0.5,3.7,4.2,10.0,2.1,0.2,2.6,2.5,19.5,MVP-6DPOY-13ASNBA2DEF1
2016-17,Chris Paul,31,LAC,NBA,PG,61,61,31.5,6.1,12.9,.476,2.0,5.0,.411,4.1,7.9,.518,.555,3.8,4.3,.892,0.7,4.3,5.0,9.2,2.0,0.1,2.4,2.4,18.1,DEF1
2017-18,Chris Paul,32,HOU,NBA,PG,58,58,31.8,6.3,13.8,.460,2.5,6.5,.380,3.8,7.2,.532,.550,3.5,3.8,.919,0.6,4.8,5.4,7.9,1.7,0.2,2.2,2.4,18.6,
2018-19,Chris Paul,33,HOU,NBA,PG,58,58,32.0,5.2,12.4,.419,2.2,6.1,.358,3.0,6.3,.479,.508,3.0,3.5,.862,0.6,3.9,4.6,8.2,2.0,0.3,2.6,2.5,15.6,
2019-20,Chris Paul,34,OKC,NBA,PG,70,70,31.5,6.2,12.7,.489,1.6,4.3,.365,4.6,8.3,.554,.552,3.6,4.0,.907,0.4,4.6,5.0,6.7,1.6,0.2,2.3,2.3,17.6,MVP-7ASNBA2
2020-21,Chris Paul,35,PHO,NBA,PG,70,70,31.4,6.3,12.6,.499,1.5,3.7,.395,4.8,8.9,.543,.557,2.4,2.6,.934,0.4,4.1,4.5,8.9,1.4,0.3,2.2,2.4,16.4,MVP-5ASNBA2
2021-22,Chris Paul,36,PHO,NBA,PG,65,65,32.9,5.6,11.3,.493,1.0,3.1,.317,4.6,8.3,.559,.536,2.6,3.1,.837,0.3,4.0,4.4,10.8,1.9,0.3,2.4,2.1,14.7,MVP-9ASNBA3
2022-23,Chris Paul,37,PHO,NBA,PG,59,59,32.0,5.0,11.3,.440,1.7,4.4,.375,3.3,6.9,.482,.513,2.3,2.7,.831,0.5,3.8,4.3,8.9,1.5,0.4,1.9,2.1,13.9,
2023-24,Chris Paul,38,GSW,NBA,PG,58,18,26.4,3.6,8.1,.441,1.3,3.6,.371,2.2,4.4,.498,.525,0.7,0.9,.827,0.3,3.6,3.9,6.8,1.2,0.1,1.3,1.9,9.2,
2024-25,Chris Paul,39,SAS,NBA,PG,82,82,28.0,3.0,7.1,.427,1.7,4.5,.377,1.3,2.6,.514,.547,1.0,1.1,.924,0.4,3.2,3.6,7.4,1.3,0.3,1.6,1.8,8.8,
2010-11,Paul George,20,IND,NBA,SG,61.0,19.0,20.7,2.9,6.5,0.453,0.7,2.3,0.297,2.3,4.2,0.537,0.505,1.3,1.7,0.762,0.6,3.1,3.7,1.1,1.0,0.4,1.1,2.1,7.8,
2011-12,Paul George,21,IND,NBA,SG,66.0,66.0,29.7,4.3,9.7,0.44,1.4,3.5,0.385,2.9,6.1,0.472,0.51,2.2,2.8,0.802,0.8,4.8,5.6,2.4,1.6,0.6,1.8,2.9,12.1,
2012-13,Paul George,22,IND,NBA,SF,79.0,79.0,37.6,6.2,14.9,0.419,2.2,5.9,0.362,4.1,8.9,0.457,0.491,2.8,3.5,0.807,1.1,6.5,7.6,4.1,1.8,0.6,2.9,2.9,17.4,DPOY-8MIP-1ASNBA3DEF2
2013-14,Paul George,23,IND,NBA,SF,80.0,80.0,36.2,7.2,17.0,0.424,2.3,6.3,0.364,4.9,10.8,0.458,0.49,5.0,5.8,0.864,0.8,6.0,6.8,3.5,1.9,0.3,2.8,2.5,21.7,MVP-9DPOY-7ASNBA3DEF1
2014-15,Paul George,24,IND,NBA,SF,6.0,0.0,15.2,3.0,8.2,0.367,1.5,3.7,0.409,1.5,4.5,0.333,0.459,1.3,1.8,0.727,0.7,3.0,3.7,1.0,0.8,0.2,2.0,1.8,8.8,
2015-16,Paul George,25,IND,NBA,SF,81.0,81.0,34.8,7.5,17.9,0.418,2.6,7.0,0.371,4.9,10.9,0.447,0.49,5.6,6.5,0.86,1.0,6.0,7.0,4.1,1.9,0.4,3.3,2.8,23.1,ASNBA3DEF2
2016-17,Paul George,26,IND,NBA,SF,75.0,75.0,35.9,8.3,18.0,0.461,2.6,6.6,0.393,5.7,11.4,0.501,0.534,4.5,5.0,0.898,0.8,5.8,6.6,3.3,1.6,0.4,2.9,2.7,23.7,AS
2017-18,Paul George,27,OKC,NBA,SF,79.0,79.0,36.6,7.3,17.0,0.43,3.1,7.7,0.401,4.2,9.3,0.454,0.521,4.3,5.2,0.822,0.9,4.7,5.7,3.3,2.0,0.5,2.7,2.9,21.9,DPOY-4ASNBA3
2018-19,Paul George,28,OKC,NBA,SF,77.0,77.0,36.9,9.2,21.0,0.438,3.8,9.8,0.386,5.4,11.1,0.484,0.529,5.9,7.0,0.839,1.4,6.8,8.2,4.1,2.2,0.4,2.7,2.8,28.0,MVP-3DPOY-3ASNBA1DEF1
2019-20,Paul George,29,LAC,NBA,SF,48.0,48.0,29.6,7.1,16.3,0.439,3.3,7.9,0.412,3.9,8.4,0.464,0.539,4.0,4.5,0.876,0.5,5.2,5.7,3.9,1.4,0.4,2.6,2.4,21.5,
2020-21,Paul George,30,LAC,NBA,SF,54.0,54.0,33.7,8.2,17.6,0.467,3.2,7.7,0.411,5.1,9.9,0.51,0.557,3.7,4.2,0.868,0.8,5.8,6.6,5.2,1.1,0.4,3.3,2.4,23.3,ASNBA3
2021-22,Paul George,31,LAC,NBA,PF,31.0,31.0,34.7,8.6,20.5,0.421,2.9,8.3,0.354,5.7,12.2,0.467,0.493,4.1,4.8,0.858,0.4,6.5,6.9,5.7,2.2,0.4,4.1,2.4,24.3,
2022-23,Paul George,32,LAC,NBA,SF,56.0,56.0,34.6,8.2,17.9,0.457,2.8,7.6,0.371,5.4,10.3,0.521,0.536,4.6,5.3,0.871,0.8,5.3,6.1,5.1,1.5,0.4,3.1,2.8,23.8,AS
2023-24,Paul George,33,LAC,NBA,PF,74.0,74.0,33.8,7.9,16.7,0.471,3.3,7.9,0.413,4.6,8.8,0.523,0.569,3.6,3.9,0.907,0.5,4.7,5.2,3.5,1.5,0.5,2.1,2.7,22.6,AS
2024-25,Paul George,34,PHI,NBA,PF,41.0,41.0,32.5,6.0,13.9,0.43,2.3,6.5,0.358,3.6,7.4,0.493,0.514,1.9,2.4,0.814,0.6,4.8,5.3,4.3,1.8,0.5,2.6,2.5,16.2,
