Season,Player,Age,Team,Lg,Pos,G,GS,MP,PER,TS%,3PAr,FTr,ORB%,DRB%,TRB%,AST%,STL%,BLK%,TOV%,USG%,OWS,DWS,WS,WS/48,OBPM,DBPM,BPM,VORP,Awards
2012-13,Bradley Beal,19,WAS,NBA,SG,56,46,1745,13.6,0.515,0.344,0.231,2.7,10.8,6.7,13.7,1.5,1.3,10.6,22.2,1.0,2.0,3.0,0.082,0.0,0.2,0.2,1.0,ROY-3
2013-14,Bradley Beal,20,WAS,NBA,SG,73,73,2530,14.3,0.507,0.299,0.164,2.4,10.2,6.3,16.0,1.4,0.6,9.4,24.3,1.6,2.4,4.0,0.076,0.3,-0.7,-0.4,1.0,
2014-15,Bradley Beal,21,WAS,NBA,SG,63,59,2107,14.0,0.521,0.304,0.195,3.1,9.6,6.4,15.0,1.8,0.7,11.7,22.5,1.3,2.4,3.7,0.085,-0.1,0.2,0.1,1.1,
2015-16,Bradley Beal,22,WAS,NBA,SG,55,35,1708,15.5,0.547,0.339,0.22,2.6,9.8,6.2,15.6,1.5,0.5,11.3,25.3,1.4,1.3,2.7,0.076,1.2,-0.9,0.3,1.0,
2016-17,Bradley Beal,23,WAS,NBA,SG,77,77,2684,20.1,0.604,0.418,0.259,2.2,7.8,5.0,16.2,1.5,0.7,9.6,26.5,6.9,1.6,8.5,0.152,4.2,-1.0,3.3,3.5,
2017-18,Bradley Beal,24,WAS,NBA,SG,82,82,2977,18.4,0.564,0.357,0.249,2.3,11.5,6.9,21.0,1.6,1.1,11.5,27.6,4.4,2.5,6.9,0.111,2.9,-0.7,2.2,3.1,AS
2018-19,Bradley Beal,25,WAS,NBA,SG,82,82,3028,20.8,0.581,0.37,0.278,3.1,11.7,7.4,24.1,1.9,1.6,11.0,28.4,5.9,1.7,7.6,0.12,3.8,-0.8,2.9,3.7,AS
2019-20,Bradley Beal,26,WAS,NBA,SG,57,57,2053,23.2,0.579,0.369,0.351,2.7,10.5,6.4,29.5,1.6,1.0,11.4,34.4,4.5,0.6,5.1,0.118,5.3,-2.4,2.9,2.5,
2020-21,Bradley Beal,27,WAS,NBA,SG,60,60,2147,22.7,0.593,0.27,0.332,3.6,10.4,7.0,21.3,1.5,0.9,10.6,34.1,4.2,1.7,5.9,0.132,4.8,-1.4,3.4,2.9,ASNBA3
2021-22,Bradley Beal,28,WAS,NBA,SG,40,40,1439,17.5,0.539,0.272,0.263,3.0,11.4,7.3,30.8,1.2,0.9,13.6,30.8,0.6,0.7,1.4,0.046,2.0,-1.2,0.8,1.0,
2022-23,Bradley Beal,29,WAS,NBA,SG,50,50,1673,19.7,0.593,0.249,0.26,2.8,9.9,6.5,26.6,1.3,1.7,12.9,29.2,2.2,1.2,3.4,0.099,2.9,-1.2,1.8,1.6,
2023-24,Bradley Beal,30,PHO,NBA,SG,53,53,1767,16.3,0.607,0.32,0.182,3.6,10.8,7.4,22.5,1.4,1.3,14.2,22.7,2.4,1.5,3.9,0.107,0.9,-0.6,0.4,1.1,
2024-25,Bradley Beal,31,PHO,NBA,SG,53,38,1702,15.2,0.598,0.38,0.197,2.3,9.1,5.8,17.6,1.7,1.5,11.6,22.1,1.9,0.6,2.4,0.068,-0.1,-1.0,-1.1,0.4,
2015-16,Devin Booker,19,PHO,NBA,SG,76,51,2108,11.9,0.535,0.333,0.295,1.4,8.4,4.8,15.8,1.0,0.8,14.0,23.0,1.2,0.7,1.9,0.043,-1.2,-1.7,-2.8,-0.5,ROY-4
2016-17,Devin Booker,20,PHO,NBA,SG,78,78,2730,14.6,0.531,0.283,0.308,1.8,8.3,5.0,16.3,1.3,0.6,12.9,28.6,1.3,0.6,2.0,0.035,0.3,-2.3,-1.9,0.1,
2017-18,Devin Booker,21,PHO,NBA,SG,54,54,1865,18.1,0.561,0.364,0.312,1.5,12.7,7.0,24.4,1.2,0.6,13.9,31.7,1.9,0.6,2.4,0.063,2.9,-2.0,0.9,1.4,
2018-19,Devin Booker,22,PHO,NBA,SG,64,64,2242,20.2,0.584,0.33,0.362,1.9,11.3,6.5,34.1,1.2,0.5,15.4,32.9,3.3,0.3,3.5,0.076,3.3,-2.3,1.0,1.7,
2019-20,Devin Booker,23,PHO,NBA,SG,70,70,2512,20.6,0.618,0.31,0.397,1.3,12.0,6.6,30.0,0.9,0.6,14.9,30.0,6.0,1.5,7.5,0.143,3.4,-1.3,2.2,2.6,AS
2020-21,Devin Booker,24,PHO,NBA,SG,67,67,2270,19.2,0.587,0.288,0.305,1.7,12.1,7.0,20.6,1.2,0.6,12.4,32.7,2.9,2.0,4.9,0.104,1.7,-1.4,0.3,1.3,AS
2021-22,Devin Booker,25,PHO,NBA,SG,68,68,2345,21.3,0.576,0.336,0.255,2.1,13.2,7.8,22.4,1.6,1.0,9.3,32.0,4.3,3.3,7.6,0.156,3.9,0.2,4.1,3.6,MVP-4ASNBA1
2022-23,Devin Booker,26,PHO,NBA,SG,53,53,1835,22.0,0.601,0.296,0.336,2.7,12.0,7.2,27.3,1.4,0.9,10.6,31.8,4.2,1.9,6.0,0.157,4.5,-0.3,4.2,2.9,
2023-24,Devin Booker,27,PHO,NBA,PG,68,68,2447,21.9,0.611,0.32,0.35,2.7,11.1,7.1,31.2,1.2,1.0,10.6,29.8,7.2,2.0,9.2,0.181,4.0,-1.0,3.0,3.1,ASNBA3
2024-25,Devin Booker,28,PHO,NBA,SG,75,75,2795,19.3,0.589,0.388,0.34,3.1,8.9,6.1,30.6,1.2,0.5,11.9,29.3,6.1,0.3,6.4,0.111,2.8,-2.4,0.4,1.7,
2016-17,Jaylen Brown,20,BOS,NBA,SF,78,20,1341,10.3,0.539,0.319,0.293,3.8,14.4,9.1,7.2,1.3,1.1,12.5,18.1,0.2,1.3,1.5,0.053,-3.0,-0.8,-3.7,-0.6,ROY-8
2017-18,Jaylen Brown,21,BOS,NBA,SG,70,70,2152,13.6,0.562,0.381,0.29,3.4,14.0,8.8,8.5,1.6,1.0,12.0,21.4,1.2,3.2,4.5,0.1,-0.8,0.3,-0.5,0.8,DPOY-10
2018-19,Jaylen Brown,22,BOS,NBA,SG,74,25,1913,13.5,0.547,0.348,0.255,3.6,13.9,8.7,7.7,1.7,1.5,10.1,22.1,0.7,2.4,3.0,0.076,-1.6,-0.4,-2.1,0.0,
2019-20,Jaylen Brown,23,BOS,NBA,SG,57,57,1934,16.9,0.583,0.381,0.274,3.5,16.5,10.1,9.7,1.6,1.0,11.2,24.7,2.3,2.6,4.9,0.123,1.0,-0.2,0.8,1.4,
2020-21,Jaylen Brown,24,BOS,NBA,SG,58,58,1999,19.9,0.586,0.37,0.225,3.9,15.5,9.7,16.5,1.8,1.5,11.5,29.7,2.8,2.0,4.8,0.115,3.2,-0.7,2.5,2.3,AS
2021-22,Jaylen Brown,25,BOS,NBA,SF,66,66,2220,18.9,0.574,0.381,0.261,2.6,16.7,9.8,17.9,1.6,0.7,11.6,30.5,2.3,3.4,5.8,0.124,1.9,0.1,2.1,2.2,
2022-23,Jaylen Brown,26,BOS,NBA,SF,67,67,2405,19.1,0.581,0.352,0.249,3.6,17.0,10.4,16.5,1.5,0.9,11.4,31.4,1.6,3.4,5.0,0.1,1.5,-0.2,1.3,2.0,ASNBA2
2023-24,Jaylen Brown,27,BOS,NBA,SF,70,70,2343,18.6,0.58,0.326,0.239,4.0,13.4,8.9,16.6,1.8,1.4,10.7,28.9,2.7,3.2,5.9,0.121,0.9,-0.1,0.7,1.6,AS
2024-25,Jaylen Brown,28,BOS,NBA,SF,63,63,2158,17.8,0.555,0.32,0.288,4.1,14.4,9.3,21.4,1.7,0.8,11.4,28.9,2.3,2.9,5.2,0.115,0.4,-0.4,0.0,1.1,
2007-08,Mike Conley,20,MEM,NBA,PG,53,46,1381,12.6,.502,.206,.278,1.7,9.7,5.6,25.3,1.6,0.1,15.2,18.8,0.6,0.5,1.1,.038,-1.6,-1.3,-3.0,-0.3,ROY-8
2008-09,Mike Conley,21,MEM,NBA,PG,82,61,2508,14.3,.548,.297,.270,1.2,12.5,6.8,23.7,1.9,0.3,14.9,17.9,2.7,1.9,4.5,.086,0.0,-0.3,-0.3,1.1,
2009-10,Mike Conley,22,MEM,NBA,PG,80,80,2569,13.9,.526,.255,.225,1.4,7.3,4.3,24.8,2.2,0.4,15.7,18.4,2.6,1.3,4.0,.074,0.0,-0.6,-0.6,0.9,
2010-11,Mike Conley,23,MEM,NBA,PG,81,81,2872,15.9,.521,.228,.259,1.3,9.0,5.1,28.0,2.6,0.5,14.2,19.4,3.4,3.2,6.6,.111,0.7,0.5,1.2,2.3,
2011-12,Mike Conley,24,MEM,NBA,PG,62,61,2174,16.8,.523,.232,.231,1.2,7.4,4.2,29.8,3.3,0.4,14.2,18.3,3.6,2.8,6.4,.141,1.0,1.4,2.4,2.4,DPOY-14
2012-13,Mike Conley,25,MEM,NBA,PG,80,80,2757,18.3,.549,.312,.300,1.8,7.9,4.8,29.5,3.4,0.7,15.1,21.0,5.1,4.7,9.9,.172,2.3,2.3,4.6,4.6,DPOY-21DEF2
2013-14,Mike Conley,26,MEM,NBA,PG,73,73,2446,20.0,.545,.283,.268,2.0,8.4,5.2,30.1,2.4,0.4,11.5,24.6,5.5,2.7,8.2,.161,3.4,0.3,3.8,3.6,MVP-17
2014-15,Mike Conley,27,MEM,NBA,PG,70,70,2225,18.6,.558,.314,.282,1.5,9.2,5.4,28.0,2.1,0.5,13.6,23.7,4.2,2.7,6.8,.147,2.6,0.2,2.8,2.7,
2015-16,Mike Conley,28,MEM,NBA,PG,56,56,1761,19.4,.538,.309,.329,1.6,9.3,5.3,32.7,2.0,0.8,9.5,22.4,4.2,1.1,5.3,.144,3.5,-0.5,3.0,2.2,
2016-17,Mike Conley,29,MEM,NBA,PG,69,68,2292,23.2,.604,.415,.365,1.5,10.8,6.0,34.5,2.1,0.8,11.8,26.3,7.5,2.5,10.0,.209,6.0,0.8,6.8,5.1,
2017-18,Mike Conley,30,MEM,NBA,PG,12,12,373,15.4,.520,.458,.393,0.0,8.6,4.2,22.2,1.6,0.8,8.4,25.9,0.4,0.2,0.6,.077,1.3,-0.8,0.5,0.2,
2018-19,Mike Conley,31,MEM,NBA,PG,70,70,2342,21.4,.569,.380,.363,1.9,9.7,5.7,33.4,2.0,0.9,9.1,27.3,5.7,2.3,8.0,.164,4.6,0.1,4.7,3.9,
2019-20,Mike Conley,32,UTA,NBA,PG,47,41,1363,14.1,.537,.451,.245,2.8,9.2,6.1,23.1,1.3,0.3,12.8,23.1,1.4,1.1,2.5,.089,0.7,-0.4,0.3,0.8,
2020-21,Mike Conley,33,UTA,NBA,PG,51,51,1498,19.2,.589,.523,.222,2.7,9.6,6.3,30.6,2.3,0.5,12.4,23.1,4.0,2.1,6.1,.197,3.6,1.3,4.9,2.6,AS
2021-22,Mike Conley,34,UTA,NBA,PG,72,72,2058,17.2,.572,.523,.205,2.6,8.8,5.8,27.7,2.3,0.9,12.5,20.9,4.4,2.3,6.7,.157,2.4,0.7,3.1,2.7,
2022-23,Mike Conley,35,2TM,NBA,PG,67,66,2029,14.7,.583,.575,.277,1.8,7.9,4.9,29.4,1.7,0.6,13.1,16.3,4.1,1.4,5.5,.130,1.0,-0.1,0.9,1.5,
2022-23,Mike Conley,35,UTA,NBA,PG,43,42,1276,13.9,.552,.568,.256,1.5,7.5,4.5,34.0,1.6,0.7,15.1,16.1,2.2,0.8,3.0,.113,0.7,-0.5,0.2,0.7,
2022-23,Mike Conley,35,MIN,NBA,PG,24,24,753,16.1,.631,.587,.311,2.4,8.6,5.6,21.5,1.8,0.5,9.8,16.8,1.8,0.7,2.5,.158,1.5,0.6,2.0,0.7,
2023-24,Mike Conley,36,MIN,NBA,PG,76,76,2193,15.8,.627,.629,.174,2.0,9.0,5.6,28.4,2.0,0.7,12.8,16.0,5.0,3.3,8.2,.180,2.0,1.4,3.4,3.0,
2024-25,Mike Conley,37,MIN,NBA,PG,71,64,1756,13.3,.573,.662,.192,2.1,9.3,5.7,24.5,2.2,0.7,12.9,14.4,3.0,2.2,5.2,.142,-0.1,1.3,1.2,1.4,
2012-13,Anthony Davis,19,NOH,NBA,PF,64,60,1846,21.7,0.559,0.009,0.333,10.5,23.5,16.8,6.1,2.2,5.1,10.3,21.8,3.7,2.4,6.1,0.159,1.8,0.7,2.5,2.1,ROY-2
2013-14,Anthony Davis,20,NOP,NBA,PF,67,66,2358,26.5,0.582,0.009,0.438,10.0,23.3,16.6,8.0,2.0,6.7,8.3,25.2,7.2,3.2,10.4,0.212,4.0,0.8,4.8,4.0,DPOY-8AS
2014-15,Anthony Davis,21,NOP,NBA,PF,68,68,2455,30.8,0.591,0.01,0.384,8.0,24.1,16.1,11.6,2.1,6.2,6.3,27.8,9.9,4.2,14.0,0.274,6.6,2.3,8.9,6.7,MVP-5DPOY-4ASNBA1DEF2
2015-16,Anthony Davis,22,NOP,NBA,C,61,61,2164,25.0,0.559,0.095,0.379,6.4,26.4,16.1,10.0,1.8,4.7,8.4,29.6,4.4,2.8,7.2,0.16,3.6,0.4,3.9,3.2,DPOY-9AS
2016-17,Anthony Davis,23,NOP,NBA,C,75,75,2708,27.5,0.58,0.088,0.424,6.7,27.9,17.2,11.1,1.7,5.1,9.1,32.6,5.9,5.1,11.0,0.195,4.4,1.4,5.9,5.4,MVP-9ASNBA1DEF2
2017-18,Anthony Davis,24,NOP,NBA,PF,75,75,2727,28.9,0.612,0.111,0.409,7.7,24.8,16.5,10.8,2.0,5.6,8.6,30.0,8.8,4.9,13.7,0.241,5.3,1.4,6.7,5.9,MVP-3DPOY-3ASNBA1DEF1
2018-19,Anthony Davis,25,NOP,NBA,C,56,56,1850,30.3,0.597,0.141,0.422,9.9,27.5,18.8,19.0,2.2,6.0,8.4,29.5,6.4,3.1,9.5,0.247,7.1,2.3,9.4,5.3,AS
2019-20,Anthony Davis,26,LAL,NBA,PF,62,62,2131,27.4,0.61,0.199,0.479,7.4,22.1,14.8,15.1,2.0,6.0,10.4,29.3,6.7,4.4,11.1,0.25,5.4,2.6,8.0,5.4,MVP-6DPOY-2ASNBA1DEF1
2020-21,Anthony Davis,27,LAL,NBA,PF,36,36,1162,22.1,0.556,0.163,0.349,6.0,21.5,13.8,16.4,1.9,4.5,9.5,29.2,1.3,2.4,3.7,0.152,2.6,2.2,4.8,2.0,AS
2021-22,Anthony Davis,28,LAL,NBA,C,40,40,1404,23.9,0.578,0.101,0.351,8.1,22.0,15.1,14.7,1.7,5.7,9.3,27.1,2.6,2.0,4.5,0.155,2.6,1.2,3.8,2.0,
2022-23,Anthony Davis,29,LAL,NBA,C,56,54,1904,27.8,0.627,0.077,0.462,11.3,27.6,19.7,13.0,1.5,5.1,9.5,28.4,5.5,3.4,9.0,0.226,4.6,1.7,6.3,4.0,
2023-24,Anthony Davis,30,LAL,NBA,C,76,76,2700,25.8,0.621,0.083,0.402,10.4,28.3,19.8,15.5,1.6,5.7,9.5,26.7,7.2,4.7,11.8,0.21,3.5,1.7,5.1,4.9,DPOY-4ASNBA2DEF1
2024-25,Anthony Davis,31,2TM,NBA,PF,51,51,1706,26.3,0.588,0.136,0.405,9.1,29.1,19.4,18.3,1.7,6.0,9.5,30.4,3.7,3.0,6.7,0.188,3.9,1.5,5.4,3.2,
2024-25,Anthony Davis,31,LAL,NBA,C,42,42,1440,27.1,0.601,0.124,0.423,9.6,28.9,19.5,17.1,1.8,5.9,9.4,30.2,3.6,2.6,6.2,0.207,4.5,1.5,6.0,2.9,
2024-25,Anthony Davis,31,DAL,NBA,PF,9,9,266,21.7,0.52,0.197,0.316,6.3,30.5,18.6,24.7,0.9,6.4,10.4,31.2,0.1,0.4,0.5,0.088,1.2,1.3,2.5,0.3,
2014-15,Joel Embiid,20,Did not play - injury,Did not play - injury,Did not play - injury,Did not play - injury,Did not play - injury,Did not play - injury,Did not play - injury,Did not play - injury,Did not play - injury,Did not play - injury,Did not play - injury,Did not play - injury,Did not play - injury,Did not play - injury,Did not play - injury,Did not play - injury,Did not play - injury,Did not play - injury,Did not play - injury,Did not play - injury,Did not play - injury,Did not play - injury,Did not play - injury,Did not play - injury,Did not play - injury,Did not play - injury,Did not play - injury
2015-16,Joel Embiid,21,Did not play - injury,Did not play - injury,Did not play - injury,Did not play - injury,Did not play - injury,Did not play - injury,Did not play - injury,Did not play - injury,Did not play - injury,Did not play - injury,Did not play - injury,Did not play - injury,Did not play - injury,Did not play - injury,Did not play - injury,Did not play - injury,Did not play - injury,Did not play - injury,Did not play - injury,Did not play - injury,Did not play - injury,Did not play - injury,Did not play - injury,Did not play - injury,Did not play - injury,Did not play - injury,Did not play - injury
2016-17,Joel Embiid,22,PHI,NBA,C,31,31,786,24.1,.584,.228,.569,8.5,25.6,17.0,16.0,1.7,7.7,17.9,36.0,0.5,1.5,1.9,.117,1.9,2.7,4.5,1.3,ROY-3
2017-18,Joel Embiid,23,PHI,NBA,C,63,63,1912,22.9,.573,.203,.442,8.4,29.7,19.4,18.0,1.0,4.8,15.6,33.4,2.3,3.8,6.2,.155,2.0,1.3,3.3,2.6,MVP-12DPOY-2ASNBA2DEF2
2018-19,Joel Embiid,24,PHI,NBA,C,64,64,2154,26.1,.593,.219,.541,8.1,34.0,21.4,18.4,1.0,4.4,13.2,33.3,4.9,3.8,8.7,.194,4.0,0.9,4.9,3.8,MVP-7DPOY-4ASNBA2DEF2
2019-20,Joel Embiid,25,PHI,NBA,C,51,51,1506,25.8,.590,.215,.543,10.3,33.2,21.7,16.9,1.4,3.7,13.8,32.9,3.3,2.7,6.0,.192,3.7,1.0,4.7,2.5,AS
2020-21,Joel Embiid,26,PHI,NBA,C,51,51,1585,30.3,.636,.171,.610,8.0,29.1,18.7,16.2,1.5,3.9,12.2,35.3,5.6,3.2,8.8,.266,6.3,1.2,7.5,3.8,MVP-2DPOY-7ASNBA2DEF2
2021-22,Joel Embiid,27,PHI,NBA,C,68,68,2297,31.2,.616,.188,.602,7.2,31.1,19.4,23.5,1.7,3.9,11.3,37.2,7.9,4.1,12.0,.252,7.2,2.0,9.2,6.5,MVP-2ASNBA2
2022-23,Joel Embiid,28,PHI,NBA,C,66,66,2284,31.4,.655,.151,.581,5.9,28.3,17.3,22.9,1.4,4.6,11.9,37.0,8.4,3.9,12.3,.259,6.8,2.3,9.2,6.4,MVP-1DPOY-9CPOY-5ASNBA1
2023-24,Joel Embiid,29,PHI,NBA,C,39,39,1309,34.1,.644,.163,.531,7.9,28.8,18.1,32.4,1.7,4.6,12.5,39.6,5.2,2.3,7.5,.275,8.5,3.1,11.6,4.5,AS
2024-25,Joel Embiid,30,PHI,NBA,C,19,19,574,23.4,.580,.244,.537,6.8,24.5,15.3,25.6,1.2,3.1,13.7,34.2,0.9,0.5,1.4,.118,3.7,-0.3,3.5,0.8,
2007-08,Marc Gasol,23,Did not play - other pro league,Did not play - other pro league,Did not play - other pro league,Did not play - other pro league,Did not play - other pro league,Did not play - other pro league,Did not play - other pro league,Did not play - other pro league,Did not play - other pro league,Did not play - other pro league,Did not play - other pro league,Did not play - other pro league,Did not play - other pro league,Did not play - other pro league,Did not play - other pro league,Did not play - other pro league,Did not play - other pro league,Did not play - other pro league,Did not play - other pro league,Did not play - other pro league,Did not play - other pro league,Did not play - other pro league,Did not play - other pro league,Did not play - other pro league,Did not play - other pro league,Did not play - other pro league,Did not play - other pro league
2008-09,Marc Gasol,24,MEM,NBA,C,82,75,2521,16.7,.590,.002,.567,9.6,20.0,14.7,9.7,1.3,2.9,16.6,18.3,3.7,2.7,6.4,.121,-0.3,0.2,-0.1,1.2,ROY-8
2009-10,Marc Gasol,25,MEM,NBA,C,69,69,2469,19.3,.617,.002,.578,9.8,20.5,15.1,10.2,1.4,3.4,14.2,16.9,5.9,2.5,8.4,.164,1.8,1.1,2.8,3.0,
2010-11,Marc Gasol,26,MEM,NBA,C,81,81,2586,16.8,.580,.010,.425,7.1,19.4,13.1,11.6,1.5,4.3,15.1,16.9,4.0,3.9,7.9,.146,0.3,2.0,2.3,2.8,
2011-12,Marc Gasol,27,MEM,NBA,C,65,65,2370,18.4,.541,.016,.428,5.8,23.1,14.3,14.1,1.4,4.1,12.1,19.1,4.2,4.0,8.2,.166,1.0,2.1,3.1,3.1,DPOY-12AS
2012-13,Marc Gasol,28,MEM,NBA,C,80,80,2796,19.5,.559,.016,.364,7.6,18.9,13.1,19.1,1.6,4.1,13.5,19.2,6.1,5.4,11.5,.197,2.1,3.1,5.2,5.1,MVP-12DPOY-1NBA2DEF2
2013-14,Marc Gasol,29,MEM,NBA,C,59,59,1970,18.2,.526,.015,.339,5.0,20.5,12.7,17.7,1.6,3.2,12.0,21.7,2.6,3.1,5.6,.137,1.1,2.0,3.0,2.5,DPOY-15
2014-15,Marc Gasol,30,MEM,NBA,C,81,81,2687,21.7,.558,.016,.410,4.9,21.8,13.4,19.7,1.4,4.0,12.2,24.6,5.5,4.7,10.2,.182,2.7,2.4,5.1,4.8,MVP-8DPOY-10ASNBA1
2015-16,Marc Gasol,31,MEM,NBA,C,52,52,1791,17.7,.528,.004,.347,3.5,20.2,11.5,18.9,1.4,3.6,12.7,23.4,1.8,1.9,3.7,.098,0.8,0.9,1.7,1.7,
2016-17,Marc Gasol,32,MEM,NBA,C,74,74,2531,20.3,.554,.231,.286,2.6,18.8,10.5,24.8,1.4,3.7,11.3,26.4,4.2,3.5,7.7,.145,3.8,1.4,5.2,4.6,AS
2017-18,Marc Gasol,33,MEM,NBA,C,73,73,2408,17.4,.532,.310,.326,3.7,25.3,14.2,21.7,1.1,3.9,14.1,25.6,1.5,2.6,4.0,.080,1.7,0.6,2.3,2.7,
2018-19,Marc Gasol,34,2TM,NBA,C,79,72,2436,16.7,.546,.314,.291,3.6,25.1,14.3,22.2,1.7,3.2,13.6,20.7,2.0,4.0,6.0,.118,0.8,2.3,3.1,3.1,
2018-19,Marc Gasol,34,MEM,NBA,C,53,53,1788,16.9,.541,.324,.294,3.5,25.5,14.3,22.6,1.7,3.3,13.4,22.3,1.0,2.8,3.9,.104,1.1,2.1,3.2,2.3,
2018-19,Marc Gasol,34,TOR,NBA,C,26,19,648,16.0,.565,.278,.278,4.1,24.0,14.3,21.2,1.8,2.9,14.6,16.3,0.9,1.2,2.1,.157,0.1,2.8,2.9,0.8,
2019-20,Marc Gasol,35,TOR,NBA,C,44,43,1161,11.8,.551,.530,.176,2.9,21.7,12.5,17.3,1.4,3.2,16.4,13.2,0.8,2.2,3.0,.124,-1.2,2.8,1.6,1.1,
2020-21,Marc Gasol,36,LAL,NBA,C,52,42,993,12.2,.606,.629,.258,4.3,19.9,12.2,14.7,1.3,5.2,19.7,11.8,0.8,1.9,2.8,.133,-1.4,3.7,2.3,1.1,
2013-14,Giannis Antetokounmpo,19,MIL,NBA,SF,77,23,1897,10.8,0.518,0.282,0.483,4.6,16.3,10.2,12.1,1.7,2.6,19.4,15.0,0.1,1.1,1.2,0.031,-2.4,-0.1,-2.5,-0.2,ROY-7
2014-15,Giannis Antetokounmpo,20,MIL,NBA,SG,81,71,2541,14.8,0.552,0.056,0.445,4.5,19.7,12.2,13.1,1.5,2.8,15.6,19.6,2.2,4.0,6.2,0.117,-1.2,1.2,0.0,1.2,
2015-16,Giannis Antetokounmpo,21,MIL,NBA,PG,80,79,2823,18.8,0.566,0.108,0.404,4.6,20.0,12.4,20.0,1.7,3.4,14.8,22.3,4.2,2.9,7.1,0.121,1.3,0.7,2.1,2.9,
2016-17,Giannis Antetokounmpo,22,MIL,NBA,SF,80,80,2845,26.1,0.599,0.143,0.486,5.9,22.6,14.3,26.6,2.3,4.7,13.3,28.3,7.9,4.5,12.4,0.21,4.9,2.4,7.3,6.7,MVP-7MIP-1ASNBA2DEF2
2017-18,Giannis Antetokounmpo,23,MIL,NBA,PF,75,75,2756,27.3,0.598,0.1,0.457,6.7,25.3,16.0,23.7,2.0,3.3,11.7,31.2,8.3,3.6,11.9,0.207,5.3,0.9,6.2,5.7,MVP-6ASNBA2
2018-19,Giannis Antetokounmpo,24,MIL,NBA,PF,72,72,2358,30.9,0.644,0.163,0.55,7.3,30.0,19.3,30.3,1.8,3.9,14.8,32.3,8.9,5.5,14.4,0.292,6.3,4.1,10.4,7.4,MVP-1DPOY-2ASNBA1DEF1
2019-20,Giannis Antetokounmpo,25,MIL,NBA,PF,63,63,1917,31.9,0.613,0.237,0.508,7.7,34.8,22.1,34.2,1.5,3.0,13.2,37.5,6.1,5.0,11.1,0.279,7.4,4.1,11.5,6.6,MVP-1DPOY-1ASNBA1DEF1
2020-21,Giannis Antetokounmpo,26,MIL,NBA,PF,61,61,2013,29.2,0.633,0.201,0.528,5.3,28.9,17.5,28.7,1.7,3.2,13.2,32.5,6.9,3.3,10.2,0.244,6.2,2.8,9.0,5.6,MVP-4DPOY-5ASNBA1DEF1
2021-22,Giannis Antetokounmpo,27,MIL,NBA,PF,67,67,2204,32.1,0.633,0.194,0.615,6.6,30.4,18.7,31.7,1.6,4.0,12.2,34.9,9.2,3.7,12.9,0.281,7.6,3.5,11.2,7.4,MVP-3DPOY-6ASNBA1DEF1
2022-23,Giannis Antetokounmpo,28,MIL,NBA,PF,63,63,2024,29.0,0.605,0.134,0.604,7.3,30.0,19.1,33.2,1.2,2.1,13.2,38.8,4.9,3.7,8.6,0.204,5.8,2.7,8.5,5.4,MVP-3DPOY-6ASNBA1
2023-24,Giannis Antetokounmpo,29,MIL,NBA,PF,73,73,2567,29.9,0.649,0.091,0.571,8.6,27.0,17.9,32.7,1.6,2.6,12.7,33.0,9.5,3.7,13.2,0.246,6.7,2.4,9.0,7.2,MVP-4DPOY-9CPOY-12ASNBA1
2024-25,Giannis Antetokounmpo,30,MIL,NBA,PF,67,67,2289,30.5,0.625,0.048,0.536,7.3,29.7,19.0,36.0,1.2,3.2,11.2,35.2,7.8,3.7,11.5,0.241,6.9,2.5,9.5,6.6,
2009-10,James Harden,20,OKC,NBA,SG,76,0,1738,14.0,.551,.429,.415,3.2,12.7,8.1,12.3,2.4,0.9,13.4,20.4,2.0,2.5,4.5,.124,-0.7,1.2,0.5,1.1,
2010-11,James Harden,21,OKC,NBA,SG,82,5,2189,16.4,.598,.474,.501,2.3,11.0,6.8,12.8,2.2,0.8,11.3,19.5,5.0,2.1,7.1,.156,1.3,0.6,1.9,2.2,6MOY-7
2011-12,James Harden,22,OKC,NBA,SG,62,2,1946,21.1,.660,.464,.587,1.9,12.2,7.4,19.3,1.6,0.6,14.8,21.6,7.5,1.8,9.3,.230,4.1,0.2,4.3,3.1,6MOY-1
2012-13,James Harden,23,HOU,NBA,SG,78,78,2985,22.9,.600,.364,.592,2.4,11.9,7.2,25.7,2.4,1.0,14.9,29.0,9.8,3.0,12.8,.206,5.2,0.5,5.6,5.8,MVP-8ASNBA3
2013-14,James Harden,24,HOU,NBA,SG,73,73,2777,23.5,.618,.401,.552,2.6,10.7,6.9,27.3,2.1,0.8,15.0,27.8,10.1,2.7,12.8,.221,5.4,0.2,5.6,5.3,MVP-5ASNBA1
2014-15,James Harden,25,HOU,NBA,SG,81,81,2981,26.7,.605,.378,.561,2.8,14.2,8.5,34.6,2.6,1.6,14.9,31.3,12.2,4.2,16.4,.265,7.0,1.8,8.8,8.1,MVP-2ASNBA1
2015-16,James Harden,26,HOU,NBA,SG,82,82,3125,25.3,.598,.406,.518,2.2,15.6,8.8,35.4,2.2,1.4,15.9,32.5,10.7,2.6,13.3,.204,6.4,0.2,6.6,6.8,MVP-9AS
2016-17,James Harden,27,HOU,NBA,PG,81,81,2947,27.4,.613,.493,.575,3.5,20.9,12.2,50.7,2.0,1.0,19.5,34.2,11.5,3.6,15.0,.245,7.5,1.2,8.7,8.0,MVP-2ASNBA1
2017-18,James Harden,28,HOU,NBA,SG,72,72,2551,29.8,.619,.498,.502,1.8,15.2,8.6,45.1,2.4,1.7,15.1,36.1,11.6,3.8,15.4,.289,8.5,1.4,9.9,7.7,MVP-1ASNBA1
2018-19,James Harden,29,HOU,NBA,PG,78,78,2867,30.6,.616,.539,.449,2.5,17.8,10.0,39.5,2.7,1.7,14.5,40.5,11.4,3.8,15.2,.254,9.4,1.6,11.0,9.3,MVP-2ASNBA1
2019-20,James Harden,30,HOU,NBA,SG,68,68,2483,29.1,.626,.557,.528,2.9,16.0,9.4,35.9,2.3,2.1,14.2,36.3,9.9,3.2,13.1,.254,8.1,1.6,9.6,7.3,MVP-3ASNBA1
2020-21,James Harden,31,2TM,NBA,PG,44,43,1609,24.5,.618,.455,.440,2.5,20.6,11.9,44.4,1.6,1.8,16.8,28.4,5.3,1.7,7.0,.208,6.2,1.0,7.2,3.7,MVP-13AS
2020-21,James Harden,31,HOU,NBA,PG,8,8,290,22.4,.613,.533,.444,1.8,13.8,7.5,46.9,1.1,1.8,17.4,28.7,0.8,0.2,1.0,.159,5.4,-0.6,4.8,0.5,
2020-21,James Harden,31,BRK,NBA,PG,36,35,1319,25.0,.619,.437,.439,2.6,22.1,12.9,43.8,1.7,1.8,16.7,28.4,4.5,1.5,6.0,.219,6.4,1.3,7.7,3.2,
2021-22,James Harden,32,2TM,NBA,PG,65,65,2419,20.9,.583,.452,.540,2.6,19.7,11.3,40.3,1.7,1.3,18.8,27.2,4.9,2.7,7.6,.152,3.7,0.3,4.0,3.7,AS
2021-22,James Harden,32,BRK,NBA,PG,44,44,1627,20.4,.576,.435,.496,2.9,20.2,11.7,39.7,1.7,1.7,19.8,28.3,2.6,1.8,4.4,.130,3.7,0.4,4.1,2.5,
2021-22,James Harden,32,PHI,NBA,PG,21,21,792,21.8,.601,.493,.650,1.9,18.9,10.5,41.4,1.6,0.6,16.4,24.9,2.3,0.9,3.3,.197,3.8,0.1,3.8,1.2,
2022-23,James Harden,33,PHI,NBA,PG,58,58,2135,21.6,.607,.496,.429,2.3,17.1,9.8,43.3,1.6,1.4,16.3,25.0,5.8,2.6,8.4,.188,5.1,0.3,5.4,4.0,
2023-24,James Harden,34,LAC,NBA,PG,72,72,2470,18.6,.612,.594,.418,1.6,14.8,8.4,33.6,1.5,2.1,16.0,20.6,5.9,2.5,8.4,.163,3.8,0.3,4.1,3.8,
2024-25,James Harden,35,LAC,NBA,PG,79,79,2789,20.0,.582,.516,.446,2.3,16.1,9.3,36.8,2.1,2.0,18.0,29.6,4.0,4.3,8.3,.143,3.5,0.8,4.3,4.4,
2010-11,John Wall,20,WAS,NBA,PG,69,64,2606,15.8,.494,.118,.404,1.5,12.8,6.9,36.0,2.4,1.0,18.6,23.8,0.3,1.9,2.2,.041,0.0,-0.8,-0.8,0.8,ROY-2
2011-12,John Wall,21,WAS,NBA,PG,66,66,2386,17.7,.502,.047,.450,2.2,12.0,7.1,36.9,2.1,1.8,19.2,24.9,1.7,1.9,3.5,.071,1.3,-0.6,0.7,1.6,
2012-13,John Wall,22,WAS,NBA,PG,49,42,1602,20.8,.521,.061,.416,2.4,11.2,6.8,43.9,2.1,1.8,15.3,29.3,2.2,2.2,4.5,.134,2.7,1.1,3.9,2.4,
2013-14,John Wall,23,WAS,NBA,PG,82,82,2980,19.5,.524,.230,.295,1.5,11.7,6.5,40.5,2.6,1.1,16.3,27.4,4.0,4.0,7.9,.128,2.4,0.4,2.7,3.6,AS
2014-15,John Wall,24,WAS,NBA,PG,79,79,2837,19.9,.523,.186,.310,1.5,12.8,7.3,46.3,2.5,1.3,18.7,26.1,3.6,4.2,7.8,.132,2.6,1.0,3.6,4.0,ASDEF2
2015-16,John Wall,25,WAS,NBA,PG,77,77,2784,19.8,.510,.243,.255,1.7,13.8,7.6,46.2,2.5,1.7,17.5,28.6,2.2,3.5,5.7,.098,3.1,0.4,3.5,3.9,AS
2016-17,John Wall,26,WAS,NBA,PG,78,78,2836,23.2,.541,.190,.367,2.4,10.6,6.5,46.9,2.7,1.4,16.2,30.6,5.8,3.0,8.8,.149,4.6,0.1,4.7,4.8,MVP-7ASNBA3
2017-18,John Wall,27,WAS,NBA,PG,41,41,1410,19.1,.515,.250,.361,1.8,10.2,6.0,44.5,2.0,2.8,17.0,29.1,1.2,1.5,2.7,.092,3.5,-0.5,3.0,1.8,AS
2018-19,John Wall,28,WAS,NBA,PG,32,32,1104,18.0,.527,.306,.317,1.5,10.1,5.7,39.2,2.1,2.2,16.1,28.8,0.5,0.7,1.2,.051,2.2,-1.4,0.9,0.8,
2019-20,John Wall,29,Did not play - injury,Did not play - injury,Did not play - injury,Did not play - injury,Did not play - injury,Did not play - injury,Did not play - injury,Did not play - injury,Did not play - injury,Did not play - injury,Did not play - injury,Did not play - injury,Did not play - injury,Did not play - injury,Did not play - injury,Did not play - injury,Did not play - injury,Did not play - injury,Did not play - injury,Did not play - injury,Did not play - injury,Did not play - injury,Did not play - injury,Did not play - injury,Did not play - injury,Did not play - injury,Did not play - injury
2020-21,John Wall,30,HOU,NBA,PG,40,40,1288,15.4,.503,.343,.291,1.3,9.7,5.3,36.2,1.5,2.1,14.7,31.7,-1.0,0.8,-0.2,-0.007,1.2,-1.9,-0.7,0.4,
2021-22,John Wall,31,Did not play - sat out,Did not play - sat out,Did not play - sat out,Did not play - sat out,Did not play - sat out,Did not play - sat out,Did not play - sat out,Did not play - sat out,Did not play - sat out,Did not play - sat out,Did not play - sat out,Did not play - sat out,Did not play - sat out,Did not play - sat out,Did not play - sat out,Did not play - sat out,Did not play - sat out,Did not play - sat out,Did not play - sat out,Did not play - sat out,Did not play - sat out,Did not play - sat out,Did not play - sat out,Did not play - sat out,Did not play - sat out,Did not play - sat out,Did not play - sat out
2022-23,John Wall,32,LAC,NBA,PG,34,3,755,13.6,.498,.322,.334,2.1,11.4,6.8,35.3,1.8,1.4,17.1,27.0,-0.4,0.7,0.3,.020,-0.8,-0.4,-1.2,0.1,
2014-15,Nikola Jokic,19,Did not play - other pro league,Did not play - other pro league,Did not play - other pro league,Did not play - other pro league,Did not play - other pro league,Did not play - other pro league,Did not play - other pro league,Did not play - other pro league,Did not play - other pro league,Did not play - other pro league,Did not play - other pro league,Did not play - other pro league,Did not play - other pro league,Did not play - other pro league,Did not play - other pro league,Did not play - other pro league,Did not play - other pro league,Did not play - other pro league,Did not play - other pro league,Did not play - other pro league,Did not play - other pro league,Did not play - other pro league,Did not play - other pro league,Did not play - other pro league,Did not play - other pro league,Did not play - other pro league,Did not play - other pro league
2015-16,Nikola Jokic,20,DEN,NBA,C,80,55,1733,21.5,.582,.140,.317,11.4,24.7,17.9,18.1,2.3,2.3,13.2,19.9,4.5,2.2,6.7,.185,2.6,1.3,3.9,2.6,ROY-3
2016-17,Nikola Jokic,21,DEN,NBA,C,73,59,2038,26.3,.640,.163,.267,11.6,27.2,19.5,28.8,1.5,2.1,15.2,23.5,7.7,2.0,9.7,.228,5.9,1.4,7.3,4.8,
2017-18,Nikola Jokic,22,DEN,NBA,C,75,73,2443,24.4,.603,.277,.310,9.0,27.9,18.5,29.6,1.8,2.1,15.5,24.2,7.8,2.9,10.7,.211,5.3,1.6,6.9,5.5,
2018-19,Nikola Jokic,23,DEN,NBA,C,80,80,2504,26.3,.589,.224,.292,9.8,27.6,18.7,37.0,2.1,1.9,15.4,27.4,7.5,4.3,11.8,.226,6.2,2.9,9.1,7.0,MVP-4ASNBA1
2019-20,Nikola Jokic,24,DEN,NBA,C,73,73,2336,24.9,.605,.238,.281,8.0,26.1,17.1,35.2,1.8,1.7,15.8,26.6,6.7,3.1,9.8,.202,5.5,2.0,7.4,5.5,MVP-9ASNBA2
2020-21,Nikola Jokic,25,DEN,NBA,C,72,72,2488,31.3,.647,.183,.305,9.4,26.1,17.8,40.4,1.9,1.9,13.1,29.6,12.2,3.4,15.6,.301,9.1,3.0,12.1,8.8,MVP-1ASNBA1
2021-22,Nikola Jokic,26,DEN,NBA,C,74,74,2476,32.8,.661,.220,.357,9.6,35.5,23.0,42.6,2.2,2.3,15.6,31.9,10.8,4.5,15.2,.296,9.2,4.5,13.7,9.8,MVP-1ASNBA1
2022-23,Nikola Jokic,27,DEN,NBA,C,69,69,2323,31.5,.701,.146,.406,8.5,31.3,20.2,46.6,1.8,1.8,17.0,27.2,11.2,3.8,14.9,.308,8.5,4.5,13.0,8.8,MVP-2CPOY-13ASNBA2
2023-24,Nikola Jokic,28,DEN,NBA,C,79,79,2737,31.0,.650,.164,.310,9.3,29.6,19.8,42.0,2.0,2.1,12.9,29.3,12.0,5.1,17.0,.299,9.0,4.2,13.2,10.6,MVP-1CPOY-4ASNBA1
2024-25,Nikola Jokic,29,DEN,NBA,C,70,70,2571,32.0,.663,.243,.331,9.0,28.2,19.1,44.1,2.4,1.6,12.8,29.5,12.7,3.8,16.4,.307,9.9,3.3,13.3,9.8,
2015-16,Karl Anthony Towns,20,MIN,NBA,C,82,82,2627,22.5,0.59,0.076,0.239,10.3,27.5,19.0,11.3,1.1,4.3,12.6,24.9,5.5,2.8,8.3,0.151,2.5,-0.4,2.2,2.7,ROY-1
2016-17,Karl Anthony Towns,21,MIN,NBA,C,82,82,3030,25.9,0.618,0.186,0.289,11.2,27.8,19.4,13.2,0.9,2.9,11.3,27.5,9.9,2.8,12.7,0.201,5.5,-0.7,4.7,5.2,
2017-18,Karl Anthony Towns,22,MIN,NBA,C,82,82,2918,24.9,0.646,0.243,0.343,9.3,30.9,20.0,10.8,1.1,3.5,10.5,22.9,10.6,3.4,14.0,0.23,4.9,0.2,5.1,5.2,ASNBA3
2018-19,Karl Anthony Towns,23,MIN,NBA,C,77,77,2545,26.3,0.622,0.27,0.342,10.9,29.3,20.0,17.2,1.3,4.2,13.7,28.9,7.2,3.2,10.4,0.197,5.4,0.6,6.0,5.1,AS
2019-20,Karl Anthony Towns,24,MIN,NBA,C,35,35,1187,26.5,0.642,0.445,0.363,8.1,26.1,16.8,22.8,1.3,2.9,13.2,28.8,3.7,1.3,5.1,0.204,7.0,0.8,7.8,2.9,
2020-21,Karl Anthony Towns,25,MIN,NBA,C,50,50,1689,23.1,0.612,0.36,0.355,8.2,26.4,17.0,22.6,1.1,2.9,13.7,29.1,3.8,1.6,5.4,0.153,4.3,0.2,4.5,2.8,
2021-22,Karl Anthony Towns,26,MIN,NBA,C,74,74,2476,24.1,0.64,0.301,0.385,8.2,23.6,15.7,18.0,1.4,3.2,13.7,27.8,7.1,3.2,10.3,0.199,4.5,0.5,5.0,4.4,ASNBA3
2022-23,Karl Anthony Towns,27,MIN,NBA,PF,29,29,957,18.8,0.618,0.383,0.315,5.7,21.6,13.8,22.0,1.0,1.5,15.0,25.6,1.5,1.1,2.7,0.133,2.1,0.9,3.0,1.2,
2023-24,Karl Anthony Towns,28,MIN,NBA,PF,62,62,2026,18.8,0.625,0.344,0.307,5.5,22.6,14.4,15.1,1.0,1.8,14.1,27.4,2.6,3.6,6.3,0.148,1.6,0.9,2.5,2.3,AS
2024-25,Karl Anthony Towns,29,NYK,NBA,C,72,72,2517,23.4,0.63,0.278,0.337,9.8,32.0,21.0,13.8,1.4,1.9,12.1,27.4,6.3,3.8,10.1,0.193,3.5,0.1,3.6,3.5,
2011-12,Kawhi Leonard,20,SAS,NBA,SF,64,39,1534,16.6,.573,.270,.218,7.9,16.4,12.2,6.6,2.9,1.1,9.0,14.5,3.1,2.4,5.5,.171,1.6,1.8,3.4,2.1,ROY-4
2012-13,Kawhi Leonard,21,SAS,NBA,SF,58,57,1810,16.4,.592,.331,.240,4.3,17.1,11.1,7.7,2.7,1.3,9.6,16.4,3.0,3.3,6.2,.166,1.1,2.0,3.1,2.3,
2013-14,Kawhi Leonard,22,SAS,NBA,SF,66,65,1923,19.4,.602,.282,.195,4.6,18.9,12.1,10.4,3.0,1.9,10.3,18.3,3.8,3.9,7.7,.193,2.1,3.0,5.1,3.5,DPOY-11DEF2
2014-15,Kawhi Leonard,23,SAS,NBA,SF,64,64,2033,22.0,.567,.234,.307,4.8,20.6,12.9,13.0,3.7,1.8,9.4,23.0,4.2,4.4,8.6,.204,2.8,3.1,5.9,4.1,MVP-10DPOY-1DEF1
2015-16,Kawhi Leonard,24,SAS,NBA,SF,72,72,2380,26.0,.616,.267,.306,4.7,18.4,11.8,13.0,2.8,2.3,7.8,25.8,8.3,5.5,13.7,.277,6.1,3.0,9.1,6.7,MVP-2DPOY-1ASNBA1DEF1
2016-17,Kawhi Leonard,25,SAS,NBA,SF,74,74,2474,27.6,.610,.295,.406,3.7,15.7,9.8,18.9,2.7,1.8,9.1,31.1,8.9,4.7,13.6,.264,7.1,2.2,9.4,7.1,MVP-3DPOY-3ASNBA1DEF1
2017-18,Kawhi Leonard,26,SAS,NBA,SF,9,9,210,26.0,.572,.315,.342,3.1,19.1,11.1,17.7,4.3,3.6,11.1,30.6,0.3,0.5,0.9,.196,5.2,4.9,10.1,0.6,
2018-19,Kawhi Leonard,27,TOR,NBA,SF,60,60,2040,25.8,.606,.267,.377,4.2,18.6,11.6,16.4,2.5,1.0,8.4,30.3,6.1,3.4,9.5,.224,6.1,1.1,7.2,4.7,MVP-9DPOY-6ASNBA2DEF2
2019-20,Kawhi Leonard,28,LAC,NBA,SF,57,57,1848,26.9,.589,.287,.355,3.1,19.1,11.3,26.4,2.6,1.6,10.2,33.0,5.4,3.3,8.7,.226,6.5,2.4,8.9,5.1,MVP-5DPOY-8ASNBA2DEF2
2020-21,Kawhi Leonard,29,LAC,NBA,SF,52,52,1773,26.0,.622,.280,.325,3.6,17.4,10.7,24.9,2.3,1.1,9.2,28.6,6.4,2.4,8.8,.238,6.0,1.3,7.3,4.2,MVP-13ASNBA1DEF2
2021-22,Kawhi Leonard,30,Did not play - injury,Did not play - injury,Did not play - injury,Did not play - injury,Did not play - injury,Did not play - injury,Did not play - injury,Did not play - injury,Did not play - injury,Did not play - injury,Did not play - injury,Did not play - injury,Did not play - injury,Did not play - injury,Did not play - injury,Did not play - injury,Did not play - injury,Did not play - injury,Did not play - injury,Did not play - injury,Did not play - injury,Did not play - injury,Did not play - injury,Did not play - injury,Did not play - injury,Did not play - injury,Did not play - injury
2022-23,Kawhi Leonard,31,LAC,NBA,SF,52,50,1748,23.9,.623,.287,.320,3.7,17.8,10.8,19.6,2.0,1.4,8.1,27.0,4.9,2.2,7.1,.194,5.1,0.9,6.1,3.5,
2023-24,Kawhi Leonard,32,LAC,NBA,SF,68,68,2330,23.2,.626,.289,.246,4.2,15.6,10.1,16.9,2.4,2.3,8.5,26.5,6.0,2.9,8.9,.184,4.8,0.6,5.5,4.4,ASNBA2
2024-25,Kawhi Leonard,33,LAC,NBA,SF,37,37,1180,20.5,.589,.305,.194,3.4,17.4,10.5,16.4,2.5,1.4,9.6,27.7,1.5,1.9,3.5,.141,2.5,0.6,3.1,1.5,
2008-09,Kevin Love,20,MIN,NBA,C,81,37,2048,18.3,0.538,0.028,0.488,15.1,27.3,21.0,6.8,0.9,1.9,12.4,21.0,3.4,1.9,5.3,0.124,0.4,-1.6,-1.1,0.4,ROY-6
2009-10,Kevin Love,21,MIN,NBA,PF,60,22,1714,20.7,0.549,0.164,0.427,14.5,28.6,21.5,12.9,1.3,1.0,13.2,22.4,3.4,1.5,4.9,0.138,2.7,-1.2,1.5,1.5,6MOY-11
2010-11,Kevin Love,22,MIN,NBA,PF,73,73,2611,24.3,0.593,0.206,0.486,13.7,34.2,23.6,11.8,0.9,0.8,11.1,22.9,8.9,2.5,11.4,0.21,5.7,-1.3,4.4,4.2,MIP-1AS
2011-12,Kevin Love,23,MIN,NBA,PF,55,55,2145,25.4,0.568,0.266,0.434,11.6,26.4,19.0,10.0,1.1,0.9,9.2,28.8,7.6,2.3,10.0,0.223,6.1,-0.9,5.2,3.9,MVP-6ASNBA2
2012-13,Kevin Love,24,MIN,NBA,PF,18,18,618,17.9,0.458,0.309,0.477,11.5,35.9,23.3,11.8,1.1,1.1,9.8,28.9,0.1,0.9,1.1,0.084,1.4,-1.0,0.4,0.4,
2013-14,Kevin Love,25,MIN,NBA,PF,77,77,2797,26.9,0.591,0.355,0.445,8.5,29.5,18.7,21.4,1.0,1.0,10.3,28.8,10.6,3.7,14.3,0.245,8.3,0.6,8.9,7.7,MVP-11ASNBA2
2014-15,Kevin Love,26,CLE,NBA,PF,75,75,2532,18.8,0.562,0.412,0.337,6.5,26.3,16.6,10.7,1.0,1.2,10.0,21.7,5.8,2.9,8.7,0.165,3.2,-0.4,2.7,3.0,
2015-16,Kevin Love,27,CLE,NBA,PF,77,77,2424,19.0,0.553,0.449,0.321,7.0,28.4,17.8,12.2,1.2,1.4,11.3,23.4,4.7,3.8,8.5,0.169,3.0,0.3,3.3,3.3,
2016-17,Kevin Love,28,CLE,NBA,PF,60,60,1885,21.1,0.573,0.449,0.34,8.9,29.3,19.5,9.8,1.4,0.9,10.9,26.4,4.0,2.4,6.4,0.163,3.3,-1.2,2.1,1.9,AS
2017-18,Kevin Love,29,CLE,NBA,C,59,59,1651,22.4,0.614,0.453,0.365,7.0,29.8,18.6,9.8,1.3,1.2,9.6,25.1,4.7,1.6,6.4,0.185,4.5,-1.3,3.3,2.2,AS
2018-19,Kevin Love,30,CLE,NBA,PF,22,21,598,19.5,0.561,0.519,0.403,5.9,40.0,22.2,12.8,0.5,0.7,11.2,27.4,1.0,0.4,1.3,0.106,3.3,-1.6,1.6,0.6,
2019-20,Kevin Love,31,CLE,NBA,PF,56,56,1780,17.9,0.599,0.536,0.301,3.3,31.1,17.1,15.4,0.9,0.9,14.5,23.1,2.5,1.3,3.8,0.101,2.6,-0.5,2.0,1.8,
2020-21,Kevin Love,32,CLE,NBA,PF,25,25,622,15.1,0.556,0.619,0.202,3.0,31.2,16.7,16.0,1.3,0.3,12.2,21.9,0.3,0.6,0.9,0.073,0.9,-0.9,-0.1,0.3,
2021-22,Kevin Love,33,CLE,NBA,C,74,4,1665,19.6,0.594,0.627,0.26,5.9,29.2,17.8,15.3,0.8,1.0,10.4,25.1,3.2,2.5,5.7,0.164,4.4,0.1,4.5,2.7,6MOY-2
2022-23,Kevin Love,34,2TM,NBA,PF,62,20,1240,13.1,0.548,0.698,0.215,5.5,32.6,18.9,13.2,0.6,0.9,13.1,19.2,0.6,2.0,2.6,0.099,0.2,0.4,0.6,0.8,
2022-23,Kevin Love,34,CLE,NBA,PF,41,3,821,13.6,0.555,0.684,0.221,6.0,34.2,20.1,12.8,0.4,0.8,13.1,19.6,0.5,1.4,1.9,0.112,0.8,0.6,1.4,0.7,
2022-23,Kevin Love,34,MIA,NBA,PF,21,17,419,12.3,0.535,0.727,0.201,4.6,29.6,16.6,14.0,1.1,1.2,13.2,18.5,0.1,0.6,0.7,0.075,-1.0,-0.1,-1.1,0.1,
2023-24,Kevin Love,35,MIA,NBA,PF,55,5,924,18.5,0.597,0.68,0.301,7.2,34.5,20.7,19.0,1.0,1.1,10.6,21.9,1.7,1.6,3.3,0.17,2.7,1.0,3.6,1.3,
2024-25,Kevin Love,36,MIA,NBA,PF,23,9,251,16.2,0.488,0.583,0.2,9.8,31.4,20.7,13.1,3.0,1.5,10.1,24.6,-0.1,0.5,0.4,0.083,-0.3,0.7,0.4,0.2,
2003-04,Lebron James,19,CLE,NBA,SG,79,79,3122,18.3,.488,.145,.308,3.5,11.8,7.6,27.8,2.2,1.3,13.9,28.2,2.4,2.6,5.1,.078,2.3,-0.6,1.7,2.9,MVP-9ROY-1
2004-05,Lebron James,20,CLE,NBA,SF,80,80,3388,25.7,.554,.183,.378,3.8,17.0,10.2,32.9,2.8,1.1,11.8,29.7,9.7,4.6,14.3,.203,7.0,1.7,8.6,9.1,MVP-6ASNBA2
2005-06,Lebron James,21,CLE,NBA,SF,79,79,3361,28.1,.568,.208,.447,2.6,17.1,9.8,32.8,2.0,1.5,10.7,33.6,12.0,4.3,16.3,.232,7.5,1.6,9.1,9.4,MVP-2ASNBA1
2006-07,Lebron James,22,CLE,NBA,SF,78,78,3190,24.5,.552,.191,.432,3.0,16.6,9.6,29.1,2.1,1.3,11.5,31.0,8.0,5.7,13.7,.206,5.9,2.2,8.1,8.1,MVP-5ASNBA2
2007-08,Lebron James,23,CLE,NBA,SF,75,74,3027,29.1,.568,.219,.470,4.9,17.8,11.1,37.3,2.4,2.1,11.4,33.5,10.7,4.6,15.2,.242,8.2,2.6,10.9,9.8,MVP-4ASNBA1
2008-09,Lebron James,24,CLE,NBA,SF,81,81,3054,31.7,.591,.238,.472,4.3,19.0,11.9,38.0,2.4,2.4,11.0,33.8,13.7,6.5,20.3,.318,9.5,3.7,13.2,11.8,MVP-1DPOY-2ASNBA1DEF1
2009-10,Lebron James,25,CLE,NBA,SF,76,76,2966,31.1,.604,.253,.506,3.0,18.5,11.1,41.8,2.2,2.0,12.3,33.5,13.3,5.2,18.5,.299,9.1,2.8,11.8,10.3,MVP-1DPOY-4ASNBA1DEF1
2010-11,Lebron James,26,MIA,NBA,SF,79,79,3063,27.3,.594,.188,.446,3.3,18.7,11.4,34.9,2.1,1.3,13.8,31.5,10.3,5.3,15.6,.244,6.3,1.8,8.1,7.8,MVP-3DPOY-9ASNBA1DEF1
2011-12,Lebron James,27,MIA,NBA,SF,62,62,2326,30.7,.605,.127,.429,5.0,19.7,12.6,33.6,2.6,1.7,13.3,32.0,10.0,4.5,14.5,.298,8.2,2.7,10.9,7.6,MVP-1DPOY-4ASNBA1DEF1
2012-13,Lebron James,28,MIA,NBA,PF,76,76,2877,31.6,.640,.188,.395,4.4,20.8,13.1,36.4,2.4,1.9,12.4,30.2,14.6,4.7,19.3,.322,9.3,2.4,11.7,9.9,MVP-1DPOY-2ASNBA1DEF1
2013-14,Lebron James,29,MIA,NBA,PF,77,77,2902,29.3,.649,.226,.432,3.6,18.9,11.5,32.0,2.2,0.8,14.4,31.0,12.3,3.7,15.9,.264,7.8,1.1,8.8,7.9,MVP-2DPOY-6ASNBA1DEF2
2014-15,Lebron James,30,CLE,NBA,SF,69,69,2493,25.9,.577,.265,.413,2.4,16.6,9.6,38.6,2.3,1.6,15.3,32.3,7.4,2.9,10.4,.199,6.1,1.0,7.1,5.7,MVP-3DPOY-13ASNBA1
2015-16,Lebron James,31,CLE,NBA,SF,76,76,2709,27.5,.588,.199,.347,4.7,18.8,11.8,36.0,2.0,1.5,13.2,31.4,9.6,4.0,13.6,.242,7.0,2.0,9.0,7.5,MVP-3DPOY-11ASNBA1
2016-17,Lebron James,32,CLE,NBA,SF,74,74,2794,27.0,.619,.254,.395,4.0,20.7,12.6,41.3,1.6,1.3,16.1,30.0,9.8,3.0,12.9,.221,6.4,1.2,7.6,6.7,MVP-4DPOY-5ASNBA1
2017-18,Lebron James,33,CLE,NBA,PF,82,82,3026,28.6,.621,.257,.336,3.7,22.3,13.1,44.4,1.9,2.0,16.1,31.6,11.0,3.0,14.0,.221,7.3,1.4,8.7,8.2,MVP-2ASNBA1
2018-19,Lebron James,34,LAL,NBA,SF,55,55,1937,25.6,.588,.299,.382,3.1,21.3,12.4,39.4,1.7,1.4,13.3,31.6,4.7,2.6,7.2,.179,6.4,1.7,8.0,4.9,MVP-11ASNBA3
2019-20,Lebron James,35,LAL,NBA,PG,67,67,2316,25.5,.577,.326,.292,3.2,21.5,12.4,49.1,1.6,1.4,15.1,31.5,6.2,3.6,9.8,.204,6.6,1.8,8.4,6.1,MVP-2ASNBA1
2020-21,Lebron James,36,LAL,NBA,PG,45,45,1504,24.2,.602,.346,.310,2.2,23.6,12.9,41.8,1.6,1.5,15.2,31.9,3.0,2.6,5.6,.179,5.9,2.3,8.1,3.8,MVP-13ASNBA2
2021-22,Lebron James,37,LAL,NBA,C,56,56,2084,26.2,.619,.367,.275,3.3,20.4,11.8,30.6,1.7,2.5,12.5,32.3,5.2,2.3,7.5,.172,6.9,0.8,7.7,5.1,MVP-10ASNBA3
2022-23,Lebron James,38,LAL,NBA,PF,55,54,1954,23.9,.583,.309,.268,3.7,20.8,12.5,33.5,1.2,1.4,11.6,33.3,3.2,2.4,5.6,.138,5.5,0.6,6.1,4.0,ASNBA3
2023-24,Lebron James,39,LAL,NBA,PF,71,71,2504,23.7,.630,.286,.318,2.8,19.3,11.5,37.5,1.7,1.3,14.5,29.2,5.7,2.8,8.5,.164,5.5,0.9,6.5,5.4,CPOY-10ASNBA3
2024-25,Lebron James,40,LAL,NBA,SF,70,70,2444,22.7,.604,.312,.261,3.4,21.2,12.6,40.3,1.4,1.5,15.5,30.1,4.9,2.8,7.7,.152,4.9,0.7,5.6,4.7,
2012-13,Damian Lillard,22,POR,NBA,PG,82,82,3167,16.4,0.546,0.391,0.249,1.5,8.0,4.7,28.8,1.2,0.5,14.5,24.2,5.1,0.7,5.8,0.088,2.1,-1.9,0.3,1.8,ROY-1
2013-14,Damian Lillard,23,POR,NBA,PG,82,82,2937,18.6,0.568,0.425,0.327,1.3,9.2,5.3,25.1,1.1,0.5,11.5,25.0,7.8,1.8,9.6,0.157,3.8,-0.6,3.2,3.9,ASNBA3
2014-15,Damian Lillard,24,POR,NBA,PG,82,82,2925,20.7,0.56,0.421,0.293,1.8,11.8,6.9,29.0,1.7,0.5,12.6,26.9,7.3,3.3,10.6,0.174,4.3,0.3,4.7,4.9,AS
2015-16,Damian Lillard,25,POR,NBA,PG,75,75,2676,22.2,0.56,0.414,0.315,1.8,10.4,6.1,33.6,1.2,0.8,12.6,31.3,7.7,1.4,9.2,0.165,5.7,-1.3,4.4,4.3,MVP-8NBA2
2016-17,Damian Lillard,26,POR,NBA,PG,75,75,2694,24.1,0.586,0.389,0.366,1.9,13.3,7.6,28.7,1.3,0.6,10.2,31.5,8.8,1.5,10.4,0.185,6.1,-1.1,5.0,4.8,
2017-18,Damian Lillard,27,POR,NBA,PG,73,73,2670,25.2,0.594,0.445,0.38,2.6,10.6,6.6,30.9,1.4,0.8,11.1,30.6,9.9,2.7,12.6,0.227,7.0,0.3,7.2,6.3,MVP-4ASNBA1
2018-19,Damian Lillard,28,POR,NBA,PG,80,80,2838,23.7,0.588,0.419,0.335,2.6,11.1,7.0,30.6,1.5,1.0,10.8,29.3,9.7,2.4,12.1,0.205,6.6,-0.3,6.4,6.0,MVP-6ASNBA2
2019-20,Damian Lillard,29,POR,NBA,PG,66,66,2474,26.9,0.627,0.5,0.384,1.4,10.5,6.0,34.4,1.3,0.8,11.0,30.3,10.9,0.7,11.6,0.225,8.3,-0.9,7.5,5.9,MVP-8ASNBA2
2020-21,Damian Lillard,30,POR,NBA,PG,67,67,2398,25.6,0.623,0.528,0.363,1.4,11.5,6.3,34.6,1.3,0.6,11.6,31.4,9.6,0.8,10.4,0.209,7.5,-1.3,6.3,5.0,MVP-7ASNBA2
2021-22,Damian Lillard,31,POR,NBA,PG,29,29,1056,18.5,0.55,0.514,0.328,1.3,11.6,6.2,34.0,0.8,1.0,11.6,29.3,1.7,0.1,1.7,0.079,4.0,-2.7,1.3,0.9,
2022-23,Damian Lillard,32,POR,NBA,PG,58,58,2107,26.7,0.645,0.547,0.464,2.4,12.8,7.6,35.0,1.2,0.8,11.7,33.8,8.2,0.8,9.0,0.205,8.3,-1.2,7.1,4.9,CPOY-10ASNBA3
2023-24,Damian Lillard,33,MIL,NBA,PG,73,73,2579,19.6,0.59,0.487,0.403,1.6,11.8,6.8,28.8,1.3,0.6,11.4,28.4,5.8,1.9,7.7,0.143,3.4,-1.3,2.1,2.7,CPOY-11AS
2024-25,Damian Lillard,34,MIL,NBA,PG,58,58,2093,21.3,0.621,0.528,0.396,1.6,12.1,7.1,29.7,1.6,0.4,12.2,27.8,5.6,2.0,7.6,0.175,4.7,-0.6,4.0,3.2,
2008-09,Russell Westbrook,20,OKC,NBA,PG,82.0,65.0,2668.0,15.2,0.489,0.118,0.391,7.6,9.7,8.6,27.5,2.1,0.4,17.6,25.8,-0.1,2.0,1.9,0.035,-0.1,-0.9,-1.0,0.7,ROY-4
2009-10,Russell Westbrook,21,OKC,NBA,PG,82.0,82.0,2813.0,17.8,0.491,0.09,0.364,6.0,10.3,8.2,38.6,2.0,0.9,16.6,25.7,2.7,3.4,6.1,0.105,1.7,-0.5,1.2,2.3,
2010-11,Russell Westbrook,22,OKC,NBA,PG,82.0,82.0,2847.0,23.6,0.538,0.074,0.454,5.2,10.3,7.8,42.7,2.8,0.8,15.9,31.6,6.3,3.1,9.4,0.159,4.3,-0.1,4.2,4.4,ASNBA2
2011-12,Russell Westbrook,23,OKC,NBA,PG,66.0,66.0,2331.0,22.9,0.538,0.155,0.326,5.0,9.4,7.4,29.8,2.5,0.7,14.2,32.7,5.5,2.4,7.9,0.163,3.7,-0.7,3.0,3.0,MVP-12DPOY-18ASNBA2
2012-13,Russell Westbrook,24,OKC,NBA,PG,82.0,82.0,2861.0,23.9,0.532,0.195,0.375,4.8,11.8,8.6,38.4,2.6,0.6,13.2,32.8,7.7,3.9,11.6,0.195,4.6,-0.2,4.4,4.6,MVP-9DPOY-17ASNBA2
2013-14,Russell Westbrook,25,OKC,NBA,PG,46.0,46.0,1412.0,24.7,0.545,0.271,0.37,4.6,15.9,10.5,40.2,3.1,0.4,16.1,34.4,3.0,2.3,5.2,0.178,4.8,0.7,5.5,2.7,
2014-15,Russell Westbrook,26,OKC,NBA,PG,67.0,67.0,2302.0,29.1,0.536,0.196,0.445,5.9,16.7,11.4,47.0,3.0,0.5,14.3,38.4,7.5,3.2,10.6,0.222,6.9,1.2,8.1,5.8,MVP-4ASNBA2
2015-16,Russell Westbrook,27,OKC,NBA,PG,80.0,80.0,2750.0,27.6,0.554,0.236,0.397,6.1,18.1,12.4,49.6,2.9,0.6,16.8,31.6,10.0,4.0,14.0,0.245,6.4,1.4,7.8,6.8,MVP-4ASNBA1
2016-17,Russell Westbrook,28,OKC,NBA,PG,81.0,81.0,2802.0,30.6,0.554,0.3,0.433,5.4,28.8,17.1,57.3,2.3,0.9,15.9,41.7,8.5,4.6,13.1,0.224,8.7,2.4,11.1,9.3,MVP-1ASNBA1
2017-18,Russell Westbrook,29,OKC,NBA,PG,80.0,80.0,2914.0,24.7,0.524,0.193,0.336,5.6,25.7,15.3,49.8,2.5,0.6,16.4,34.1,5.5,4.5,10.1,0.166,4.8,1.5,6.3,6.1,MVP-5ASNBA2
2018-19,Russell Westbrook,30,OKC,NBA,PG,73.0,73.0,2630.0,21.1,0.501,0.279,0.306,4.1,28.3,15.8,46.5,2.5,1.1,16.3,30.9,1.8,5.0,6.8,0.124,2.8,2.4,5.2,4.7,MVP-10ASNBA3
2019-20,Russell Westbrook,31,HOU,NBA,PG,57.0,57.0,2049.0,21.0,0.536,0.166,0.297,5.1,18.1,11.5,35.6,2.1,0.8,15.0,34.4,1.7,2.5,4.2,0.098,1.6,-0.1,1.5,1.8,ASNBA3
2020-21,Russell Westbrook,32,WAS,NBA,PG,65.0,65.0,2369.0,19.5,0.509,0.221,0.334,4.9,28.6,16.8,48.6,1.7,0.8,18.0,30.2,0.5,3.2,3.7,0.075,2.6,1.1,3.7,3.4,MVP-11
2021-22,Russell Westbrook,33,LAL,NBA,PG,78.0,78.0,2678.0,15.0,0.512,0.215,0.324,4.4,18.8,11.6,31.6,1.3,0.7,17.3,27.3,-0.6,2.3,1.7,0.03,-0.7,-0.9,-1.6,0.2,
2022-23,Russell Westbrook,34,2TM,NBA,PG,73.0,24.0,2126.0,16.1,0.513,0.289,0.317,4.7,16.5,10.8,38.6,1.7,1.3,18.4,27.7,-0.6,2.6,1.9,0.044,0.3,-0.1,0.2,1.2,6MOY-9
2022-23,Russell Westbrook,34,LAL,NBA,PG,52.0,3.0,1491.0,15.3,0.496,0.292,0.326,4.4,18.2,11.5,38.5,1.7,1.3,18.1,28.8,-1.2,1.9,0.7,0.023,-0.2,0.1,-0.1,0.7,
2022-23,Russell Westbrook,34,LAC,NBA,PG,21.0,21.0,635.0,17.8,0.562,0.279,0.29,5.4,12.6,9.0,38.9,1.8,1.4,19.4,25.2,0.6,0.7,1.2,0.092,1.6,-0.8,0.8,0.5,
2023-24,Russell Westbrook,35,LAC,NBA,PG,68.0,11.0,1529.0,16.2,0.514,0.232,0.241,7.1,17.8,12.7,29.2,2.4,1.4,16.4,25.2,0.2,1.9,2.1,0.066,-0.2,0.7,0.5,1.0,6MOY-7
2024-25,Russell Westbrook,36,DEN,NBA,PG,75.0,36.0,2092.0,14.3,0.532,0.35,0.28,5.6,13.4,9.7,28.8,2.4,1.6,20.6,23.8,-0.1,2.1,1.9,0.045,-0.9,-0.2,-1.1,0.5,
2017-18,Jayson Tatum,19,BOS,NBA,SF,80,80,2443,15.2,0.586,0.29,0.309,2.3,15.6,9.0,8.3,1.7,2.0,10.7,19.4,3.0,4.0,7.1,0.139,0.0,1.2,1.2,2.0,ROY-3
2018-19,Jayson Tatum,20,BOS,NBA,SF,79,79,2455,15.1,0.547,0.3,0.22,3.0,17.7,10.4,10.0,1.6,2.1,9.7,22.1,1.6,3.4,5.0,0.097,-0.4,0.2,-0.2,1.1,
2019-20,Jayson Tatum,21,BOS,NBA,PF,66,66,2265,20.4,0.567,0.383,0.255,3.1,18.5,10.9,14.5,2.0,2.3,10.2,28.6,3.2,3.7,6.9,0.146,3.5,0.6,4.0,3.4,MVP-12ASNBA3
2020-21,Jayson Tatum,22,BOS,NBA,SF,64,64,2290,21.3,0.576,0.368,0.258,2.4,20.7,11.5,20.3,1.6,1.3,10.4,30.8,4.1,2.5,6.5,0.137,4.2,-0.3,3.9,3.4,AS
2021-22,Jayson Tatum,23,BOS,NBA,SF,76,76,2731,21.8,0.578,0.416,0.3,3.5,20.2,12.1,21.1,1.4,1.6,10.9,32.1,5.0,4.6,9.6,0.169,4.3,0.6,5.0,4.8,MVP-6ASNBA1
2022-23,Jayson Tatum,24,BOS,NBA,SF,74,74,2732,23.7,0.607,0.44,0.399,3.2,22.5,13.0,20.9,1.4,1.6,10.4,32.7,6.2,4.3,10.5,0.185,4.8,0.7,5.5,5.1,MVP-4CPOY-10ASNBA1
2023-24,Jayson Tatum,25,BOS,NBA,PF,74,74,2645,22.3,0.604,0.427,0.349,2.9,20.9,12.3,21.0,1.4,1.4,10.3,30.2,6.4,4.1,10.4,0.189,4.5,0.6,5.1,4.7,MVP-6CPOY-9ASNBA1
2024-25,Jayson Tatum,26,BOS,NBA,PF,72,72,2624,21.7,0.582,0.497,0.3,2.0,23.7,12.9,27.0,1.5,1.3,11.2,31.2,5.3,4.2,9.5,0.174,4.4,0.8,5.2,4.8,
2011-12,Kemba Walker,21,CHA,NBA,PG,66,25,1792,14.9,.464,.295,.278,1.9,13.5,7.5,30.2,1.8,0.8,12.1,25.2,-0.2,0.5,0.3,.009,0.7,-1.4,-0.8,0.6,ROY-11
2012-13,Kemba Walker,22,CHA,NBA,PG,82,82,2859,18.8,.517,.267,.298,2.3,9.2,5.7,31.2,2.9,0.9,12.4,25.6,3.7,1.1,4.8,.080,2.2,-0.8,1.4,2.4,
2013-14,Kemba Walker,23,CHA,NBA,PG,73,73,2614,16.8,.499,.286,.295,1.7,11.6,6.6,29.7,1.7,1.0,11.6,25.8,1.8,3.3,5.1,.093,1.4,0.3,1.7,2.4,
2014-15,Kemba Walker,24,CHO,NBA,PG,62,58,2119,17.6,.486,.285,.288,1.8,9.9,5.7,27.1,2.2,1.2,8.3,25.9,1.8,2.6,4.5,.101,1.7,0.6,2.3,2.3,
2015-16,Kemba Walker,25,CHO,NBA,PG,81,81,2885,20.8,.554,.368,.329,2.1,11.5,6.8,25.7,2.2,1.1,10.1,26.5,6.3,3.6,9.9,.164,3.5,0.5,4.0,4.3,
2016-17,Kemba Walker,26,CHO,NBA,PG,79,79,2739,21.3,.569,.415,.248,1.8,10.6,6.2,29.1,1.6,0.7,9.5,29.2,5.9,2.2,8.1,.142,4.9,-0.8,4.1,4.2,AS
2017-18,Kemba Walker,27,CHO,NBA,PG,80,80,2736,20.6,.572,.441,.308,1.2,8.7,4.9,27.4,1.6,0.7,10.4,27.4,6.5,2.0,8.6,.150,4.7,-0.7,4.0,4.2,AS
2018-19,Kemba Walker,28,CHO,NBA,PG,82,82,2863,21.7,.558,.434,.267,1.9,11.9,6.8,29.4,1.7,1.0,10.1,31.5,5.5,1.9,7.4,.123,5.2,-1.0,4.2,4.4,ASNBA3
2019-20,Kemba Walker,29,BOS,NBA,PG,56,56,1742,20.0,.575,.532,.272,2.2,11.0,6.7,24.2,1.3,1.5,10.5,27.2,3.9,2.0,5.9,.162,4.9,-0.3,4.6,2.9,AS
2020-21,Kemba Walker,30,BOS,NBA,PG,43,43,1369,17.7,.559,.522,.220,1.3,12.6,6.9,23.8,1.7,0.8,10.6,26.1,2.1,1.1,3.3,.115,2.8,-0.7,2.1,1.4,
2021-22,Kemba Walker,31,NYK,NBA,PG,37,37,948,13.9,.537,.538,.192,1.6,11.2,6.3,22.2,1.4,0.7,10.7,20.8,1.0,0.9,1.8,.093,0.7,-0.2,0.4,0.6,
2022-23,Kemba Walker,32,DAL,NBA,PG,9,1,144,15.0,.543,.491,.368,2.4,10.6,6.5,20.1,0.7,1.2,5.7,22.1,0.2,0.1,0.3,.098,0.3,-0.6,-0.3,0.1,
2023-24,Kemba Walker,33,Did not play - other pro league,Did not play - other pro league,Did not play - other pro league,Did not play - other pro league,Did not play - other pro league,Did not play - other pro league,Did not play - other pro league,Did not play - other pro league,Did not play - other pro league,Did not play - other pro league,Did not play - other pro league,Did not play - other pro league,Did not play - other pro league,Did not play - other pro league,Did not play - other pro league,Did not play - other pro league,Did not play - other pro league,Did not play - other pro league,Did not play - other pro league,Did not play - other pro league,Did not play - other pro league,Did not play - other pro league,Did not play - other pro league,Did not play - other pro league,Did not play - other pro league,Did not play - other pro league,Did not play - other pro league
2009-10,Stephen Curry,21,GSW,NBA,PG,80,77,2896,16.3,0.568,0.332,0.175,1.8,12.0,6.8,24.6,2.5,0.5,16.5,21.8,3.0,1.6,4.7,0.077,1.1,-0.5,0.7,2.0,ROY-2
2010-11,Stephen Curry,22,GSW,NBA,PG,74,74,2489,19.4,0.595,0.325,0.216,2.3,10.9,6.5,28.1,2.2,0.6,16.4,24.4,5.4,1.3,6.6,0.128,3.0,-0.7,2.3,2.7,
2011-12,Stephen Curry,23,GSW,NBA,PG,26,23,732,21.2,0.605,0.409,0.159,2.3,11.3,6.8,32.3,2.8,0.8,17.0,24.0,1.8,0.4,2.2,0.144,4.1,0.3,4.3,1.2,
2012-13,Stephen Curry,24,GSW,NBA,PG,78,78,2983,21.3,0.589,0.432,0.21,2.3,9.1,5.8,31.1,2.1,0.3,13.7,26.4,8.4,2.8,11.2,0.18,5.3,0.1,5.4,5.6,MVP-11
2013-14,Stephen Curry,25,GSW,NBA,PG,78,78,2846,24.1,0.61,0.445,0.252,1.8,10.9,6.4,39.9,2.2,0.4,16.1,28.3,9.3,4.0,13.4,0.225,6.3,1.1,7.4,6.7,MVP-6ASNBA2
2014-15,Stephen Curry,26,GSW,NBA,PG,80,80,2613,28.0,0.638,0.482,0.251,2.4,11.4,7.0,38.6,3.0,0.5,14.3,28.9,11.5,4.1,15.7,0.288,8.2,1.7,9.9,7.9,MVP-1ASNBA1
2015-16,Stephen Curry,27,GSW,NBA,PG,79,79,2700,31.5,0.669,0.554,0.25,2.9,13.6,8.6,33.7,3.0,0.4,12.9,32.6,13.8,4.1,17.9,0.318,10.3,1.6,11.9,9.5,MVP-1ASNBA1
2016-17,Stephen Curry,28,GSW,NBA,PG,79,79,2638,24.6,0.624,0.547,0.251,2.7,11.4,7.3,31.2,2.6,0.5,13.0,30.1,8.7,3.9,12.6,0.229,6.7,0.3,6.9,5.9,MVP-6ASNBA2
2017-18,Stephen Curry,29,GSW,NBA,PG,51,51,1631,28.2,0.675,0.58,0.35,2.7,14.4,9.0,30.3,2.4,0.4,13.3,31.0,7.2,1.8,9.1,0.267,7.8,0.0,7.7,4.0,MVP-10ASNBA3
2018-19,Stephen Curry,30,GSW,NBA,PG,69,69,2331,24.4,0.641,0.604,0.214,2.2,14.2,8.4,24.2,1.9,0.9,11.6,30.4,7.2,2.5,9.7,0.199,7.1,-0.5,6.6,5.1,MVP-5ASNBA1
2019-20,Stephen Curry,31,GSW,NBA,PG,5,5,139,21.7,0.557,0.598,0.317,3.0,17.8,10.1,42.3,1.7,1.3,14.6,33.6,0.2,0.1,0.3,0.103,4.5,-0.6,3.9,0.2,
2020-21,Stephen Curry,32,GSW,NBA,PG,63,63,2152,26.3,0.655,0.587,0.289,1.5,15.4,8.5,30.5,1.7,0.3,12.2,34.8,6.5,2.5,9.0,0.201,8.3,0.4,8.7,5.8,MVP-3ASNBA1
2021-22,Stephen Curry,33,GSW,NBA,PG,64,64,2211,21.4,0.601,0.613,0.243,1.7,14.4,8.3,30.4,1.9,1.0,13.2,30.8,4.6,3.4,8.0,0.173,5.4,0.4,5.8,4.4,MVP-8ASNBA2
2022-23,Stephen Curry,34,GSW,NBA,PG,56,56,1941,24.1,0.656,0.564,0.248,2.3,16.8,9.7,30.0,1.3,0.9,12.5,31.0,5.8,2.0,7.8,0.192,7.5,0.1,7.5,4.7,MVP-9CPOY-9ASNBA2
2023-24,Stephen Curry,35,GSW,NBA,PG,74,74,2421,20.6,0.616,0.606,0.224,1.7,12.9,7.4,24.7,1.1,1.0,11.7,31.3,5.2,2.0,7.2,0.142,6.3,-1.1,5.2,4.4,CPOY-1ASNBA3
2024-25,Stephen Curry,36,GSW,NBA,PG,70,70,2252,21.5,0.618,0.623,0.238,1.9,13.3,7.4,31.3,1.7,1.3,12.6,29.8,5.2,2.7,7.9,0.168,6.4,0.0,6.3,4.8,
2007-08,Kevin Durant,19,SEA,NBA,SG,80,80,2768,15.8,.519,.150,.328,2.8,10.9,6.9,12.0,1.4,1.9,12.9,28.1,0.4,1.9,2.3,.040,0.5,-0.7,-0.1,1.3,ROY-1
2008-09,Kevin Durant,20,OKC,NBA,SF,74,74,2885,20.8,.577,.165,.377,3.0,16.4,9.6,13.5,1.7,1.4,12.2,28.3,5.2,2.7,7.9,.132,3.4,-0.1,3.3,3.8,
2009-10,Kevin Durant,21,OKC,NBA,SF,82,82,3239,26.2,.607,.210,.504,3.8,17.9,11.0,13.5,1.8,1.9,11.7,32.0,11.1,5.0,16.1,.238,6.3,0.8,7.1,7.5,MVP-2ASNBA1
2010-11,Kevin Durant,22,OKC,NBA,SF,78,78,3038,23.6,.589,.269,.439,2.3,17.7,10.3,13.2,1.5,1.8,10.6,30.6,8.6,3.3,12.0,.189,5.2,-0.3,4.9,5.3,MVP-5ASNBA1
2011-12,Kevin Durant,23,OKC,NBA,SF,66,66,2546,26.2,.610,.265,.386,1.9,20.4,11.8,17.5,1.8,2.2,14.0,31.3,8.5,3.7,12.2,.230,6.2,0.8,7.0,5.8,MVP-2ASNBA1
2012-13,Kevin Durant,24,OKC,NBA,SF,81,81,3119,28.3,.647,.233,.523,1.8,20.3,11.8,21.7,1.9,2.6,13.7,29.8,13.6,5.3,18.9,.291,7.6,1.7,9.3,8.9,MVP-2ASNBA1
2013-14,Kevin Durant,25,OKC,NBA,SF,81,81,3122,29.8,.635,.291,.477,2.2,18.6,10.8,26.7,1.7,1.5,12.2,33.0,14.8,4.4,19.2,.295,8.8,1.4,10.2,9.6,MVP-1ASNBA1
2014-15,Kevin Durant,26,OKC,NBA,SF,27,27,913,27.6,.633,.340,.366,1.9,18.7,10.4,22.2,1.3,2.2,12.0,29.1,3.8,1.0,4.8,.252,8.6,1.4,10.0,2.8,AS
2015-16,Kevin Durant,27,OKC,NBA,SF,72,72,2578,28.2,.634,.348,.361,2.0,21.8,12.4,24.2,1.3,2.5,13.5,30.6,11.0,3.5,14.5,.270,8.4,1.6,9.9,7.8,MVP-5ASNBA2
2016-17,Kevin Durant,28,GSW,NBA,PF,62,62,2070,27.6,.651,.304,.374,2.2,23.6,13.6,23.1,1.5,3.8,10.4,27.8,8.0,4.0,12.0,.278,6.7,2.2,8.9,5.7,MVP-9ASNBA2
2017-18,Kevin Durant,29,GSW,NBA,SF,68,68,2325,26.0,.640,.338,.331,1.6,19.5,11.2,25.5,1.0,4.0,12.9,30.4,7.5,2.9,10.4,.215,6.7,0.6,7.3,5.5,MVP-7DPOY-9ASNBA1
2018-19,Kevin Durant,30,GSW,NBA,SF,78,78,2702,24.2,.631,.281,.366,1.4,17.5,9.8,26.2,1.0,2.6,12.3,29.0,8.6,2.9,11.5,.204,5.4,0.1,5.5,5.1,MVP-8ASNBA2
2019-20,Kevin Durant,31,Did not play - injury,Did not play - injury,Did not play - injury,Did not play - injury,Did not play - injury,Did not play - injury,Did not play - injury,Did not play - injury,Did not play - injury,Did not play - injury,Did not play - injury,Did not play - injury,Did not play - injury,Did not play - injury,Did not play - injury,Did not play - injury,Did not play - injury,Did not play - injury,Did not play - injury,Did not play - injury,Did not play - injury,Did not play - injury,Did not play - injury,Did not play - injury,Did not play - injury,Did not play - injury,Did not play - injury
2020-21,Kevin Durant,32,BRK,NBA,PF,35,32,1157,26.4,.666,.313,.395,1.3,21.3,11.8,27.5,1.0,3.4,14.5,31.2,3.7,1.2,5.0,.206,6.4,0.8,7.2,2.7,AS
2021-22,Kevin Durant,33,BRK,NBA,PF,55,55,2047,25.6,.634,.269,.367,1.6,19.6,10.8,29.1,1.1,2.3,12.9,31.2,6.4,2.0,8.4,.198,6.4,0.7,7.2,4.8,MVP-10ASNBA2
2022-23,Kevin Durant,34,2TM,NBA,PF,47,47,1672,25.9,.677,.267,.387,1.2,19.5,10.5,24.5,1.0,3.4,13.4,30.7,4.7,2.1,6.8,.194,6.0,1.2,7.1,3.9,AS
2022-23,Kevin Durant,34,BRK,NBA,PF,39,39,1403,26.2,.673,.257,.390,1.1,19.4,10.5,25.9,1.1,3.5,13.7,31.5,3.9,1.7,5.7,.194,5.8,1.2,7.0,3.2,
2022-23,Kevin Durant,34,PHO,NBA,PF,8,8,269,24.3,.697,.320,.375,1.2,20.2,10.5,17.3,0.4,3.3,11.8,26.8,0.8,0.3,1.1,.196,7.1,0.9,8.0,0.7,
2023-24,Kevin Durant,35,PHO,NBA,PF,75,75,2791,21.2,.626,.283,.295,1.7,17.5,10.0,22.2,1.2,2.9,13.1,29.0,5.1,3.2,8.3,.142,4.0,0.1,4.0,4.3,MVP-9ASNBA2
2024-25,Kevin Durant,36,PHO,NBA,PF,62,62,2265,21.2,.642,.331,.321,1.2,16.9,9.2,19.6,1.1,3.2,12.9,28.7,4.0,1.2,5.2,.111,3.9,-0.7,3.2,3.0,
2011-12,Jimmy Butler,22,CHI,NBA,SG,42.0,0.0,359.0,12.5,0.526,0.139,0.709,7.3,10.1,8.7,5.7,1.6,1.0,11.9,14.9,0.5,0.6,1.1,0.144,-1.8,0.5,-1.3,0.1,
2012-13,Jimmy Butler,23,CHI,NBA,SF,82.0,20.0,2134.0,15.2,0.574,0.205,0.455,7.2,10.4,8.8,8.6,2.0,1.1,9.2,14.6,4.4,2.6,7.0,0.158,1.0,1.0,2.0,2.1,DPOY-17
2013-14,Jimmy Butler,24,CHI,NBA,SG,67.0,67.0,2591.0,13.5,0.522,0.346,0.488,3.9,10.5,7.2,11.1,2.6,1.1,10.8,16.8,2.4,4.6,7.1,0.131,-0.9,2.0,1.1,2.0,DEF2
2014-15,Jimmy Butler,25,CHI,NBA,SG,65.0,65.0,2513.0,21.3,0.583,0.212,0.508,5.1,11.2,8.2,14.4,2.3,1.0,7.7,21.6,8.2,3.0,11.2,0.214,3.4,1.2,4.6,4.2,DPOY-10MIP-1ASDEF2
2015-16,Jimmy Butler,26,CHI,NBA,SG,67.0,67.0,2474.0,21.3,0.562,0.198,0.459,3.4,11.6,7.6,21.4,2.2,1.3,9.6,24.4,6.5,2.7,9.1,0.177,3.2,1.2,4.4,3.9,DPOY-11ASDEF2
2016-17,Jimmy Butler,27,CHI,NBA,SF,76.0,75.0,2809.0,25.1,0.586,0.198,0.54,4.9,13.2,9.0,24.8,2.6,0.9,9.3,26.5,10.1,3.8,13.8,0.236,5.6,1.7,7.3,6.6,ASNBA3
2017-18,Jimmy Butler,28,MIN,NBA,SG,59.0,59.0,2164.0,23.7,0.59,0.217,0.461,4.2,12.7,8.4,20.6,2.7,1.0,8.9,24.9,7.1,1.8,8.9,0.198,5.0,0.7,5.8,4.2,MVP-10DPOY-12ASNBA3DEF2
2018-19,Jimmy Butler,29,2TM,NBA,SG,65.0,65.0,2185.0,20.2,0.571,0.213,0.404,6.0,10.5,8.3,18.0,2.7,1.4,8.2,22.3,5.4,2.5,7.9,0.173,2.8,0.9,3.7,3.2,
2018-19,Jimmy Butler,29,MIN,NBA,SG,10.0,10.0,361.0,22.3,0.579,0.287,0.389,4.7,10.8,7.7,18.2,3.2,2.4,7.1,23.0,1.0,0.4,1.3,0.176,4.7,2.2,6.9,0.8,
2018-19,Jimmy Butler,29,PHI,NBA,SF,55.0,55.0,1824.0,19.8,0.569,0.198,0.407,6.3,10.4,8.4,18.0,2.6,1.2,8.4,22.1,4.4,2.1,6.6,0.172,2.4,0.7,3.1,2.4,
2019-20,Jimmy Butler,30,MIA,NBA,SF,58.0,58.0,1959.0,23.6,0.585,0.157,0.693,6.3,15.4,11.0,28.1,2.6,1.6,11.4,25.1,6.3,2.7,9.0,0.221,4.0,1.5,5.4,3.7,MVP-11ASNBA3
2020-21,Jimmy Butler,31,MIA,NBA,SF,52.0,52.0,1745.0,26.5,0.607,0.139,0.565,6.3,17.1,11.8,35.1,3.1,1.1,10.6,26.6,6.6,2.7,9.3,0.255,5.4,2.3,7.7,4.3,DPOY-10NBA3DEF2
2021-22,Jimmy Butler,32,MIA,NBA,SF,57.0,57.0,1931.0,23.6,0.592,0.14,0.549,6.1,13.5,9.9,26.4,2.4,1.5,10.5,26.5,6.2,2.9,9.2,0.228,4.5,1.9,6.3,4.0,AS
2022-23,Jimmy Butler,33,MIA,NBA,PF,64.0,64.0,2138.0,27.6,0.647,0.116,0.625,7.5,13.3,10.3,27.1,2.7,1.0,8.2,25.6,9.4,2.9,12.3,0.277,6.7,2.0,8.7,5.8,MVP-10DPOY-12CPOY-2NBA2
2023-24,Jimmy Butler,34,MIA,NBA,PF,60.0,60.0,2042.0,22.0,0.626,0.183,0.579,5.8,11.9,8.8,23.1,1.9,0.8,9.3,24.0,6.4,2.7,9.1,0.214,3.9,0.7,4.6,3.4,
2024-25,Jimmy Butler,35,2TM,NBA,SF,55.0,55.0,1746.0,22.4,0.626,0.174,0.657,7.7,10.8,9.2,25.5,2.2,1.0,8.8,20.8,6.6,2.0,8.7,0.238,4.0,1.0,4.9,3.0,
2024-25,Jimmy Butler,35,MIA,NBA,PF,25.0,25.0,766.0,22.8,0.638,0.137,0.612,8.0,10.9,9.4,24.2,1.8,1.3,8.2,21.1,2.9,0.8,3.7,0.233,4.2,0.6,4.8,1.3,
2024-25,Jimmy Butler,35,GSW,NBA,SF,30.0,30.0,980.0,22.2,0.617,0.204,0.692,7.5,10.7,9.1,26.5,2.5,0.8,9.2,20.6,3.7,1.2,4.9,0.242,3.8,1.2,5.0,1.7,
2011-12,Kyrie Irving,19,CLE,NBA,PG,51.0,51.0,1558.0,21.4,0.566,0.245,0.262,3.1,11.2,7.0,36.5,1.8,1.0,16.1,28.7,3.4,0.6,4.1,0.125,4.6,-0.5,4.1,2.4,ROY-1
2012-13,Kyrie Irving,20,CLE,NBA,PG,59.0,59.0,2048.0,21.4,0.553,0.261,0.271,1.8,10.8,6.1,32.7,2.3,0.8,13.8,30.2,4.2,1.1,5.3,0.125,4.3,-0.7,3.7,3.0,AS
2013-14,Kyrie Irving,21,CLE,NBA,PG,71.0,71.0,2496.0,20.1,0.533,0.278,0.273,2.3,9.5,5.8,31.6,2.2,0.8,12.1,28.2,4.6,2.1,6.7,0.128,3.6,-0.2,3.4,3.3,AS
2014-15,Kyrie Irving,22,CLE,NBA,PG,75.0,75.0,2730.0,21.5,0.583,0.306,0.296,2.3,7.5,5.0,25.0,2.2,0.6,11.8,26.2,8.4,2.0,10.4,0.183,4.4,-0.4,4.1,4.2,ASNBA3
2015-16,Kyrie Irving,23,CLE,NBA,PG,53.0,53.0,1667.0,19.9,0.54,0.298,0.217,3.0,7.6,5.3,26.6,1.7,0.9,11.4,29.5,3.2,1.7,5.0,0.143,3.2,-0.8,2.3,1.8,
2016-17,Kyrie Irving,24,CLE,NBA,PG,72.0,72.0,2525.0,23.0,0.58,0.311,0.231,2.3,7.5,5.0,29.7,1.6,0.8,10.3,30.8,7.4,1.5,8.9,0.17,4.7,-1.3,3.4,3.4,AS
2017-18,Kyrie Irving,25,BOS,NBA,PG,60.0,60.0,1931.0,25.0,0.61,0.374,0.24,1.9,10.8,6.4,30.7,1.7,0.7,10.4,31.0,6.3,2.7,8.9,0.222,6.4,0.9,7.3,4.5,AS
2018-19,Kyrie Irving,26,BOS,NBA,PG,67.0,67.0,2214.0,24.3,0.592,0.35,0.197,3.4,12.7,8.1,35.0,2.2,1.4,11.3,29.6,6.2,2.9,9.1,0.197,6.0,1.1,7.2,5.1,ASNBA2
2019-20,Kyrie Irving,27,BRK,NBA,PG,20.0,20.0,658.0,26.2,0.595,0.341,0.245,3.5,12.5,8.1,36.7,1.9,1.3,10.1,32.6,2.1,0.8,2.9,0.21,6.7,0.9,7.7,1.6,
2020-21,Kyrie Irving,28,BRK,NBA,PG,54.0,54.0,1886.0,24.4,0.614,0.348,0.201,3.2,11.4,7.5,28.6,1.9,1.7,9.9,30.4,5.8,1.6,7.4,0.189,5.7,-0.2,5.5,3.6,ASNBA3
2021-22,Kyrie Irving,29,BRK,NBA,PG,29.0,29.0,1091.0,21.4,0.592,0.388,0.209,1.6,10.8,6.3,25.2,1.8,1.4,9.8,29.4,2.4,0.9,3.3,0.147,4.2,-1.2,3.0,1.4,
2022-23,Kyrie Irving,30,2TM,NBA,SG,60.0,60.0,2241.0,22.4,0.613,0.412,0.227,3.0,12.3,7.7,25.4,1.4,1.7,8.8,28.9,5.4,2.0,7.4,0.159,4.8,-0.7,4.1,3.5,CPOY-12AS
2022-23,Kyrie Irving,30,BRK,NBA,PG,40.0,40.0,1478.0,21.6,0.604,0.425,0.219,3.0,12.3,7.8,24.1,1.4,1.9,9.2,29.7,2.9,1.4,4.3,0.14,4.6,-0.8,3.8,2.2,
2022-23,Kyrie Irving,30,DAL,NBA,SG,20.0,20.0,763.0,24.0,0.634,0.385,0.245,3.2,12.2,7.6,27.8,1.6,1.4,8.0,27.4,2.5,0.6,3.1,0.198,5.3,-0.4,4.9,1.3,
2023-24,Kyrie Irving,31,DAL,NBA,SG,58.0,58.0,2030.0,21.9,0.608,0.372,0.186,2.4,13.2,7.8,23.8,1.7,1.2,8.0,28.1,4.9,2.0,6.9,0.163,4.8,0.1,4.9,3.6,CPOY-7
2024-25,Kyrie Irving,32,DAL,NBA,SG,50.0,50.0,1804.0,19.9,0.594,0.38,0.226,3.7,10.6,7.2,20.5,1.8,1.1,9.7,27.4,3.4,1.3,4.6,0.124,3.9,-0.5,3.4,2.5,
2005-06,Chris Paul,20,NOK,NBA,PG,78,78,2808,22.1,.546,.187,.491,2.5,14.8,8.5,38.2,3.4,0.2,13.7,22.2,6.8,3.6,10.4,.178,3.0,2.2,5.2,5.1,ROY-1
2006-07,Chris Paul,21,NOK,NBA,PG,64,64,2353,22.0,.537,.164,.410,2.6,11.3,6.9,41.3,2.7,0.1,13.5,23.1,6.2,2.6,8.8,.179,3.6,1.4,5.0,4.2,
2007-08,Chris Paul,22,NOH,NBA,PG,80,80,3006,28.3,.576,.193,.302,2.4,10.3,6.2,52.2,3.9,0.1,12.1,25.7,13.2,4.6,17.8,.284,7.2,3.2,10.4,9.3,MVP-2DPOY-7ASNBA1DEF2
2008-09,Chris Paul,23,NOH,NBA,PG,78,78,3002,30.0,.599,.140,.418,2.8,14.6,8.7,54.5,3.9,0.3,13.5,27.5,13.3,5.0,18.3,.292,7.2,3.8,11.0,9.9,MVP-5DPOY-6ASNBA2DEF1
2009-10,Chris Paul,24,NOH,NBA,PG,45,45,1712,23.7,.584,.199,.298,1.3,11.9,6.5,45.4,2.9,0.4,13.5,22.2,5.7,1.5,7.3,.204,4.6,1.6,6.2,3.5,AS
2010-11,Chris Paul,25,NOH,NBA,PG,80,80,2880,23.7,.578,.197,.414,1.6,12.3,6.9,45.8,3.5,0.1,13.9,21.1,9.5,4.4,13.9,.232,4.4,2.8,7.1,6.7,MVP-13DPOY-12ASNBA3DEF2
2011-12,Chris Paul,26,LAC,NBA,PG,60,60,2181,27.0,.581,.239,.339,2.3,9.4,5.8,43.8,3.8,0.2,10.8,24.3,10.4,2.3,12.7,.278,6.7,2.4,9.2,6.1,MVP-3DPOY-12ASNBA1DEF1
2012-13,Chris Paul,27,LAC,NBA,PG,70,70,2335,26.4,.594,.271,.377,2.8,10.5,6.7,46.5,3.8,0.4,13.7,22.6,10.6,3.4,13.9,.287,6.4,2.4,8.8,6.4,MVP-4DPOY-11ASNBA1DEF1
2013-14,Chris Paul,28,LAC,NBA,PG,62,62,2171,25.9,.580,.244,.397,2.0,11.4,6.9,48.9,3.5,0.1,12.4,23.7,9.0,3.2,12.2,.270,6.0,2.6,8.6,5.8,MVP-7DPOY-13ASNBA1DEF1
2014-15,Chris Paul,29,LAC,NBA,PG,82,82,2857,26.0,.596,.298,.274,2.1,12.5,7.4,47.4,2.8,0.4,12.7,23.7,12.9,3.2,16.1,.270,6.4,1.6,8.0,7.2,MVP-6DPOY-15ASNBA2DEF1
2015-16,Chris Paul,30,LAC,NBA,PG,74,74,2420,26.2,.575,.295,.294,1.8,12.0,7.0,52.7,3.1,0.4,13.4,27.1,9.2,3.5,12.7,.253,5.9,2.0,7.9,6.0,MVP-6DPOY-13ASNBA2DEF1
2016-17,Chris Paul,31,LAC,NBA,PG,61,61,1921,26.2,.614,.385,.331,2.4,15.0,8.8,46.8,3.1,0.3,14.0,24.4,7.9,2.6,10.6,.264,6.3,2.5,8.7,5.2,DEF1
2017-18,Chris Paul,32,HOU,NBA,PG,58,58,1847,24.4,.604,.475,.277,2.3,16.7,9.5,40.9,2.6,0.6,12.5,24.5,7.5,2.7,10.2,.265,5.2,1.8,7.1,4.2,
2018-19,Chris Paul,33,HOU,NBA,PG,58,58,1857,19.7,.560,.493,.282,2.1,13.9,7.9,39.3,3.0,0.8,15.8,22.5,4.4,2.2,6.6,.172,2.7,1.1,3.9,2.8,
2019-20,Chris Paul,34,OKC,NBA,PG,70,70,2208,21.7,.610,.343,.315,1.3,15.7,8.7,34.0,2.4,0.4,13.8,23.3,5.9,3.0,8.9,.193,3.0,1.4,4.4,3.5,MVP-7ASNBA2
2020-21,Chris Paul,35,PHO,NBA,PG,70,70,2199,21.4,.599,.294,.206,1.3,14.5,8.0,40.9,2.2,0.8,14.0,22.6,6.5,2.7,9.2,.201,3.5,1.1,4.6,3.6,MVP-5ASNBA2
2021-22,Chris Paul,36,PHO,NBA,PG,65,65,2139,20.8,.581,.270,.274,1.1,12.8,7.1,44.5,2.7,0.8,15.6,19.7,5.8,3.6,9.4,.210,3.1,2.3,5.4,4.0,MVP-9ASNBA3
2022-23,Chris Paul,37,PHO,NBA,PG,59,59,1889,17.7,.555,.391,.240,1.6,13.4,7.4,38.7,2.4,1.0,13.4,19.2,3.7,2.5,6.2,.156,2.0,1.2,3.2,2.5,
2023-24,Chris Paul,38,GSW,NBA,PG,58,18,1531,14.7,.544,.450,.111,1.3,14.4,7.9,33.4,2.2,0.4,13.4,15.6,2.6,1.7,4.3,.136,-0.2,1.2,1.0,1.2,
2024-25,Chris Paul,39,SAS,NBA,PG,82,82,2292,14.7,.580,.636,.158,1.5,12.3,6.9,34.8,2.2,0.9,17.1,14.0,4.2,1.6,5.7,.120,0.3,0.5,0.8,1.6,
2010-11,Paul George,20,IND,NBA,SG,61.0,19.0,1265.0,13.0,0.542,0.349,0.256,3.3,16.3,9.8,8.3,2.5,1.5,13.7,17.8,0.5,1.9,2.4,0.091,-1.6,1.4,-0.1,0.6,
2011-12,Paul George,21,IND,NBA,SG,66.0,66.0,1958.0,16.5,0.555,0.366,0.285,3.2,17.9,10.6,13.6,2.9,1.5,14.0,19.3,2.8,3.2,6.0,0.148,1.4,2.1,3.4,2.7,
2012-13,Paul George,22,IND,NBA,SF,79.0,79.0,2972.0,16.8,0.531,0.399,0.233,3.4,19.0,11.3,19.6,2.6,1.3,15.2,23.5,2.7,6.3,9.0,0.145,1.5,2.3,3.8,4.4,DPOY-8MIP-1ASNBA3DEF2
2013-14,Paul George,23,IND,NBA,SF,80.0,80.0,2898.0,20.1,0.555,0.367,0.341,2.6,17.7,10.5,17.9,2.7,0.6,12.5,28.3,4.4,6.4,10.8,0.178,2.7,2.1,4.9,5.0,MVP-9DPOY-7ASNBA3DEF1
2014-15,Paul George,24,IND,NBA,SF,6.0,0.0,91.0,13.0,0.492,0.449,0.224,4.9,21.7,13.4,11.8,2.8,0.9,18.2,32.8,-0.2,0.2,0.0,-0.008,-2.3,0.1,-2.2,0.0,
2015-16,Paul George,25,IND,NBA,SF,81.0,81.0,2819.0,20.9,0.557,0.391,0.364,3.1,18.7,10.9,20.3,2.7,0.8,13.6,30.4,4.4,4.8,9.2,0.157,3.7,1.2,4.9,4.9,ASNBA3DEF2
2016-17,Paul George,26,IND,NBA,SF,75.0,75.0,2689.0,20.2,0.587,0.368,0.277,2.5,17.9,10.3,16.1,2.2,0.9,12.7,28.9,3.9,3.1,7.1,0.126,3.0,0.1,3.1,3.4,AS
2017-18,Paul George,27,OKC,NBA,SF,79.0,79.0,2891.0,18.7,0.57,0.454,0.307,2.7,14.9,8.6,14.5,2.8,1.2,12.2,25.7,5.0,3.9,8.9,0.147,2.3,0.6,2.9,3.6,DPOY-4ASNBA3
2018-19,Paul George,28,OKC,NBA,SF,77.0,77.0,2841.0,23.3,0.583,0.469,0.335,3.7,19.6,11.4,17.7,2.8,1.0,10.0,29.5,7.0,4.9,11.9,0.201,5.6,1.6,7.2,6.6,MVP-3DPOY-3ASNBA1DEF1
2019-20,Paul George,29,LAC,NBA,SF,48.0,48.0,1419.0,21.1,0.589,0.487,0.277,1.8,17.7,10.0,21.1,2.3,1.2,12.5,29.6,2.5,2.3,4.8,0.161,3.8,1.1,4.9,2.5,
2020-21,Paul George,30,LAC,NBA,SF,54.0,54.0,1821.0,20.5,0.598,0.437,0.239,2.9,18.9,11.1,24.6,1.7,1.2,14.5,30.0,3.0,2.3,5.3,0.139,3.9,0.3,4.2,2.9,ASNBA3
2021-22,Paul George,31,LAC,NBA,PF,31.0,31.0,1077.0,18.6,0.538,0.404,0.233,1.2,19.2,10.5,28.1,3.0,1.0,15.2,33.7,-0.6,1.9,1.3,0.057,1.8,1.9,3.7,1.6,
2022-23,Paul George,32,LAC,NBA,SF,56.0,56.0,1939.0,19.6,0.588,0.424,0.293,2.6,17.0,9.9,24.2,2.1,0.9,13.4,29.5,2.3,2.3,4.6,0.114,2.4,0.3,2.8,2.3,AS
2023-24,Paul George,33,LAC,NBA,PF,74.0,74.0,2502.0,19.3,0.613,0.476,0.235,1.7,15.3,8.8,16.1,2.2,1.3,10.1,26.6,4.4,2.8,7.3,0.14,2.9,0.2,3.2,3.3,AS
2024-25,Paul George,34,PHI,NBA,PF,41.0,41.0,1334.0,14.5,0.543,0.47,0.17,2.0,17.2,9.3,20.9,2.8,1.5,14.7,23.5,-0.2,1.2,1.0,0.036,-0.5,0.1,-0.4,0.5,
