player_id,nom,équipe,position,taille,poids,expérience (années),âge
1630173,Precious Achiuwa,Knicks,Forward,6-8,243,4,26
203500,Steven Adams,Rockets,Center,6-11,265,10,32
1628389,Bam Adebayo,Heat,Center-Forward,6-9,255,7,28
1630534,Ochai Agbaji,Raptors,Guard,6-5,215,2,25
1630583,Santi Aldama,Grizzlies,Forward-Center,7-0,215,3,24
1641725,Trey Alexander,Nuggets,Guard,6-4,185,0,22
1629638,Nickeil Alexander-Walker,Timberwolves,Guard,6-5,205,5,27
1628960,Grayson Allen,Suns,Guard,6-4,198,6,30
1628386,Jarrett Allen,Cavaliers,Center,6-9,243,7,27
1630631,Jose Alvarado,Pelicans,Guard,6-0,179,3,27
203937,Kyle Anderson,Heat,Forward-Guard,6-9,230,10,32
203507,Giannis Antetokounmpo,Bucks,Forward,6-11,243,11,31
1630175,Cole Anthony,Grizzlies,Guard,6-2,185,4,25
1628384,OG Anunoby,Knicks,Forward-Guard,6-7,240,7,28
1642379,Taran Armstrong,Warriors,Guard,6-5,190,0,23
1630166,Deni Avdija,Trail Blazers,Forward,6-9,240,4,24
1629028,Deandre Ayton,Trail Blazers,Center,7-0,252,6,27
1628963,Marvin Bagley III,Grizzlies,Forward,6-10,235,6,26
1631116,Patrick Baldwin Jr.,Clippers,Forward,6-9,220,2,23
1630163,LaMelo Ball,Hornets,Guard,6-7,180,4,24
1628366,Lonzo Ball,Bulls,Guard,6-6,190,5,28
1631094,Paolo Banchero,Magic,Forward,6-10,250,2,23
1630217,Desmond Bane,Magic,Guard,6-5,215,4,27
1630625,Dalano Banton,Trail Blazers,Forward,6-8,203,3,26
1631230,Dominick Barlow,Hawks,Forward,6-8,215,2,22
203084,Harrison Barnes,Spurs,Forward,6-8,225,12,33
1630567,Scottie Barnes,Raptors,Forward-Guard,6-7,237,3,24
1629628,RJ Barrett,Raptors,Forward-Guard,6-6,214,5,25
1629646,Charles Bassey,Spurs,Center-Forward,6-10,230,3,25
1641734,Emoni Bates,Cavaliers,Forward,6-8,202,1,21
1642419,Jamison Battle,Raptors,Forward,6-7,220,0,24
201587,Nicolas Batum,Clippers,Guard-Forward,6-8,230,16,37
1641878,Damion Baugh,Hornets,Guard,6-4,194,0,25
203078,Bradley Beal,Suns,Guard,6-4,207,12,32
1627736,Malik Beasley,Pistons,Guard,6-4,187,8,29
1630699,MarJon Beauchamp,Knicks,Forward,6-7,199,2,25
1641736,Reece Beekman,Nets,Guard,6-3,190,0,24
1630180,Saddiq Bey,Wizards,Guard-Forward,6-7,215,4,26
1629048,Goga Bitadze,Magic,Center-Forward,6-10,250,5,26
202687,Bismack Biyombo,Spurs,Center,6-8,255,13,33
1641710,Anthony Black,Magic,Guard,6-7,200,1,21
203992,Bogdan Bogdanović,Clippers,Guard,6-5,225,7,33
1629626,Bol Bol,Suns,Center-Forward,7-3,220,5,26
1641737,Adem Bona,76ers,Forward,6-10,235,0,22
1626164,Devin Booker,Suns,Guard,6-6,206,9,29
1630527,Brandon Boston,Pelicans,Guard,6-6,188,3,24
1628449,Chris Boucher,Raptors,Forward,6-9,200,7,32
1631123,Jamaree Bouyea,Bucks,Guard,6-2,180,2,26
1628396,Tony Bradley,Pacers,Center-Forward,6-11,248,6,27
1631103,Malaki Branham,Spurs,Forward,6-4,180,2,22
1631128,Christian Braun,Nuggets,Guard,6-6,220,2,24
1641779,Jalen Bridges,Suns,Forward,6-8,225,0,24
1628969,Mikal Bridges,Knicks,Guard-Forward,6-6,209,6,29
1628970,Miles Bridges,Hornets,Forward,6-7,225,5,27
1627763,Malcolm Brogdon,Wizards,Guard,6-4,229,8,33
1628415,Dillon Brooks,Rockets,Guard-Forward,6-6,225,7,29
1631232,Keion Brooks Jr.,Pelicans,Forward,6-7,210,0,25
1628971,Bruce Brown,Pelicans,Guard-Forward,6-4,202,6,29
1627759,Jaylen Brown,Celtics,Guard-Forward,6-6,223,8,29
1641738,Kobe Brown,Clippers,Forward,6-7,250,1,25
1628973,Jalen Brunson,Knicks,Guard,6-2,190,6,29
1628418,Thomas Bryant,Pacers,Center-Forward,6-10,248,7,28
1641723,Kobe Bufkin,Hawks,Guard,6-4,195,1,22
202692,Alec Burks,Heat,Guard,6-5,214,13,34
1630215,Jared Butler,76ers,Guard,6-3,193,3,25
202710,Jimmy Butler III,Warriors,Forward,6-7,230,13,36
1641824,Matas Buzelis,Bulls,Forward,6-10,209,0,21
1631288,Jamal Cain,Pelicans,Forward,6-6,191,2,26
203484,Kentavious Caldwell-Pope,Grizzlies,Guard,6-5,204,11,32
1641739,Toumani Camara,Trail Blazers,Forward,6-7,229,1,25
203991,Clint Capela,Hawks,Center,6-10,256,10,31
1642382,Branden Carlson,Thunder,Center,7-0,220,0,26
1642267,Bub Carrington,Wizards,Guard,6-4,190,0,20
1642269,Devin Carter,Kings,Guard,6-2,195,0,23
1628975,Jevon Carter,Bulls,Guard,6-1,200,6,30
1628976,Wendell Carter Jr.,Magic,Center-Forward,6-10,270,6,26
1627936,Alex Caruso,Thunder,Guard,6-5,186,7,31
1642264,Stephon Castle,Spurs,Guard,6-6,215,0,21
1630658,Colin Castleton,Raptors,Center,6-10,250,1,25
1630577,Julian Champagnie,Spurs,Forward,6-7,217,2,24
1630551,Justin Champagnie,Wizards,Guard-Forward,6-6,206,3,24
1642279,Ulrich Chomche,Raptors,Center,6-11,235,0,20
1642353,Cam Christie,Clippers,Guard,6-6,190,0,20
1631108,Max Christie,Mavericks,Guard,6-5,190,2,22
1630528,Josh Christopher,Heat,Guard,6-4,215,2,24
1631321,Sidy Cissoko,Trail Blazers,Guard,6-6,200,1,21
1641740,Jaylen Clark,Timberwolves,Guard,6-4,205,0,24
1629634,Brandon Clarke,Grizzlies,Forward,6-8,215,5,29
203903,Jordan Clarkson,Jazz,Guard,6-3,194,10,33
1629651,Nic Claxton,Nets,Center,6-11,215,5,26
1642270,Donovan Clingan,Trail Blazers,Center,7-2,280,0,21
1641730,Noah Clowney,Nets,Forward-Center,6-9,210,1,21
1629599,Amir Coffey,Clippers,Guard-Forward,6-7,210,5,28
1642268,Isaiah Collier,Jazz,Guard,6-3,210,0,21
1628381,John Collins,Jazz,Forward-Center,6-9,226,7,28
1628380,Zach Collins,Bulls,Forward-Center,6-11,250,6,28
201144,Mike Conley,Timberwolves,Guard,6-0,175,17,38
1626192,Pat Connaughton,Bucks,Guard,6-5,209,9,32
1641731,Bilal Coulibaly,Wizards,Guard,6-8,195,1,21
1641741,Ricky Council IV,76ers,Guard,6-6,207,1,24
1628470,Torrey Craig,Celtics,Forward,6-5,221,7,35
1642384,Isaiah Crawford,Kings,Forward,6-6,220,0,24
203109,Jae Crowder,Kings,Forward,6-6,235,12,35
1630595,Cade Cunningham,Pistons,Guard,6-6,220,3,24
203552,Seth Curry,Hornets,Guard,6-1,185,10,35
201939,Stephen Curry,Warriors,Guard,6-2,185,15,37
1642359,Pacôme Dadiet,Knicks,Forward,6-8,210,0,20
1630700,Dyson Daniels,Hawks,Guard,6-7,199,2,22
1642368,N'Faly Dante,Rockets,Center,6-11,230,0,24
203076,Anthony Davis,Mavericks,Forward-Center,6-10,253,12,32
1629056,Terence Davis,Kings,Guard,6-4,201,4,28
1631120,JD Davison,Celtics,Guard,6-1,195,2,23
201942,DeMar DeRozan,Kings,Guard-Forward,6-6,220,15,36
1642484,RayJ Dennis,Pacers,Guard,6-2,180,0,24
1628978,Donte DiVincenzo,Timberwolves,Guard,6-4,203,6,28
1631217,Moussa Diabaté,Hornets,Forward,6-9,210,2,23
1641711,Gradey Dick,Raptors,Guard-Forward,6-6,200,1,22
1631172,Ousmane Dieng,Thunder,Forward,6-9,185,2,22
1642265,Rob Dillingham,Timberwolves,Guard,6-3,175,0,20
203915,Spencer Dinwiddie,Mavericks,Guard,6-5,215,10,32
1629029,Luka Dončić,Lakers,Forward-Guard,6-6,230,6,26
1629652,Luguentz Dort,Thunder,Guard,6-4,220,5,26
1630245,Ayo Dosunmu,Bulls,Guard,6-5,200,3,25
1630288,Jeff Dowtin Jr.,76ers,Guard,6-3,177,3,28
203083,Andre Drummond,76ers,Center,6-11,279,12,32
1642505,Alex Ducas,Thunder,Guard,6-7,220,0,25
1630561,David Duke Jr.,Spurs,Guard,6-4,204,3,26
1627739,Kris Dunn,Clippers,Guard,6-3,205,8,31
1642346,Ryan Dunn,Suns,Forward,6-8,216,0,22
201142,Kevin Durant,Suns,Forward,6-11,240,16,37
1631105,Jalen Duren,Pistons,Center,6-10,250,2,22
1631106,Tari Eason,Rockets,Forward,6-8,215,2,24
1641744,Zach Edey,Grizzlies,Center,7-4,305,0,23
1630162,Anthony Edwards,Timberwolves,Guard,6-4,225,4,24
1642399,Jesse Edwards,Timberwolves,Center,7-0,236,0,25
1642348,Justin Edwards,76ers,Forward,6-7,203,0,22
1630556,Kessler Edwards,Mavericks,Forward,6-7,203,3,25
1631165,Keon Ellis,Kings,Guard,6-4,175,2,25
203954,Joel Embiid,76ers,Center-Forward,7-0,280,8,31
1630623,Tyson Etienne,Nets,Guard,6-2,200,0,26
1629234,Drew Eubanks,Clippers,Forward-Center,6-10,245,6,28
1641787,Tosan Evbuomwan,Nets,Forward,6-7,217,1,24
203957,Danté Exum,Mavericks,Guard,6-5,214,7,30
1642271,Kyle Filipowski,Jazz,Center,6-11,250,0,22
1627827,Dorian Finney-Smith,Lakers,Forward,6-7,220,8,32
1641745,Adam Flagler,Thunder,Guard,6-3,180,1,26
1642280,Trentyn Flowers,Clippers,Forward,6-9,185,0,20
1631323,Simone Fontecchio,Pistons,Forward,6-7,209,2,30
1628368,De'Aaron Fox,Spurs,Guard,6-3,185,7,28
1642402,Enrique Freeman,Pacers,Forward,6-7,220,0,25
1628365,Markelle Fultz,Kings,Guard,6-4,209,7,27
1642277,Johnny Furphy,Pacers,Guard,6-9,200,0,21
1629655,Daniel Gafford,Mavericks,Forward-Center,6-10,265,5,27
1629636,Darius Garland,Cavaliers,Guard,6-1,192,5,25
1630568,Luka Garza,Timberwolves,Center,6-10,243,3,27
1641718,Keyonte George,Jazz,Guard,6-4,185,1,22
1642273,Kyshawn George,Wizards,Forward,6-8,200,0,22
202331,Paul George,76ers,Forward,6-8,220,14,35
201959,Taj Gibson,Hornets,Forward,6-9,232,15,40
1630581,Josh Giddey,Bulls,Guard,6-8,216,3,23
1628983,Shai Gilgeous-Alexander,Thunder,Guard,6-6,195,6,27
1630264,Anthony Gill,Wizards,Forward,6-8,230,4,33
1631221,Collin Gillespie,Suns,Guard,6-1,195,1,26
203497,Rudy Gobert,Timberwolves,Center,7-1,258,11,33
1630692,Jordan Goodwin,Lakers,Guard,6-5,215,3,27
203932,Aaron Gordon,Nuggets,Forward,6-8,235,10,30
201569,Eric Gordon,76ers,Guard,6-3,215,16,37
203924,Jerami Grant,Trail Blazers,Forward,6-7,210,10,31
1631260,AJ Green,Bucks,Guard,6-4,190,2,26
203110,Draymond Green,Warriors,Forward,6-6,230,12,35
1630224,Jalen Green,Rockets,Guard,6-4,186,3,23
1629750,Javonte Green,Cavaliers,Guard,6-5,205,5,32
201145,Jeff Green,Rockets,Forward,6-8,235,16,39
1630182,Josh Green,Hornets,Guard,6-5,200,4,25
1629656,Quentin Grimes,76ers,Guard,6-4,210,3,25
1631243,Mouhamed Gueye,Hawks,Forward,6-10,210,1,23
1629060,Rui Hachimura,Lakers,Forward,6-8,230,5,27
1630169,Tyrese Haliburton,Pacers,Guard,6-5,185,4,25
1641790,PJ Hall,Nuggets,Center,6-10,245,0,23
203501,Tim Hardaway Jr.,Pistons,Guard-Forward,6-5,205,11,33
201935,James Harden,Clippers,Guard,6-5,220,15,36
1630702,Jaden Hardy,Mavericks,Guard,6-3,198,2,23
1641989,Elijah Harkless,Jazz,Guard,6-3,195,0,25
1631199,Ron Harper Jr.,Pistons,Guard-Forward,6-4,233,2,25
203914,Gary Harris,Magic,Guard,6-4,210,10,31
202699,Tobias Harris,Pistons,Forward,6-8,226,13,33
1628404,Josh Hart,Knicks,Guard,6-4,215,7,30
1628392,Isaiah Hartenstein,Thunder,Center-Forward,7-0,250,6,27
1630573,Sam Hauser,Celtics,Forward,6-7,217,3,28
1641722,Jordan Hawkins,Pelicans,Guard,6-5,190,1,23
1629637,Jaxson Hayes,Lakers,Center-Forward,7-0,220,5,25
1630703,Scoot Henderson,Trail Blazers,Guard,6-3,206,1,21
1641707,Taylor Hendricks,Jazz,Forward,6-9,215,1,22
1629639,Tyler Herro,Heat,Guard,6-5,195,5,25
1627741,Buddy Hield,Warriors,Guard,6-4,220,8,33
1629312,Haywood Highsmith,Heat,Forward,6-5,220,4,29
1628988,Aaron Holiday,Rockets,Guard,6-0,185,6,29
201950,Jrue Holiday,Celtics,Guard,6-4,205,15,35
1641842,Ronald Holland II,Pistons,Forward,6-8,206,0,20
1626158,Richaun Holmes,Wizards,Forward,6-9,235,9,32
1641747,DaRon Holmes II,Nuggets,Forward,6-10,225,0,23
1631096,Chet Holmgren,Thunder,Center-Forward,7-1,208,1,23
1641720,Jalen Hood-Schifino,76ers,Guard,6-5,210,1,22
201143,Al Horford,Celtics,Center-Forward,6-9,240,17,39
1629659,Talen Horton-Tucker,Bulls,Guard,6-4,234,5,25
1631216,Caleb Houstan,Magic,Guard,6-8,205,2,22
1641724,Jett Howard,Magic,Guard,6-6,215,1,22
1628989,Kevin Huerter,Bulls,Guard-Forward,6-7,198,6,27
1630643,Jay Huff,Grizzlies,Center,7-1,240,3,28
1630574,Ariel Hukporti,Knicks,Center,6-11,246,0,23
1629631,De'Andre Hunter,Cavaliers,Forward-Guard,6-8,221,5,28
1630538,Bones Hyland,Timberwolves,Guard,6-2,169,3,25
1642345,Oso Ighodaro,Suns,Forward,7-0,235,0,23
204060,Joe Ingles,Timberwolves,Forward-Guard,6-8,220,10,38
1627742,Brandon Ingram,Raptors,Forward,6-8,190,8,28
1631127,Harrison Ingram,Spurs,Forward,6-5,230,0,23
202681,Kyrie Irving,Mavericks,Guard,6-2,195,13,33
1628371,Jonathan Isaac,Magic,Forward,6-10,230,5,28
1631093,Jaden Ivey,Pistons,Guard,6-4,195,2,23
1641713,GG Jackson,Grizzlies,Forward,6-9,210,1,21
1630543,Isaiah Jackson,Pacers,Forward,6-9,205,3,23
1631245,Quenton Jackson,Pacers,Guard,6-5,173,2,27
1641748,Andre Jackson Jr.,Bucks,Guard,6-6,209,1,24
1628991,Jaren Jackson Jr.,Grizzlies,Forward-Center,6-10,242,6,26
1631218,Trayce Jackson-Davis,Warriors,Forward,6-9,245,1,25
1642355,Bronny James,Lakers,Guard,6-3,210,0,21
2544,LeBron James,Lakers,Forward,6-9,250,21,41
1631170,Jaime Jaquez Jr.,Heat,Guard,6-6,225,1,24
1629610,DaQuan Jeffries,Hornets,Guard-Forward,6-5,222,5,28
1641998,Trey Jemison III,Lakers,Center,6-11,270,1,26
1642450,Daniss Jenkins,Pistons,Guard,6-3,165,0,24
1629660,Ty Jerome,Cavaliers,Guard-Forward,6-5,195,5,28
1630198,Isaiah Joe,Thunder,Guard,6-3,165,4,26
1642358,AJ Johnson,Wizards,Guard,6-5,160,0,21
1629661,Cameron Johnson,Nets,Forward,6-8,210,5,29
1630552,Jalen Johnson,Hawks,Forward,6-8,219,3,24
201949,James Johnson,Pacers,Forward,6-7,240,15,38
1629640,Keldon Johnson,Spurs,Forward-Guard,6-5,220,5,26
1630553,Keon Johnson,Nets,Guard,6-5,185,3,23
1642352,Keshad Johnson,Heat,Forward,6-7,225,0,24
203999,Nikola Jokić,Nuggets,Center,6-11,284,9,30
1641732,Colby Jones,Wizards,Guard,6-6,207,1,23
1641794,Dillon Jones,Thunder,Forward,6-5,235,0,24
1630529,Herbert Jones,Pelicans,Forward,6-7,206,3,27
1642403,Isaac Jones,Kings,Forward,6-9,245,0,25
1630539,Kai Jones,Mavericks,Center-Forward,6-11,221,2,24
1630222,Mason Jones,Kings,Guard,6-4,200,3,27
1642461,Spencer Jones,Nuggets,Forward,6-7,225,0,24
1630200,Tre Jones,Bulls,Guard,6-1,185,4,25
1626145,Tyus Jones,Suns,Guard,6-1,196,9,29
1627884,Derrick Jones Jr.,Clippers,Forward,6-6,210,8,28
201599,DeAndre Jordan,Nuggets,Center,6-11,265,16,37
202709,Cory Joseph,Magic,Guard,6-2,200,13,34
1631107,Nikola Jović,Heat,Forward,6-10,205,2,22
1630548,Johnny Juzang,Jazz,Guard,6-5,226,2,24
1642530,Yuki Kawamura,Grizzlies,Guard,5-8,159,0,24
1628379,Luke Kennard,Grizzlies,Guard,6-5,206,7,29
1631117,Walker Kessler,Jazz,Center,7-0,245,2,24
1630296,Braxton Key,Warriors,Forward,6-8,225,3,28
1630557,Corey Kispert,Wizards,Forward,6-6,224,3,26
1628467,Maxi Kleber,Lakers,Forward,6-10,240,7,33
1641752,Bobi Klintman,Pistons,Forward,6-9,225,0,22
1642261,Dalton Knecht,Lakers,Forward,6-6,215,0,24
1628995,Kevin Knox II,Warriors,Forward,6-8,215,6,26
1642278,Tyler Kolek,Knicks,Guard,6-3,195,0,24
1631132,Christian Koloko,Lakers,Center,7-0,225,1,25
1629723,John Konchar,Grizzlies,Guard,6-5,210,5,29
1628436,Luke Kornet,Celtics,Center-Forward,7-1,250,7,30
1630249,Vít Krejčí,Hawks,Guard,6-8,195,3,25
1630228,Jonathan Kuminga,Warriors,Forward,6-7,225,3,23
1628398,Kyle Kuzma,Bucks,Forward,6-9,221,7,30
1631222,Jake LaRavia,Kings,Forward,6-7,235,2,24
203897,Zach LaVine,Kings,Guard,6-5,200,10,30
1629111,Jock Landale,Rockets,Center,6-11,255,3,30
1641796,Pelle Larsson,Heat,Guard,6-5,215,0,24
1630639,A.J. Lawson,Raptors,Guard,6-6,179,2,25
1627747,Caris LeVert,Hawks,Guard,6-6,205,8,31
1627814,Damion Lee,Suns,Guard-Forward,6-6,210,6,33
203458,Alex Len,Lakers,Center,7-0,250,11,32
202695,Kawhi Leonard,Clippers,Forward,6-7,225,12,34
1641721,Maxwell Lewis,Nets,Forward,6-7,215,1,23
1630604,E.J. Liddell,Bulls,Forward,6-6,240,1,25
203081,Damian Lillard,Bucks,Guard,6-2,195,12,35
1641726,Dereck Lively II,Mavericks,Center,7-1,230,1,21
1641753,Chris Livingston,Bucks,Forward,6-6,220,1,22
1626172,Kevon Looney,Warriors,Forward,6-9,222,9,29
201572,Brook Lopez,Bucks,Center,7-1,282,16,37
201567,Kevin Love,Heat,Forward-Center,6-8,251,16,37
200768,Kyle Lowry,76ers,Guard,6-0,196,18,39
1641754,Seth Lundy,Clippers,Guard-Forward,6-4,220,1,25
1626168,Trey Lyles,Kings,Forward,6-9,234,9,30
1630572,Sandro Mamukelashvili,Spurs,Forward-Center,6-9,240,3,26
1629611,Terance Mann,Hawks,Guard-Forward,6-5,215,5,29
1630544,Tre Mann,Hornets,Guard,6-3,178,3,24
1628374,Lauri Markkanen,Jazz,Forward-Center,7-0,240,7,28
1630230,Naji Marshall,Mavericks,Forward,6-6,220,4,27
1628997,Caleb Martin,Mavericks,Forward,6-5,205,5,30
1628998,Cody Martin,Suns,Forward,6-6,205,5,30
1641798,Jaylen Martin,Wizards,Guard,6-6,216,0,21
1630231,KJ Martin,Jazz,Forward,6-6,215,4,24
1631213,Tyrese Martin,Nets,Forward,6-6,215,1,26
1629726,Garrison Mathews,Hawks,Guard,6-6,215,5,29
1631097,Bennedict Mathurin,Pacers,Guard-Forward,6-5,210,2,23
1631255,Karlo Matković,Pelicans,Forward-Center,6-10,231,0,24
1630178,Tyrese Maxey,76ers,Guard,6-2,200,4,25
1630540,Miles McBride,Knicks,Guard,6-1,195,3,25
1642272,Jared McCain,76ers,Guard,6-3,195,0,21
1630644,Mac McClung,Magic,Guard,6-2,185,2,26
203468,CJ McCollum,Pelicans,Guard,6-3,190,11,34
204456,T.J. McConnell,Pacers,Guard,6-1,190,9,33
1641755,Kevin McCullar Jr.,Knicks,Guard,6-6,210,0,24
1630183,Jaden McDaniels,Timberwolves,Forward,6-9,185,4,25
203926,Doug McDermott,Kings,Forward,6-6,225,10,33
1631121,Bryce McGowens,Trail Blazers,Guard,6-6,190,2,23
1629162,Jordan McLaughlin,Spurs,Guard,6-0,185,5,29
1629098,Jack McVeigh,Rockets,Guard-Forward,6-8,215,0,29
1629001,De'Anthony Melton,Nets,Guard,6-3,200,6,27
1630241,Sam Merrill,Cavaliers,Guard,6-4,205,4,29
203995,Vasilije Micić,Suns,Guard,6-3,188,1,31
203114,Khris Middleton,Wizards,Forward,6-7,222,12,34
1641706,Brandon Miller,Hornets,Forward,6-7,200,1,23
1641801,Emanuel Miller,Bulls,Forward,6-7,215,0,25
1641757,Jordan Miller,Clippers,Guard,6-5,194,1,25
1631159,Leonard Miller,Timberwolves,Forward,6-10,220,1,22
201988,Patty Mills,Clippers,Guard,6-2,180,15,37
1629003,Shake Milton,Lakers,Guard,6-5,205,6,29
1631303,Justin Minaya,Trail Blazers,Forward,6-5,205,2,26
1642434,Riley Minix,Spurs,Forward,6-7,230,0,25
1631169,Josh Minott,Timberwolves,Forward,6-8,205,2,23
1642274,Yves Missi,Pelicans,Center,6-11,235,0,21
1642349,Ajay Mitchell,Thunder,Guard,6-5,190,0,23
1630558,Davion Mitchell,Heat,Guard,6-0,202,3,27
1628378,Donovan Mitchell,Cavaliers,Guard,6-3,215,7,29
1630596,Evan Mobley,Cavaliers,Center,6-11,215,3,24
1642367,Jonathan Mogbo,Raptors,Forward,6-9,225,0,24
1628370,Malik Monk,Kings,Guard,6-3,200,7,27
1630541,Moses Moody,Warriors,Guard,6-5,211,3,23
1631111,Wendell Moore Jr.,Hornets,Guard,6-5,215,2,24
1629630,Ja Morant,Grizzlies,Guard,6-2,174,5,26
202693,Markieff Morris,Lakers,Forward,6-9,245,13,36
1628420,Monté Morris,Suns,Guard,6-2,183,7,30
1630530,Trey Murphy III,Pelicans,Forward,6-8,206,3,25
1627749,Dejounte Murray,Pelicans,Guard,6-4,180,7,29
1627750,Jamal Murray,Nuggets,Guard,6-4,215,7,28
1631099,Keegan Murray,Kings,Forward,6-8,225,2,25
1631200,Kris Murray,Trail Blazers,Forward,6-8,216,1,25
1629004,Svi Mykhailiuk,Jazz,Guard-Forward,6-7,205,6,28
1631250,Pete Nance,Bucks,Forward,6-10,225,1,25
1626204,Larry Nance Jr.,Hawks,Forward-Center,6-8,245,9,32
1629614,Andrew Nembhard,Pacers,Guard-Forward,6-4,191,2,25
1630174,Aaron Nesmith,Pacers,Guard-Forward,6-6,215,4,26
1641803,Tristen Newton,Timberwolves,Guard,6-5,190,0,24
1627777,Georges Niang,Hawks,Forward,6-7,230,8,32
1630192,Zeke Nnaji,Nuggets,Forward-Center,6-9,240,4,24
1641936,Miles Norris,Celtics,Forward,6-7,220,0,25
203994,Jusuf Nurkić,Hornets,Center,7-0,290,10,31
1626220,Royce O'Neale,Suns,Forward,6-6,226,7,32
1629643,Chuma Okeke,Cavaliers,Forward,6-7,229,4,27
1629006,Josh Okogie,Hornets,Guard,6-4,213,6,27
1630168,Onyeka Okongwu,Hawks,Forward-Center,6-10,240,4,25
1630171,Isaac Okoro,Cavaliers,Forward-Guard,6-5,225,4,24
203482,Kelly Olynyk,Pelicans,Forward-Center,6-11,240,11,34
1626162,Kelly Oubre Jr.,76ers,Forward-Guard,6-8,203,9,30
101108,Chris Paul,Spurs,Guard,6-0,175,19,40
1626166,Cameron Payne,Knicks,Guard,6-3,183,9,31
203901,Elfrid Payton,Pelicans,Guard,6-3,195,8,31
1627780,Gary Payton II,Warriors,Guard,6-2,195,8,33
1641809,Drew Peterson,Celtics,Forward,6-9,205,1,26
1641763,Julian Phillips,Bulls,Forward,6-8,198,1,22
1629618,Jalen Pickett,Nuggets,Guard,6-2,202,1,26
1630590,Scotty Pippen Jr.,Grizzlies,Guard,6-1,170,2,25
1631342,Daeqwon Plowden,Hawks,Guard-Forward,6-6,216,0,27
203486,Mason Plumlee,Suns,Forward-Center,6-10,254,11,35
1641764,Brandin Podziemski,Warriors,Guard,6-4,205,1,22
1627751,Jakob Poeltl,Raptors,Center,7-0,260,8,30
1629673,Jordan Poole,Wizards,Guard,6-4,194,5,26
1641854,Craig Porter Jr.,Cavaliers,Guard,6-1,180,1,25
1629645,Kevin Porter Jr.,Bucks,Guard-Forward,6-4,203,4,25
1629008,Michael Porter Jr.,Nuggets,Forward,6-10,218,5,27
1626171,Bobby Portis,Bucks,Forward,6-10,250,9,30
204001,Kristaps Porziņģis,Celtics,Forward-Center,7-2,240,8,30
1642366,Quinten Post,Warriors,Center,7-0,238,0,25
1630695,Micah Potter,Jazz,Center,6-9,248,3,27
203939,Dwight Powell,Mavericks,Forward-Center,6-10,240,10,34
1626181,Norman Powell,Clippers,Guard,6-4,215,9,32
1627752,Taurean Prince,Bucks,Forward,6-6,218,8,31
1630202,Payton Pritchard,Celtics,Guard,6-1,195,4,27
1641765,Olivier-Maxence Prosper,Mavericks,Forward,6-7,230,1,23
1642389,Zyon Pullin,Grizzlies,Guard,6-4,206,0,24
1630243,Trevelin Queen,Magic,Guard,6-5,190,3,28
1629674,Neemias Queta,Celtics,Center,7-0,248,3,26
1630193,Immanuel Quickley,Raptors,Guard,6-2,190,4,26
1631311,Lester Quinones,Pelicans,Guard,6-4,208,2,25
203944,Julius Randle,Timberwolves,Forward-Center,6-9,250,10,31
1641871,Duop Reath,Trail Blazers,Center,6-9,245,1,29
1630559,Austin Reaves,Lakers,Guard,6-5,197,3,27
1630194,Paul Reed,Pistons,Forward,6-9,210,4,26
1642024,Alex Reese,76ers,Forward-Center,6-9,245,0,26
1641810,Antonio Reeves,Pelicans,Guard,6-5,205,0,23
1629675,Naz Reid,Timberwolves,Center-Forward,6-9,264,5,26
1631197,Jared Rhoden,Raptors,Guard,6-5,210,2,26
1630208,Nick Richards,Suns,Center,7-0,245,4,28
1642258,Zaccharie Risacher,Hawks,Forward,6-8,200,0,20
1629130,Duncan Robinson,Heat,Forward,6-7,215,6,31
1629011,Mitchell Robinson,Knicks,Center-Forward,7-0,240,6,27
1630526,Jeremiah Robinson-Earl,Pelicans,Forward,6-8,240,3,25
1631223,David Roddy,Rockets,Forward,6-4,255,2,24
1631157,Ryan Rollins,Bucks,Guard,6-3,180,2,23
1642050,Jackson Rowe,Warriors,Forward,6-7,210,0,28
1626179,Terry Rozier,Heat,Guard,6-1,190,9,31
1641712,Rayan Rupert,Trail Blazers,Guard-Forward,6-6,195,1,21
1626156,D'Angelo Russell,Nets,Guard,6-3,193,9,29
1627734,Domantas Sabonis,Kings,Forward-Center,6-10,240,8,29
1642275,Tidjane Salaün,Hornets,Forward,6-8,207,0,20
1630611,Gui Santos,Warriors,Forward,6-6,185,1,23
1642259,Alex Sarr,Wizards,Center,7-0,205,0,20
1631204,Marcus Sasser,Pistons,Guard,6-2,195,1,25
1631248,Baylor Scheierman,Celtics,Guard,6-6,205,0,25
203471,Dennis Schröder,Pistons,Guard,6-1,175,11,32
1630578,Alperen Sengun,Rockets,Center,6-11,243,3,23
1641729,Brice Sensabaugh,Jazz,Forward,6-5,235,1,22
1629012,Collin Sexton,Jazz,Guard,6-3,190,6,26
1629013,Landry Shamet,Knicks,Guard,6-4,190,6,28
1630545,Terrence Shannon Jr.,Timberwolves,Guard-Forward,6-6,215,0,25
1630549,Day'Ron Sharpe,Nets,Center,6-9,265,3,24
1631101,Shaedon Sharpe,Trail Blazers,Guard,6-5,208,2,22
1642347,Jamal Shead,Raptors,Guard,6-1,200,0,23
1641767,Ben Sheppard,Pacers,Guard,6-6,190,1,24
1642263,Reed Sheppard,Rockets,Guard,6-2,185,0,21
1627783,Pascal Siakam,Pacers,Forward,6-8,245,8,31
1627732,Ben Simmons,Clippers,Guard-Forward,6-10,240,6,29
1629014,Anfernee Simons,Trail Blazers,Guard,6-3,200,6,26
1642354,KJ Simpson,Hornets,Guard,6-0,189,0,23
1630579,Jericho Sims,Bucks,Center,6-10,250,3,27
203935,Marcus Smart,Wizards,Guard,6-3,220,10,31
1630696,Dru Smith,Heat,Guard,6-2,203,2,28
1630188,Jalen Smith,Bulls,Forward-Center,6-9,215,4,25
1642449,Tolu Smith,Pistons,Forward,6-11,,0,25
1641890,Tyler Smith,Bucks,Forward,6-9,224,0,21
1631095,Jabari Smith Jr.,Rockets,Forward,6-10,220,2,22
1641733,Nick Smith Jr.,Hornets,Guard,6-2,185,1,21
1631110,Jeremy Sochan,Spurs,Forward,6-8,230,2,22
1642285,Cam Spencer,Grizzlies,Guard,6-4,205,0,25
1630311,Pat Spencer,Warriors,Guard,6-3,205,1,29
1630531,Jaden Springer,Jazz,Guard,6-4,202,3,23
1641815,Isaiah Stevens,Heat,Guard,6-0,185,0,25
1630205,Lamar Stevens,Grizzlies,Forward,6-7,230,4,28
1630191,Isaiah Stewart,Pistons,Forward-Center,6-8,250,4,24
1631124,Julian Strawther,Nuggets,Guard,6-6,205,1,23
1629622,Max Strus,Cavaliers,Guard-Forward,6-5,215,5,29
1630591,Jalen Suggs,Magic,Guard,6-5,205,3,24
1630256,Jae'Sean Tate,Rockets,Forward,6-4,230,4,30
1628369,Jayson Tatum,Celtics,Forward-Guard,6-8,210,7,27
202066,Garrett Temple,Raptors,Guard-Forward,6-5,195,14,39
1631207,Dalen Terry,Bulls,Forward,6-7,195,2,23
1630560,Cam Thomas,Nets,Guard,6-3,210,3,24
1641708,Amen Thompson,Rockets,Guard-Forward,6-7,200,1,22
1641709,Ausar Thompson,Pistons,Guard-Forward,6-6,205,1,22
1630679,Ethan Thompson,Magic,Guard,6-5,195,0,26
202691,Klay Thompson,Mavericks,Guard,6-5,220,11,35
202684,Tristan Thompson,Cavaliers,Center-Forward,6-9,254,13,34
1630550,JT Thor,Wizards,Forward,6-9,203,3,23
1629680,Matisse Thybulle,Trail Blazers,Guard-Forward,6-5,201,5,28
1630214,Xavier Tillman,Celtics,Forward,6-7,245,4,26
1631166,Drew Timme,Nets,Forward,6-10,235,0,25
1641772,Nae'Qwan Tomlin,Cavaliers,Forward,6-10,210,0,25
1642260,Nikola Topić,Thunder,Guard,6-6,200,0,20
1631210,Jacob Toppin,Hawks,Forward,6-8,200,1,25
1630167,Obi Toppin,Pacers,Forward,6-9,220,4,27
1626157,Karl-Anthony Towns,Knicks,Center-Forward,7-0,248,9,30
1631247,Luke Travers,Cavaliers,Forward,6-7,207,0,24
1629018,Gary Trent Jr.,Bucks,Guard,6-5,204,6,26
1631131,Oscar Tshiebwe,Jazz,Forward-Center,6-8,255,1,26
200782,P.J. Tucker,Knicks,Forward,6-5,245,13,40
1626167,Myles Turner,Pacers,Center-Forward,6-11,250,9,29
1641816,Hunter Tyson,Nuggets,Forward,6-8,215,1,25
1642281,Jaylon Tyson,Cavaliers,Guard-Forward,6-6,215,0,23
1630649,Stanley Umude,Bucks,Guard,6-6,210,2,26
202685,Jonas Valančiūnas,Kings,Center,6-11,265,12,33
1627832,Fred VanVleet,Rockets,Guard,6-0,197,8,31
1629020,Jarred Vanderbilt,Lakers,Forward,6-8,214,6,26
1630170,Devin Vassell,Spurs,Guard-Forward,6-5,200,4,25
1629216,Gabe Vincent,Lakers,Guard,6-2,200,5,29
1641774,Tristan Vukcevic,Wizards,Forward,7-0,220,1,22
202696,Nikola Vučević,Bulls,Center,6-10,260,13,35
1629731,Dean Wade,Cavaliers,Forward-Center,6-9,228,5,29
1630532,Franz Wagner,Magic,Forward,6-10,220,3,24
1629021,Moritz Wagner,Magic,Forward-Center,6-11,245,6,28
1631133,Jabari Walker,Trail Blazers,Forward,6-7,237,2,23
1641716,Jarace Walker,Pacers,Forward,6-7,235,1,22
1629022,Lonnie Walker IV,76ers,Guard-Forward,6-4,204,6,27
1641717,Cason Wallace,Thunder,Guard,6-3,195,1,22
1630811,Keaton Wallace,Hawks,Guard,6-3,185,0,26
1641775,Jordan Walsh,Celtics,Guard,6-6,205,1,21
1642266,Ja'Kobe Walter,Raptors,Guard,6-5,180,0,21
1642276,Kel'el Ware,Heat,Center,7-0,230,0,21
1629023,P.J. Washington,Mavericks,Forward,6-6,230,5,27
1631102,TyTy Washington Jr.,Suns,Guard,6-3,195,2,24
1630322,Lindy Waters III,Pistons,Forward,6-6,210,3,28
1630570,Trendon Watford,Nets,Guard-Forward,6-8,237,3,25
1641817,Anton Watson,Knicks,Forward,6-8,225,0,25
1631212,Peyton Watson,Nuggets,Guard,6-7,200,2,23
1642377,Jaylen Wells,Grizzlies,Forward,6-8,,0,22
1641705,Victor Wembanyama,Spurs,Forward-Center,7-3,235,1,21
1631104,Blake Wesley,Spurs,Guard,6-3,185,2,22
201566,Russell Westbrook,Nuggets,Guard,6-4,200,16,37
1629632,Coby White,Bulls,Guard,6-5,195,5,25
1628401,Derrick White,Celtics,Guard,6-4,190,7,31
1641727,Dariq Whitehead,Nets,Guard-Forward,6-6,220,1,21
1641715,Cam Whitmore,Rockets,Forward,6-7,230,1,21
1630598,Aaron Wiggins,Thunder,Guard,6-5,190,3,26
203952,Andrew Wiggins,Heat,Forward,6-7,197,10,30
1630314,Brandon Williams,Mavericks,Guard,6-1,190,2,26
1642262,Cody Williams,Jazz,Forward,6-7,190,0,21
1629684,Grant Williams,Hornets,Forward,6-6,236,5,27
1631114,Jalen Williams,Thunder,Guard-Forward,6-5,211,2,24
1631119,Jaylin Williams,Thunder,Forward,6-9,240,2,23
1629026,Kenrich Williams,Thunder,Guard-Forward,6-6,210,6,31
1631109,Mark Williams,Hornets,Center,7-0,240,2,24
1631466,Nate Williams,Rockets,Guard,6-5,205,2,26
1630172,Patrick Williams,Bulls,Forward,6-7,215,4,24
1630533,Ziaire Williams,Nets,Forward,6-9,185,3,24
1629057,Robert Williams III,Trail Blazers,Center-Forward,6-9,249,6,28
1631246,Vince Williams Jr.,Grizzlies,Guard,6-4,205,2,25
1629627,Zion Williamson,Pelicans,Forward,6-6,284,4,25
1630592,Jalen Wilson,Nets,Forward,6-6,220,1,25
1626153,Delon Wright,Knicks,Guard,6-5,185,9,33
1627824,Guerschon Yabusele,76ers,Forward,6-8,265,2,30
1642443,Jahmir Young,Bulls,Guard,6-1,185,0,25
1629027,Trae Young,Hawks,Guard,6-1,164,6,27
1627826,Ivica Zubac,Clippers,Center,7-0,240,8,28
1641783,Tristan da Silva,Magic,Forward,6-8,217,0,24
1628427,Vlatko Čančar,Nuggets,Forward,6-8,236,4,28
203967,Dario Šarić,Nuggets,Forward-Center,6-10,225,7,31
